
Structural Optimization MTOP assignment
Repository root: C:\Users\campa\Desktop\Structural-Optimization-LUKASTIEBERT
Results folder:  C:\Users\campa\Desktop\Structural-Optimization-LUKASTIEBERT\matlab\results
Figures folder:  C:\Users\campa\Desktop\Structural-Optimization-LUKASTIEBERT\matlab\figures

Core parameters
  Volume fraction: 0.500
  Penalization:    3.000
  Classical mesh:  600 x 200
  MTOP FE mesh:    120 x 40
  MTOP density:    5 x 5 per FE

Planned experiments
 1. classical_oc_sensitivity       | classical | oc  | sensitivity | FE  600 x 200  | density  600 x 200 
 2. mtop_oc_sensitivity            | mtop      | oc  | sensitivity | FE  120 x 40   | density  600 x 200 
 3. classical_oc_density           | classical | oc  | density     | FE  600 x 200  | density  600 x 200 
 4. mtop_oc_density                | mtop      | oc  | density     | FE  120 x 40   | density  600 x 200 
 5. mtop_mma_sensitivity           | mtop      | mma | sensitivity | FE  120 x 40   | density  600 x 200 
 6. mtop_mma_density               | mtop      | mma | density     | FE  120 x 40   | density  600 x 200 
 7. mtop_mma_heaviside_eta_030     | mtop      | mma | heaviside   | FE  120 x 40   | density  600 x 200 
 8. mtop_mma_heaviside_eta_050     | mtop      | mma | heaviside   | FE  120 x 40   | density  600 x 200 
 9. mtop_mma_heaviside_eta_070     | mtop      | mma | heaviside   | FE  120 x 40   | density  600 x 200 

Executing implemented assignment steps.

Sensitivity verification
  Classical OC formulation
    Compliance:                       891.391332
    Max abs FD error in dC/drho:      2.481e-04
    Max rel FD error in dC/drho:      5.656e-07
    Max abs FD error in dV/drho:      5.260e-11
  MTOP formulation (per-cell sensitivity)
    Compliance:                       939.501006
    Max abs FD error in dC/drho:      3.239e-04
    Max rel FD error in dC/drho:      1.103e-05
    Max abs FD error in dV/drho:      1.432e-11
  Heaviside chain (filter + projection + MTOP)
    beta = 8.00, eta = 0.50
    Compliance:                       955.890206
    Max abs FD error in dC/dx:        3.972e-04
    Max rel FD error in dC/dx:        5.354e-06
Saved sensitivity verification report:
  C:\Users\campa\Desktop\Structural-Optimization-LUKASTIEBERT\matlab\results\sensitivity_verification.mat

Running assignment step 1: classical OC sensitivity baseline
  Mesh:          600 x 200 elements
  Volume target: 0.5000
  Penalization:  3.0000
  Filter radius: 24.0000 elements

[09:02:14] iter:    1 | change:   0.20000 | c:   1071.08672 | v:   0.50000 | time:      2.71 s
[09:02:17] iter:    2 | change:   0.20000 | c:    606.15872 | v:   0.49998 | time:      5.81 s
[09:02:19] iter:    3 | change:   0.20000 | c:    427.72700 | v:   0.49993 | time:      8.31 s
[09:02:22] iter:    4 | change:   0.20000 | c:    358.93214 | v:   0.50006 | time:     10.74 s
[09:02:24] iter:    5 | change:   0.14348 | c:    339.88879 | v:   0.50003 | time:     13.13 s
[09:02:27] iter:    6 | change:   0.17607 | c:    329.55779 | v:   0.50003 | time:     15.74 s
[09:02:29] iter:    7 | change:   0.12367 | c:    321.86609 | v:   0.50022 | time:     18.25 s
[09:02:32] iter:    8 | change:   0.15683 | c:    315.34568 | v:   0.50004 | time:     20.77 s
[09:02:35] iter:    9 | change:   0.11977 | c:    309.03782 | v:   0.49993 | time:     23.61 s
[09:02:38] iter:   10 | change:   0.13777 | c:    303.00535 | v:   0.49985 | time:     26.55 s
[09:02:40] iter:   11 | change:   0.11364 | c:    297.16815 | v:   0.50010 | time:     29.24 s
[09:02:43] iter:   12 | change:   0.12359 | c:    292.32958 | v:   0.50001 | time:     32.01 s
[09:02:46] iter:   13 | change:   0.10605 | c:    286.73005 | v:   0.50022 | time:     34.85 s
[09:02:49] iter:   14 | change:   0.12047 | c:    281.17229 | v:   0.49986 | time:     37.78 s
[09:02:51] iter:   15 | change:   0.11233 | c:    273.85366 | v:   0.49995 | time:     40.44 s
[09:02:54] iter:   16 | change:   0.12708 | c:    265.98600 | v:   0.49994 | time:     43.04 s
[09:02:57] iter:   17 | change:   0.10597 | c:    257.61362 | v:   0.49992 | time:     45.77 s
[09:03:00] iter:   18 | change:   0.12318 | c:    249.20289 | v:   0.50003 | time:     48.66 s
[09:03:03] iter:   19 | change:   0.11090 | c:    241.54873 | v:   0.49987 | time:     52.13 s
[09:03:06] iter:   20 | change:   0.08465 | c:    234.85386 | v:   0.50001 | time:     55.01 s
[09:03:09] iter:   21 | change:   0.06450 | c:    230.74101 | v:   0.49991 | time:     57.80 s
[09:03:12] iter:   22 | change:   0.04306 | c:    228.78305 | v:   0.50006 | time:     60.78 s
[09:03:15] iter:   23 | change:   0.02782 | c:    228.07137 | v:   0.50008 | time:     63.78 s
[09:03:17] iter:   24 | change:   0.02583 | c:    227.67148 | v:   0.50007 | time:     66.50 s
[09:03:20] iter:   25 | change:   0.02573 | c:    227.45478 | v:   0.50001 | time:     69.37 s
[09:03:24] iter:   26 | change:   0.02507 | c:    227.34193 | v:   0.49989 | time:     72.80 s
[09:03:26] iter:   27 | change:   0.02519 | c:    227.18479 | v:   0.49989 | time:     75.50 s
[09:03:29] iter:   28 | change:   0.02416 | c:    226.92461 | v:   0.50010 | time:     78.27 s
[09:03:32] iter:   29 | change:   0.02400 | c:    226.85803 | v:   0.50008 | time:     81.23 s
[09:03:35] iter:   30 | change:   0.02350 | c:    226.75369 | v:   0.50011 | time:     84.04 s
[09:03:38] iter:   31 | change:   0.02314 | c:    226.70299 | v:   0.50008 | time:     87.02 s
[09:03:41] iter:   32 | change:   0.02275 | c:    226.63850 | v:   0.50007 | time:     89.80 s
[09:03:44] iter:   33 | change:   0.02232 | c:    226.59897 | v:   0.50003 | time:     92.54 s
[09:03:46] iter:   34 | change:   0.02199 | c:    226.55221 | v:   0.49999 | time:     95.15 s
[09:03:49] iter:   35 | change:   0.02159 | c:    226.51708 | v:   0.49994 | time:     97.87 s
[09:03:52] iter:   36 | change:   0.02196 | c:    226.48088 | v:   0.49989 | time:    100.58 s
[09:03:54] iter:   37 | change:   0.02087 | c:    226.29445 | v:   0.50007 | time:    103.43 s
[09:03:57] iter:   38 | change:   0.02070 | c:    226.28186 | v:   0.50002 | time:    106.13 s
[09:04:00] iter:   39 | change:   0.02029 | c:    226.21922 | v:   0.50003 | time:    109.44 s
[09:04:03] iter:   40 | change:   0.02000 | c:    226.19609 | v:   0.49998 | time:    112.20 s
[09:04:06] iter:   41 | change:   0.01966 | c:    226.15499 | v:   0.49995 | time:    115.09 s
[09:04:09] iter:   42 | change:   0.02010 | c:    226.13008 | v:   0.49990 | time:    117.79 s
[09:04:12] iter:   43 | change:   0.01903 | c:    225.94442 | v:   0.50009 | time:    120.55 s
[09:04:14] iter:   44 | change:   0.01891 | c:    225.94065 | v:   0.50004 | time:    123.32 s
[09:04:17] iter:   45 | change:   0.01855 | c:    225.88207 | v:   0.50005 | time:    125.99 s
[09:04:20] iter:   46 | change:   0.01825 | c:    225.86859 | v:   0.50001 | time:    128.73 s
[09:04:22] iter:   47 | change:   0.01799 | c:    225.83260 | v:   0.49998 | time:    131.47 s
[09:04:25] iter:   48 | change:   0.01768 | c:    225.81661 | v:   0.49994 | time:    134.23 s
[09:04:28] iter:   49 | change:   0.01822 | c:    225.78991 | v:   0.49990 | time:    137.12 s
[09:04:31] iter:   50 | change:   0.01713 | c:    225.62213 | v:   0.50008 | time:    139.86 s
[09:04:34] iter:   51 | change:   0.01709 | c:    225.61700 | v:   0.50005 | time:    142.77 s
[09:04:37] iter:   52 | change:   0.01672 | c:    225.56671 | v:   0.50006 | time:    145.59 s
[09:04:39] iter:   53 | change:   0.01656 | c:    225.55404 | v:   0.50003 | time:    148.43 s
[09:04:42] iter:   54 | change:   0.01622 | c:    225.52272 | v:   0.50002 | time:    151.37 s
[09:04:45] iter:   55 | change:   0.01611 | c:    225.50855 | v:   0.49998 | time:    154.22 s
[09:04:48] iter:   56 | change:   0.01575 | c:    225.48430 | v:   0.49995 | time:    157.18 s
[09:04:51] iter:   57 | change:   0.01644 | c:    225.46933 | v:   0.49991 | time:    159.87 s
[09:04:54] iter:   58 | change:   0.01530 | c:    225.29810 | v:   0.50011 | time:    162.70 s
[09:04:57] iter:   59 | change:   0.01540 | c:    225.30060 | v:   0.50008 | time:    165.52 s
[09:04:59] iter:   60 | change:   0.01498 | c:    225.25227 | v:   0.50011 | time:    168.36 s
[09:05:02] iter:   61 | change:   0.01488 | c:    225.24665 | v:   0.50008 | time:    171.12 s
[09:05:05] iter:   62 | change:   0.01460 | c:    225.21947 | v:   0.50007 | time:    173.85 s
[09:05:08] iter:   63 | change:   0.01443 | c:    225.21117 | v:   0.50004 | time:    176.71 s
[09:05:10] iter:   64 | change:   0.01423 | c:    225.19267 | v:   0.50002 | time:    179.49 s
[09:05:13] iter:   65 | change:   0.01401 | c:    225.18316 | v:   0.49999 | time:    182.21 s
[09:05:16] iter:   66 | change:   0.01387 | c:    225.16890 | v:   0.49996 | time:    184.97 s
[09:05:19] iter:   67 | change:   0.01364 | c:    225.15857 | v:   0.49993 | time:    187.71 s
[09:05:21] iter:   68 | change:   0.01428 | c:    225.14613 | v:   0.49991 | time:    190.39 s
[09:05:24] iter:   69 | change:   0.01331 | c:    224.98736 | v:   0.50010 | time:    193.03 s
[09:05:27] iter:   70 | change:   0.01288 | c:    224.98998 | v:   0.50009 | time:    196.10 s
[09:05:30] iter:   71 | change:   0.01386 | c:    225.09685 | v:   0.49990 | time:    198.85 s
[09:05:33] iter:   72 | change:   0.01274 | c:    224.92883 | v:   0.50009 | time:    201.62 s
[09:05:35] iter:   73 | change:   0.01280 | c:    224.95128 | v:   0.50005 | time:    204.27 s
[09:05:38] iter:   74 | change:   0.01256 | c:    224.90662 | v:   0.50008 | time:    206.98 s
[09:05:41] iter:   75 | change:   0.01241 | c:    224.90939 | v:   0.50005 | time:    209.64 s
[09:05:44] iter:   76 | change:   0.01227 | c:    224.88473 | v:   0.50005 | time:    212.99 s
[09:05:47] iter:   77 | change:   0.01211 | c:    224.88107 | v:   0.50002 | time:    215.95 s
[09:05:50] iter:   78 | change:   0.01196 | c:    224.86491 | v:   0.50001 | time:    218.93 s
[09:05:53] iter:   79 | change:   0.01183 | c:    224.85969 | v:   0.49999 | time:    221.61 s
[09:05:55] iter:   80 | change:   0.01166 | c:    224.84874 | v:   0.49997 | time:    224.31 s
[09:05:58] iter:   81 | change:   0.01153 | c:    224.84318 | v:   0.49995 | time:    226.95 s
[09:06:01] iter:   82 | change:   0.01140 | c:    224.83477 | v:   0.49993 | time:    229.65 s
[09:06:03] iter:   83 | change:   0.01125 | c:    224.82898 | v:   0.49991 | time:    232.37 s
[09:06:06] iter:   84 | change:   0.01191 | c:    224.82203 | v:   0.49989 | time:    235.11 s
[09:06:09] iter:   85 | change:   0.01100 | c:    224.67004 | v:   0.50010 | time:    237.88 s
[09:06:12] iter:   86 | change:   0.01070 | c:    224.67677 | v:   0.50009 | time:    240.65 s
[09:06:14] iter:   87 | change:   0.01079 | c:    224.78700 | v:   0.49991 | time:    243.41 s
[09:06:17] iter:   88 | change:   0.01134 | c:    224.77338 | v:   0.49989 | time:    246.27 s
[09:06:20] iter:   89 | change:   0.01047 | c:    224.63994 | v:   0.50006 | time:    249.21 s
[09:06:23] iter:   90 | change:   0.01046 | c:    224.64486 | v:   0.50006 | time:    252.14 s
[09:06:26] iter:   91 | change:   0.01030 | c:    224.61538 | v:   0.50009 | time:    254.81 s
[09:06:29] iter:   92 | change:   0.01019 | c:    224.61388 | v:   0.50008 | time:    257.64 s
[09:06:31] iter:   93 | change:   0.01006 | c:    224.59908 | v:   0.50009 | time:    260.42 s
[09:06:34] iter:   94 | change:   0.00995 | c:    224.59610 | v:   0.50007 | time:    263.23 s

Saved step 1 result data:
  C:\Users\campa\Desktop\Structural-Optimization-LUKASTIEBERT\matlab\results\classical_oc_sensitivity.mat
  C:\Users\campa\Desktop\Structural-Optimization-LUKASTIEBERT\matlab\results\classical_oc_sensitivity_history.csv
  C:\Users\campa\Desktop\Structural-Optimization-LUKASTIEBERT\matlab\results\classical_oc_sensitivity_summary.txt
Saved step 1 figures in:
  C:\Users\campa\Desktop\Structural-Optimization-LUKASTIEBERT\matlab\figures

Step 1 completed.
  Iterations:       94
  Elapsed time [s]: 263.23
  Compliance:       224.596097
  Volume fraction:  0.500074

Running assignment step 2: MTOP OC sensitivity baseline
  FE mesh:       120 x 40 elements
  Density mesh:  600 x 200 cells
  Cells per FE:  5 x 5
  Volume target: 0.5000
  Penalization:  3.0000
  Filter radius: 24.0000 density cells

[09:06:56] iter:    1 | change:   0.20000 | c:   1027.43234 | v:   0.50000 | time:      0.17 s
[09:06:56] iter:    2 | change:   0.20000 | c:    589.80942 | v:   0.49997 | time:      0.33 s
[09:06:57] iter:    3 | change:   0.20000 | c:    419.00322 | v:   0.50015 | time:      0.46 s
[09:06:57] iter:    4 | change:   0.20000 | c:    352.59315 | v:   0.50022 | time:      0.59 s
[09:06:57] iter:    5 | change:   0.14253 | c:    333.97338 | v:   0.49994 | time:      0.74 s
[09:06:57] iter:    6 | change:   0.17378 | c:    323.48003 | v:   0.50007 | time:      0.87 s
[09:06:57] iter:    7 | change:   0.12269 | c:    315.87168 | v:   0.50019 | time:      1.00 s
[09:06:57] iter:    8 | change:   0.15323 | c:    309.31442 | v:   0.50004 | time:      1.13 s
[09:06:57] iter:    9 | change:   0.11706 | c:    303.07136 | v:   0.49988 | time:      1.26 s
[09:06:58] iter:   10 | change:   0.13337 | c:    296.98800 | v:   0.49985 | time:      1.39 s
[09:06:58] iter:   11 | change:   0.10991 | c:    291.24898 | v:   0.50006 | time:      1.52 s
[09:06:58] iter:   12 | change:   0.11891 | c:    286.33224 | v:   0.50007 | time:      1.65 s
[09:06:58] iter:   13 | change:   0.10189 | c:    280.85486 | v:   0.50021 | time:      1.78 s
[09:06:58] iter:   14 | change:   0.11586 | c:    275.19857 | v:   0.49998 | time:      1.91 s
[09:06:58] iter:   15 | change:   0.11127 | c:    268.01468 | v:   0.50002 | time:      2.04 s
[09:06:58] iter:   16 | change:   0.12304 | c:    260.03276 | v:   0.50016 | time:      2.17 s
[09:06:58] iter:   17 | change:   0.10371 | c:    251.80005 | v:   0.50007 | time:      2.30 s
[09:06:59] iter:   18 | change:   0.12150 | c:    243.75233 | v:   0.49981 | time:      2.43 s
[09:06:59] iter:   19 | change:   0.11196 | c:    235.98630 | v:   0.49978 | time:      2.55 s
[09:06:59] iter:   20 | change:   0.08604 | c:    229.21525 | v:   0.50004 | time:      2.69 s
[09:06:59] iter:   21 | change:   0.06466 | c:    225.09270 | v:   0.49996 | time:      2.82 s
[09:06:59] iter:   22 | change:   0.04235 | c:    223.12852 | v:   0.50010 | time:      2.96 s
[09:06:59] iter:   23 | change:   0.02738 | c:    222.56277 | v:   0.49991 | time:      3.09 s
[09:06:59] iter:   24 | change:   0.02577 | c:    222.14014 | v:   0.49990 | time:      3.22 s
[09:07:00] iter:   25 | change:   0.02564 | c:    221.79197 | v:   0.50003 | time:      3.37 s
[09:07:00] iter:   26 | change:   0.02524 | c:    221.69736 | v:   0.49991 | time:      3.51 s
[09:07:00] iter:   27 | change:   0.02453 | c:    221.51433 | v:   0.49996 | time:      3.65 s
[09:07:00] iter:   28 | change:   0.02434 | c:    221.41696 | v:   0.49994 | time:      3.78 s
[09:07:00] iter:   29 | change:   0.02388 | c:    221.31695 | v:   0.49994 | time:      3.90 s
[09:07:00] iter:   30 | change:   0.02353 | c:    221.25059 | v:   0.49991 | time:      4.02 s
[09:07:00] iter:   31 | change:   0.02385 | c:    221.18621 | v:   0.49989 | time:      4.14 s
[09:07:00] iter:   32 | change:   0.02270 | c:    220.98239 | v:   0.50008 | time:      4.26 s
[09:07:01] iter:   33 | change:   0.02252 | c:    220.95725 | v:   0.50004 | time:      4.38 s
[09:07:01] iter:   34 | change:   0.02206 | c:    220.88380 | v:   0.50005 | time:      4.51 s
[09:07:01] iter:   35 | change:   0.02170 | c:    220.85347 | v:   0.50001 | time:      4.64 s
[09:07:01] iter:   36 | change:   0.02130 | c:    220.80706 | v:   0.49999 | time:      4.78 s
[09:07:01] iter:   37 | change:   0.02100 | c:    220.77672 | v:   0.49994 | time:      4.91 s
[09:07:01] iter:   38 | change:   0.02133 | c:    220.73975 | v:   0.49990 | time:      5.04 s
[09:07:01] iter:   39 | change:   0.02025 | c:    220.55826 | v:   0.50007 | time:      5.15 s
[09:07:01] iter:   40 | change:   0.02016 | c:    220.54438 | v:   0.50003 | time:      5.27 s
[09:07:02] iter:   41 | change:   0.01972 | c:    220.48415 | v:   0.50004 | time:      5.40 s
[09:07:02] iter:   42 | change:   0.01944 | c:    220.46149 | v:   0.49999 | time:      5.54 s
[09:07:02] iter:   43 | change:   0.01913 | c:    220.42311 | v:   0.49997 | time:      5.67 s
[09:07:02] iter:   44 | change:   0.01956 | c:    220.40149 | v:   0.49992 | time:      5.81 s
[09:07:02] iter:   45 | change:   0.01849 | c:    220.22106 | v:   0.50010 | time:      5.93 s
[09:07:02] iter:   46 | change:   0.01842 | c:    220.21891 | v:   0.50006 | time:      6.06 s
[09:07:02] iter:   47 | change:   0.01800 | c:    220.16261 | v:   0.50007 | time:      6.19 s
[09:07:02] iter:   48 | change:   0.01779 | c:    220.15031 | v:   0.50003 | time:      6.31 s
[09:07:03] iter:   49 | change:   0.01746 | c:    220.11573 | v:   0.50001 | time:      6.44 s
[09:07:03] iter:   50 | change:   0.01726 | c:    220.10096 | v:   0.49997 | time:      6.57 s
[09:07:03] iter:   51 | change:   0.01696 | c:    220.07503 | v:   0.49993 | time:      6.69 s
[09:07:03] iter:   52 | change:   0.01750 | c:    220.05872 | v:   0.49989 | time:      6.82 s
[09:07:03] iter:   53 | change:   0.01644 | c:    219.88599 | v:   0.50008 | time:      6.94 s
[09:07:03] iter:   54 | change:   0.01642 | c:    219.88521 | v:   0.50004 | time:      7.06 s
[09:07:03] iter:   55 | change:   0.01610 | c:    219.83383 | v:   0.50007 | time:      7.18 s
[09:07:03] iter:   56 | change:   0.01586 | c:    219.82306 | v:   0.50004 | time:      7.30 s
[09:07:04] iter:   57 | change:   0.01569 | c:    219.79216 | v:   0.50002 | time:      7.42 s
[09:07:04] iter:   58 | change:   0.01539 | c:    219.77929 | v:   0.49999 | time:      7.54 s
[09:07:04] iter:   59 | change:   0.01527 | c:    219.75839 | v:   0.49996 | time:      7.65 s
[09:07:04] iter:   60 | change:   0.01496 | c:    219.74572 | v:   0.49993 | time:      7.77 s
[09:07:04] iter:   61 | change:   0.01563 | c:    219.72979 | v:   0.49990 | time:      7.89 s
[09:07:04] iter:   62 | change:   0.01455 | c:    219.56850 | v:   0.50008 | time:      8.01 s
[09:07:04] iter:   63 | change:   0.01457 | c:    219.57028 | v:   0.50007 | time:      8.14 s
[09:07:04] iter:   64 | change:   0.01426 | c:    219.52735 | v:   0.50009 | time:      8.27 s
[09:07:05] iter:   65 | change:   0.01408 | c:    219.52109 | v:   0.50007 | time:      8.39 s
[09:07:05] iter:   66 | change:   0.01389 | c:    219.49747 | v:   0.50007 | time:      8.53 s
[09:07:05] iter:   67 | change:   0.01368 | c:    219.48883 | v:   0.50004 | time:      8.66 s
[09:07:05] iter:   68 | change:   0.01354 | c:    219.47238 | v:   0.50002 | time:      8.78 s
[09:07:05] iter:   69 | change:   0.01333 | c:    219.46265 | v:   0.50000 | time:      8.90 s
[09:07:05] iter:   70 | change:   0.01318 | c:    219.44922 | v:   0.49998 | time:      9.03 s
[09:07:05] iter:   71 | change:   0.01302 | c:    219.43920 | v:   0.49995 | time:      9.15 s
[09:07:05] iter:   72 | change:   0.01283 | c:    219.42725 | v:   0.49993 | time:      9.27 s
[09:07:06] iter:   73 | change:   0.01348 | c:    219.41717 | v:   0.49990 | time:      9.40 s
[09:07:06] iter:   74 | change:   0.01253 | c:    219.25766 | v:   0.50010 | time:      9.52 s
[09:07:06] iter:   75 | change:   0.01215 | c:    219.26107 | v:   0.50009 | time:      9.64 s
[09:07:06] iter:   76 | change:   0.01310 | c:    219.36881 | v:   0.49991 | time:      9.76 s
[09:07:06] iter:   77 | change:   0.01202 | c:    219.20213 | v:   0.50010 | time:      9.88 s
[09:07:06] iter:   78 | change:   0.01206 | c:    219.22488 | v:   0.50006 | time:      9.99 s
[09:07:06] iter:   79 | change:   0.01184 | c:    219.18404 | v:   0.50009 | time:     10.12 s
[09:07:06] iter:   80 | change:   0.01170 | c:    219.18858 | v:   0.50007 | time:     10.24 s
[09:07:07] iter:   81 | change:   0.01155 | c:    219.16802 | v:   0.50007 | time:     10.37 s
[09:07:07] iter:   82 | change:   0.01142 | c:    219.16708 | v:   0.50005 | time:     10.49 s
[09:07:07] iter:   83 | change:   0.01126 | c:    219.15445 | v:   0.50004 | time:     10.62 s
[09:07:07] iter:   84 | change:   0.01114 | c:    219.15107 | v:   0.50002 | time:     10.75 s
[09:07:07] iter:   85 | change:   0.01100 | c:    219.14224 | v:   0.50000 | time:     10.87 s
[09:07:07] iter:   86 | change:   0.01086 | c:    219.13761 | v:   0.49999 | time:     11.00 s
[09:07:07] iter:   87 | change:   0.01074 | c:    219.13058 | v:   0.49997 | time:     11.15 s
[09:07:07] iter:   88 | change:   0.01062 | c:    219.12549 | v:   0.49995 | time:     11.29 s
[09:07:08] iter:   89 | change:   0.01049 | c:    219.11923 | v:   0.49994 | time:     11.45 s
[09:07:08] iter:   90 | change:   0.01037 | c:    219.11399 | v:   0.49992 | time:     11.58 s
[09:07:08] iter:   91 | change:   0.01026 | c:    219.10814 | v:   0.49991 | time:     11.75 s
[09:07:08] iter:   92 | change:   0.01093 | c:    219.10278 | v:   0.49989 | time:     11.91 s
[09:07:08] iter:   93 | change:   0.01004 | c:    218.95112 | v:   0.50010 | time:     12.03 s
[09:07:08] iter:   94 | change:   0.01003 | c:    218.95769 | v:   0.50010 | time:     12.15 s
[09:07:08] iter:   95 | change:   0.00986 | c:    219.06899 | v:   0.49992 | time:     12.28 s

Saved step 2 result data:
  C:\Users\campa\Desktop\Structural-Optimization-LUKASTIEBERT\matlab\results\mtop_oc_sensitivity.mat
  C:\Users\campa\Desktop\Structural-Optimization-LUKASTIEBERT\matlab\results\mtop_oc_sensitivity_history.csv
  C:\Users\campa\Desktop\Structural-Optimization-LUKASTIEBERT\matlab\results\mtop_oc_sensitivity_summary.txt
Saved step 2 figures in:
  C:\Users\campa\Desktop\Structural-Optimization-LUKASTIEBERT\matlab\figures

Step 2 completed.
  Iterations:              95
  Elapsed time [s]:        12.28
  MTOP compliance:         219.068992
  Fine-mesh compliance:    224.696493
  Volume fraction:         0.499925
  Speedup vs classical:    21.44

Running assignment step 3: classical OC density baseline
  Mesh:          600 x 200 elements
  Volume target: 0.5000
  Penalization:  3.0000
  Filter radius: 24.0000 elements (density filter)

[09:07:30] iter:    1 | change:   0.20000 | c:   1071.08672 | v:   0.50000 | time:      3.10 s
[09:07:33] iter:    2 | change:   0.20000 | c:    601.85221 | v:   0.49987 | time:      6.14 s
[09:07:36] iter:    3 | change:   0.20000 | c:    430.09513 | v:   0.50004 | time:      8.80 s
[09:07:39] iter:    4 | change:   0.20000 | c:    365.56937 | v:   0.50014 | time:     11.62 s
[09:07:42] iter:    5 | change:   0.16003 | c:    349.21261 | v:   0.49997 | time:     14.27 s
[09:07:44] iter:    6 | change:   0.19508 | c:    338.87467 | v:   0.49990 | time:     17.20 s
[09:07:47] iter:    7 | change:   0.14144 | c:    331.66461 | v:   0.49999 | time:     20.02 s
[09:07:50] iter:    8 | change:   0.17300 | c:    325.48708 | v:   0.49984 | time:     22.79 s
[09:07:53] iter:    9 | change:   0.14047 | c:    319.92331 | v:   0.50000 | time:     25.64 s
[09:07:56] iter:   10 | change:   0.14640 | c:    314.76996 | v:   0.49988 | time:     28.47 s
[09:07:58] iter:   11 | change:   0.18032 | c:    309.29305 | v:   0.50011 | time:     31.15 s
[09:08:01] iter:   12 | change:   0.15419 | c:    304.52525 | v:   0.49994 | time:     33.99 s
[09:08:04] iter:   13 | change:   0.17933 | c:    299.77911 | v:   0.50016 | time:     36.75 s
[09:08:07] iter:   14 | change:   0.17279 | c:    295.41319 | v:   0.50019 | time:     39.57 s
[09:08:10] iter:   15 | change:   0.18474 | c:    291.05640 | v:   0.50002 | time:     42.50 s
[09:08:13] iter:   16 | change:   0.20000 | c:    286.16399 | v:   0.50013 | time:     45.36 s
[09:08:15] iter:   17 | change:   0.20000 | c:    281.37168 | v:   0.50010 | time:     48.12 s
[09:08:18] iter:   18 | change:   0.20000 | c:    277.03769 | v:   0.49999 | time:     51.21 s
[09:08:21] iter:   19 | change:   0.20000 | c:    272.92861 | v:   0.50003 | time:     54.10 s
[09:08:24] iter:   20 | change:   0.20000 | c:    269.15184 | v:   0.50009 | time:     56.79 s
[09:08:27] iter:   21 | change:   0.20000 | c:    265.68477 | v:   0.50003 | time:     59.46 s
[09:08:30] iter:   22 | change:   0.20000 | c:    262.24358 | v:   0.49997 | time:     62.25 s
[09:08:32] iter:   23 | change:   0.20000 | c:    258.77601 | v:   0.49992 | time:     64.90 s
[09:08:35] iter:   24 | change:   0.20000 | c:    255.19748 | v:   0.50007 | time:     67.72 s
[09:08:38] iter:   25 | change:   0.20000 | c:    252.06345 | v:   0.49997 | time:     70.43 s
[09:08:40] iter:   26 | change:   0.20000 | c:    249.58021 | v:   0.50003 | time:     73.15 s
[09:08:43] iter:   27 | change:   0.20000 | c:    247.88769 | v:   0.49998 | time:     75.79 s
[09:08:46] iter:   28 | change:   0.20000 | c:    246.76720 | v:   0.49995 | time:     78.56 s
[09:08:49] iter:   29 | change:   0.20000 | c:    245.98092 | v:   0.50003 | time:     81.31 s
[09:08:51] iter:   30 | change:   0.20000 | c:    245.43549 | v:   0.50000 | time:     84.02 s
[09:08:54] iter:   31 | change:   0.20000 | c:    244.99129 | v:   0.49997 | time:     86.78 s
[09:08:57] iter:   32 | change:   0.17251 | c:    244.60723 | v:   0.49997 | time:     89.63 s
[09:09:00] iter:   33 | change:   0.18668 | c:    244.28576 | v:   0.50002 | time:     92.36 s
[09:09:02] iter:   34 | change:   0.19650 | c:    244.05719 | v:   0.49997 | time:     95.16 s
[09:09:05] iter:   35 | change:   0.20000 | c:    243.83405 | v:   0.49997 | time:     97.98 s
[09:09:08] iter:   36 | change:   0.20000 | c:    243.61442 | v:   0.50001 | time:    100.75 s
[09:09:11] iter:   37 | change:   0.20000 | c:    243.43671 | v:   0.50001 | time:    103.52 s
[09:09:14] iter:   38 | change:   0.13936 | c:    243.30562 | v:   0.49998 | time:    106.32 s
[09:09:16] iter:   39 | change:   0.14735 | c:    243.16511 | v:   0.50002 | time:    109.06 s
[09:09:19] iter:   40 | change:   0.15446 | c:    243.06887 | v:   0.50000 | time:    111.88 s
[09:09:22] iter:   41 | change:   0.15967 | c:    242.96798 | v:   0.50000 | time:    114.75 s
[09:09:25] iter:   42 | change:   0.16322 | c:    242.86154 | v:   0.50002 | time:    117.58 s
[09:09:28] iter:   43 | change:   0.17170 | c:    242.77913 | v:   0.50001 | time:    120.41 s
[09:09:31] iter:   44 | change:   0.18412 | c:    242.68685 | v:   0.50002 | time:    123.25 s
[09:09:33] iter:   45 | change:   0.18124 | c:    242.62193 | v:   0.50000 | time:    126.07 s
[09:09:36] iter:   46 | change:   0.11811 | c:    242.55054 | v:   0.50001 | time:    128.82 s
[09:09:39] iter:   47 | change:   0.10298 | c:    242.50841 | v:   0.49999 | time:    131.61 s
[09:09:42] iter:   48 | change:   0.10612 | c:    242.45378 | v:   0.50000 | time:    134.42 s
[09:09:45] iter:   49 | change:   0.10918 | c:    242.40854 | v:   0.50000 | time:    137.25 s
[09:09:47] iter:   50 | change:   0.11341 | c:    242.36659 | v:   0.50000 | time:    140.04 s
[09:09:50] iter:   51 | change:   0.11714 | c:    242.32494 | v:   0.50000 | time:    142.85 s
[09:09:53] iter:   52 | change:   0.12016 | c:    242.28337 | v:   0.50001 | time:    145.67 s
[09:09:56] iter:   53 | change:   0.12369 | c:    242.25841 | v:   0.49999 | time:    148.47 s
[09:09:59] iter:   54 | change:   0.12506 | c:    242.20567 | v:   0.50001 | time:    151.27 s
[09:10:01] iter:   55 | change:   0.12834 | c:    242.17065 | v:   0.50001 | time:    154.04 s
[09:10:04] iter:   56 | change:   0.14414 | c:    242.14758 | v:   0.49999 | time:    156.82 s
[09:10:07] iter:   57 | change:   0.14712 | c:    242.11550 | v:   0.49998 | time:    159.60 s
[09:10:10] iter:   58 | change:   0.14618 | c:    242.08120 | v:   0.49999 | time:    162.29 s
[09:10:12] iter:   59 | change:   0.14018 | c:    242.03791 | v:   0.50001 | time:    165.05 s
[09:10:15] iter:   60 | change:   0.13933 | c:    242.02563 | v:   0.49999 | time:    167.79 s
[09:10:18] iter:   61 | change:   0.07415 | c:    241.98891 | v:   0.50001 | time:    170.54 s
[09:10:21] iter:   62 | change:   0.07529 | c:    241.97922 | v:   0.50000 | time:    173.38 s
[09:10:24] iter:   63 | change:   0.07187 | c:    241.95307 | v:   0.50001 | time:    176.22 s
[09:10:26] iter:   64 | change:   0.07207 | c:    241.94530 | v:   0.50000 | time:    178.91 s
[09:10:29] iter:   65 | change:   0.06817 | c:    241.92096 | v:   0.50001 | time:    181.67 s
[09:10:32] iter:   66 | change:   0.07118 | c:    241.91241 | v:   0.49999 | time:    184.39 s
[09:10:35] iter:   67 | change:   0.07095 | c:    241.88688 | v:   0.50001 | time:    187.22 s
[09:10:38] iter:   68 | change:   0.07018 | c:    241.87649 | v:   0.50000 | time:    190.22 s
[09:10:41] iter:   69 | change:   0.07287 | c:    241.86522 | v:   0.49999 | time:    193.33 s
[09:10:44] iter:   70 | change:   0.07401 | c:    241.85208 | v:   0.49999 | time:    196.27 s
[09:10:47] iter:   71 | change:   0.07462 | c:    241.83609 | v:   0.49999 | time:    199.22 s
[09:10:49] iter:   72 | change:   0.07631 | c:    241.81859 | v:   0.50000 | time:    202.15 s
[09:10:52] iter:   73 | change:   0.07834 | c:    241.79962 | v:   0.50000 | time:    205.00 s
[09:10:55] iter:   74 | change:   0.07867 | c:    241.78030 | v:   0.50001 | time:    207.78 s
[09:10:58] iter:   75 | change:   0.08026 | c:    241.77307 | v:   0.50000 | time:    210.72 s
[09:11:01] iter:   76 | change:   0.08175 | c:    241.76166 | v:   0.49999 | time:    213.52 s
[09:11:04] iter:   77 | change:   0.08326 | c:    241.74669 | v:   0.49999 | time:    216.42 s
[09:11:07] iter:   78 | change:   0.08493 | c:    241.72849 | v:   0.50000 | time:    219.27 s
[09:11:09] iter:   79 | change:   0.09292 | c:    241.70757 | v:   0.50001 | time:    222.09 s
[09:11:12] iter:   80 | change:   0.10319 | c:    241.69769 | v:   0.50000 | time:    225.06 s
[09:11:15] iter:   81 | change:   0.10366 | c:    241.68443 | v:   0.50000 | time:    228.18 s
[09:11:18] iter:   82 | change:   0.09969 | c:    241.66933 | v:   0.50000 | time:    231.16 s
[09:11:21] iter:   83 | change:   0.10158 | c:    241.65582 | v:   0.50000 | time:    233.89 s
[09:11:24] iter:   84 | change:   0.10268 | c:    241.64340 | v:   0.50000 | time:    236.70 s
[09:11:27] iter:   85 | change:   0.09767 | c:    241.63306 | v:   0.50000 | time:    239.50 s
[09:11:30] iter:   86 | change:   0.09811 | c:    241.61528 | v:   0.50001 | time:    242.37 s
[09:11:32] iter:   87 | change:   0.09717 | c:    241.60343 | v:   0.50001 | time:    245.18 s
[09:11:35] iter:   88 | change:   0.09558 | c:    241.59598 | v:   0.50001 | time:    248.00 s
[09:11:38] iter:   89 | change:   0.06397 | c:    241.59243 | v:   0.50000 | time:    250.88 s
[09:11:41] iter:   90 | change:   0.06353 | c:    241.58108 | v:   0.50001 | time:    253.70 s
[09:11:44] iter:   91 | change:   0.06638 | c:    241.58305 | v:   0.49999 | time:    256.40 s
[09:11:47] iter:   92 | change:   0.06720 | c:    241.57472 | v:   0.49999 | time:    259.27 s
[09:11:49] iter:   93 | change:   0.06813 | c:    241.56830 | v:   0.49999 | time:    262.04 s
[09:11:52] iter:   94 | change:   0.06827 | c:    241.55235 | v:   0.50001 | time:    264.94 s
[09:11:55] iter:   95 | change:   0.06918 | c:    241.54782 | v:   0.50001 | time:    267.80 s
[09:11:58] iter:   96 | change:   0.06918 | c:    241.54403 | v:   0.50000 | time:    270.78 s
[09:12:01] iter:   97 | change:   0.06817 | c:    241.54015 | v:   0.50000 | time:    273.89 s
[09:12:04] iter:   98 | change:   0.06762 | c:    241.53605 | v:   0.49999 | time:    277.04 s
[09:12:07] iter:   99 | change:   0.07229 | c:    241.52174 | v:   0.50001 | time:    280.02 s
[09:12:10] iter:  100 | change:   0.06913 | c:    241.51857 | v:   0.50000 | time:    282.94 s
[09:12:13] iter:  101 | change:   0.06670 | c:    241.51613 | v:   0.50000 | time:    285.90 s
[09:12:16] iter:  102 | change:   0.07130 | c:    241.50430 | v:   0.50001 | time:    288.92 s
[09:12:19] iter:  103 | change:   0.06662 | c:    241.50263 | v:   0.50000 | time:    291.94 s
[09:12:22] iter:  104 | change:   0.07428 | c:    241.50140 | v:   0.49999 | time:    294.88 s
[09:12:25] iter:  105 | change:   0.06756 | c:    241.49086 | v:   0.50000 | time:    297.87 s
[09:12:28] iter:  106 | change:   0.07533 | c:    241.48991 | v:   0.50000 | time:    300.82 s
[09:12:31] iter:  107 | change:   0.06843 | c:    241.47950 | v:   0.50000 | time:    303.77 s
[09:12:34] iter:  108 | change:   0.06542 | c:    241.47847 | v:   0.50000 | time:    306.74 s
[09:12:37] iter:  109 | change:   0.06967 | c:    241.46754 | v:   0.50001 | time:    309.77 s
[09:12:40] iter:  110 | change:   0.06601 | c:    241.46596 | v:   0.50000 | time:    312.65 s
[09:12:43] iter:  111 | change:   0.06555 | c:    241.46399 | v:   0.49999 | time:    315.62 s
[09:12:46] iter:  112 | change:   0.06422 | c:    241.45317 | v:   0.50000 | time:    318.46 s
[09:12:49] iter:  113 | change:   0.05578 | c:    241.45222 | v:   0.50000 | time:    321.32 s
[09:12:51] iter:  114 | change:   0.05243 | c:    241.44228 | v:   0.50001 | time:    324.22 s
[09:12:55] iter:  115 | change:   0.05322 | c:    241.44186 | v:   0.50000 | time:    327.25 s
[09:12:58] iter:  116 | change:   0.05560 | c:    241.44049 | v:   0.49999 | time:    330.30 s
[09:13:01] iter:  117 | change:   0.05490 | c:    241.42921 | v:   0.50000 | time:    333.38 s
[09:13:04] iter:  118 | change:   0.05575 | c:    241.42617 | v:   0.50000 | time:    336.57 s
[09:13:07] iter:  119 | change:   0.05663 | c:    241.42273 | v:   0.50000 | time:    339.74 s
[09:13:10] iter:  120 | change:   0.05569 | c:    241.41909 | v:   0.50000 | time:    342.70 s
[09:13:13] iter:  121 | change:   0.05595 | c:    241.41456 | v:   0.50000 | time:    345.74 s
[09:13:16] iter:  122 | change:   0.05705 | c:    241.40888 | v:   0.50000 | time:    348.64 s
[09:13:19] iter:  123 | change:   0.05830 | c:    241.40252 | v:   0.50000 | time:    351.60 s
[09:13:22] iter:  124 | change:   0.05596 | c:    241.39533 | v:   0.50000 | time:    354.59 s
[09:13:25] iter:  125 | change:   0.05921 | c:    241.39581 | v:   0.50000 | time:    357.43 s
[09:13:28] iter:  126 | change:   0.05801 | c:    241.38678 | v:   0.50000 | time:    360.35 s
[09:13:31] iter:  127 | change:   0.06092 | c:    241.38557 | v:   0.50000 | time:    363.30 s
[09:13:33] iter:  128 | change:   0.06100 | c:    241.37494 | v:   0.50001 | time:    366.20 s
[09:13:37] iter:  129 | change:   0.06297 | c:    241.37225 | v:   0.50000 | time:    369.33 s
[09:13:40] iter:  130 | change:   0.06422 | c:    241.36906 | v:   0.50000 | time:    372.42 s
[09:13:43] iter:  131 | change:   0.06627 | c:    241.36512 | v:   0.50000 | time:    375.47 s
[09:13:46] iter:  132 | change:   0.06743 | c:    241.35998 | v:   0.50000 | time:    378.49 s
[09:13:49] iter:  133 | change:   0.06737 | c:    241.35403 | v:   0.50000 | time:    381.52 s
[09:13:52] iter:  134 | change:   0.06442 | c:    241.34762 | v:   0.50000 | time:    384.64 s
[09:13:55] iter:  135 | change:   0.06381 | c:    241.34857 | v:   0.49999 | time:    387.65 s
[09:13:58] iter:  136 | change:   0.06684 | c:    241.33939 | v:   0.50000 | time:    390.74 s
[09:14:01] iter:  137 | change:   0.06406 | c:    241.33778 | v:   0.50000 | time:    393.90 s
[09:14:04] iter:  138 | change:   0.06795 | c:    241.32700 | v:   0.50001 | time:    396.84 s
[09:14:07] iter:  139 | change:   0.06241 | c:    241.32325 | v:   0.50000 | time:    399.83 s
[09:14:10] iter:  140 | change:   0.06614 | c:    241.31800 | v:   0.50001 | time:    402.85 s
[09:14:13] iter:  141 | change:   0.06138 | c:    241.31983 | v:   0.49999 | time:    405.87 s
[09:14:16] iter:  142 | change:   0.06634 | c:    241.31260 | v:   0.50000 | time:    408.82 s
[09:14:19] iter:  143 | change:   0.06402 | c:    241.30539 | v:   0.50000 | time:    411.70 s
[09:14:22] iter:  144 | change:   0.06302 | c:    241.29755 | v:   0.50001 | time:    414.60 s
[09:14:25] iter:  145 | change:   0.06993 | c:    241.29752 | v:   0.50000 | time:    417.59 s
[09:14:28] iter:  146 | change:   0.06108 | c:    241.28806 | v:   0.50001 | time:    420.46 s
[09:14:31] iter:  147 | change:   0.06617 | c:    241.28674 | v:   0.50000 | time:    423.82 s
[09:14:34] iter:  148 | change:   0.06103 | c:    241.28476 | v:   0.50000 | time:    426.87 s
[09:14:37] iter:  149 | change:   0.06457 | c:    241.27456 | v:   0.50001 | time:    430.02 s
[09:14:40] iter:  150 | change:   0.05924 | c:    241.27213 | v:   0.50000 | time:    432.99 s
[09:14:43] iter:  151 | change:   0.06404 | c:    241.26931 | v:   0.50000 | time:    435.91 s
[09:14:46] iter:  152 | change:   0.06057 | c:    241.26642 | v:   0.50000 | time:    439.11 s
[09:14:49] iter:  153 | change:   0.06708 | c:    241.26324 | v:   0.50000 | time:    442.00 s
[09:14:52] iter:  154 | change:   0.05570 | c:    241.25255 | v:   0.50001 | time:    444.92 s
[09:14:55] iter:  155 | change:   0.05455 | c:    241.25043 | v:   0.50000 | time:    447.84 s
[09:14:58] iter:  156 | change:   0.05948 | c:    241.24963 | v:   0.50000 | time:    450.72 s
[09:15:01] iter:  157 | change:   0.05612 | c:    241.24283 | v:   0.50000 | time:    453.58 s
[09:15:04] iter:  158 | change:   0.05630 | c:    241.23835 | v:   0.50000 | time:    456.51 s
[09:15:07] iter:  159 | change:   0.05940 | c:    241.23573 | v:   0.50000 | time:    459.67 s
[09:15:10] iter:  160 | change:   0.05490 | c:    241.23376 | v:   0.50000 | time:    462.82 s
[09:15:13] iter:  161 | change:   0.05683 | c:    241.23281 | v:   0.50000 | time:    465.94 s
[09:15:16] iter:  162 | change:   0.05577 | c:    241.23202 | v:   0.49999 | time:    469.16 s
[09:15:20] iter:  163 | change:   0.05615 | c:    241.22494 | v:   0.50000 | time:    472.27 s
[09:15:23] iter:  164 | change:   0.05631 | c:    241.22533 | v:   0.50000 | time:    475.28 s
[09:15:26] iter:  165 | change:   0.04478 | c:    241.21894 | v:   0.50000 | time:    478.89 s
[09:15:29] iter:  166 | change:   0.04906 | c:    241.22046 | v:   0.50000 | time:    482.20 s
[09:15:33] iter:  167 | change:   0.05213 | c:    241.21530 | v:   0.50000 | time:    485.31 s
[09:15:36] iter:  168 | change:   0.05033 | c:    241.21015 | v:   0.50000 | time:    488.41 s
[09:15:39] iter:  169 | change:   0.04738 | c:    241.21195 | v:   0.50000 | time:    491.44 s
[09:15:42] iter:  170 | change:   0.04833 | c:    241.20666 | v:   0.50000 | time:    494.42 s
[09:15:45] iter:  171 | change:   0.04645 | c:    241.20176 | v:   0.50000 | time:    497.29 s
[09:15:47] iter:  172 | change:   0.04902 | c:    241.20350 | v:   0.50000 | time:    500.17 s
[09:15:50] iter:  173 | change:   0.04855 | c:    241.19828 | v:   0.50000 | time:    503.02 s
[09:15:53] iter:  174 | change:   0.05125 | c:    241.19951 | v:   0.49999 | time:    505.85 s
[09:15:56] iter:  175 | change:   0.05089 | c:    241.19394 | v:   0.50000 | time:    508.69 s
[09:15:59] iter:  176 | change:   0.05191 | c:    241.18826 | v:   0.50000 | time:    511.51 s
[09:16:02] iter:  177 | change:   0.05332 | c:    241.18895 | v:   0.50000 | time:    514.32 s
[09:16:04] iter:  178 | change:   0.05308 | c:    241.18288 | v:   0.50000 | time:    517.13 s
[09:16:07] iter:  179 | change:   0.05430 | c:    241.18380 | v:   0.50000 | time:    519.91 s
[09:16:10] iter:  180 | change:   0.05406 | c:    241.17809 | v:   0.50000 | time:    522.79 s
[09:16:13] iter:  181 | change:   0.05702 | c:    241.17881 | v:   0.50000 | time:    525.79 s
[09:16:16] iter:  182 | change:   0.05636 | c:    241.17274 | v:   0.50000 | time:    528.76 s
[09:16:19] iter:  183 | change:   0.06169 | c:    241.17319 | v:   0.50000 | time:    531.70 s
[09:16:22] iter:  184 | change:   0.06449 | c:    241.16718 | v:   0.50000 | time:    534.53 s
[09:16:25] iter:  185 | change:   0.07035 | c:    241.16799 | v:   0.50000 | time:    537.31 s
[09:16:27] iter:  186 | change:   0.07185 | c:    241.16285 | v:   0.50000 | time:    540.19 s
[09:16:30] iter:  187 | change:   0.07292 | c:    241.16052 | v:   0.50000 | time:    543.08 s
[09:16:33] iter:  188 | change:   0.07376 | c:    241.16044 | v:   0.50000 | time:    546.21 s
[09:16:37] iter:  189 | change:   0.06936 | c:    241.15502 | v:   0.50000 | time:    549.24 s
[09:16:39] iter:  190 | change:   0.07687 | c:    241.15557 | v:   0.50000 | time:    552.21 s
[09:16:42] iter:  191 | change:   0.07011 | c:    241.15024 | v:   0.50000 | time:    555.09 s
[09:16:46] iter:  192 | change:   0.07774 | c:    241.15117 | v:   0.50000 | time:    558.22 s
[09:16:49] iter:  193 | change:   0.06896 | c:    241.14622 | v:   0.50000 | time:    561.26 s
[09:16:51] iter:  194 | change:   0.07650 | c:    241.14757 | v:   0.50000 | time:    564.19 s
[09:16:54] iter:  195 | change:   0.06638 | c:    241.14269 | v:   0.50000 | time:    567.11 s
[09:16:57] iter:  196 | change:   0.07358 | c:    241.14399 | v:   0.50000 | time:    570.07 s
[09:17:00] iter:  197 | change:   0.06296 | c:    241.13942 | v:   0.50000 | time:    573.19 s
[09:17:04] iter:  198 | change:   0.06968 | c:    241.14054 | v:   0.50000 | time:    576.63 s
[09:17:07] iter:  199 | change:   0.07562 | c:    241.13587 | v:   0.50000 | time:    579.67 s
[09:17:10] iter:  200 | change:   0.06438 | c:    241.13115 | v:   0.50000 | time:    582.65 s
[09:17:13] iter:  201 | change:   0.07124 | c:    241.13265 | v:   0.50000 | time:    585.60 s
[09:17:16] iter:  202 | change:   0.06597 | c:    241.12874 | v:   0.50000 | time:    588.69 s
[09:17:19] iter:  203 | change:   0.06762 | c:    241.13040 | v:   0.50000 | time:    591.81 s
[09:17:22] iter:  204 | change:   0.07318 | c:    241.12639 | v:   0.50000 | time:    594.92 s
[09:17:25] iter:  205 | change:   0.06428 | c:    241.12279 | v:   0.50000 | time:    597.93 s
[09:17:28] iter:  206 | change:   0.07098 | c:    241.12531 | v:   0.50000 | time:    601.00 s
[09:17:31] iter:  207 | change:   0.06640 | c:    241.12214 | v:   0.50000 | time:    603.92 s
[09:17:34] iter:  208 | change:   0.06823 | c:    241.11928 | v:   0.50000 | time:    606.87 s
[09:17:37] iter:  209 | change:   0.04972 | c:    241.11686 | v:   0.50000 | time:    609.84 s
[09:17:40] iter:  210 | change:   0.04784 | c:    241.11530 | v:   0.50000 | time:    612.95 s
[09:17:43] iter:  211 | change:   0.05077 | c:    241.11413 | v:   0.50000 | time:    615.97 s
[09:17:46] iter:  212 | change:   0.05388 | c:    241.11273 | v:   0.50000 | time:    618.91 s
[09:17:49] iter:  213 | change:   0.03786 | c:    241.11121 | v:   0.50000 | time:    621.75 s
[09:17:52] iter:  214 | change:   0.04010 | c:    241.11015 | v:   0.50000 | time:    624.55 s
[09:17:55] iter:  215 | change:   0.04248 | c:    241.10906 | v:   0.50000 | time:    627.50 s
[09:17:58] iter:  216 | change:   0.04499 | c:    241.10770 | v:   0.50000 | time:    630.33 s
[09:18:01] iter:  217 | change:   0.04765 | c:    241.10607 | v:   0.50000 | time:    633.23 s
[09:18:03] iter:  218 | change:   0.05045 | c:    241.10453 | v:   0.50000 | time:    636.07 s
[09:18:06] iter:  219 | change:   0.04922 | c:    241.10282 | v:   0.50000 | time:    638.99 s
[09:18:09] iter:  220 | change:   0.05371 | c:    241.10584 | v:   0.50000 | time:    641.83 s
[09:18:12] iter:  221 | change:   0.05068 | c:    241.10366 | v:   0.50000 | time:    644.71 s
[09:18:15] iter:  222 | change:   0.04554 | c:    241.10176 | v:   0.50000 | time:    647.54 s
[09:18:18] iter:  223 | change:   0.04830 | c:    241.09980 | v:   0.50000 | time:    650.51 s
[09:18:21] iter:  224 | change:   0.05120 | c:    241.09788 | v:   0.50000 | time:    653.43 s
[09:18:24] iter:  225 | change:   0.05136 | c:    241.09590 | v:   0.50000 | time:    656.31 s
[09:18:26] iter:  226 | change:   0.04189 | c:    241.09399 | v:   0.50000 | time:    659.14 s
[09:18:29] iter:  227 | change:   0.04295 | c:    241.09232 | v:   0.50000 | time:    661.95 s
[09:18:32] iter:  228 | change:   0.04685 | c:    241.09522 | v:   0.50000 | time:    665.04 s
[09:18:36] iter:  229 | change:   0.04958 | c:    241.09302 | v:   0.50000 | time:    668.43 s
[09:18:39] iter:  230 | change:   0.05246 | c:    241.09072 | v:   0.50000 | time:    671.59 s
[09:18:42] iter:  231 | change:   0.04732 | c:    241.08818 | v:   0.50000 | time:    674.48 s
[09:18:45] iter:  232 | change:   0.03775 | c:    241.08557 | v:   0.50000 | time:    677.87 s
[09:18:48] iter:  233 | change:   0.04110 | c:    241.08770 | v:   0.50000 | time:    681.02 s
[09:18:51] iter:  234 | change:   0.04162 | c:    241.08463 | v:   0.50000 | time:    684.04 s
[09:18:54] iter:  235 | change:   0.04529 | c:    241.08601 | v:   0.50000 | time:    687.01 s
[09:18:57] iter:  236 | change:   0.04499 | c:    241.08214 | v:   0.50000 | time:    690.05 s
[09:19:00] iter:  237 | change:   0.04907 | c:    241.08305 | v:   0.50000 | time:    692.91 s

Saved step 3 (classical) result data:
  C:\Users\campa\Desktop\Structural-Optimization-LUKASTIEBERT\matlab\results\classical_oc_density.mat
  C:\Users\campa\Desktop\Structural-Optimization-LUKASTIEBERT\matlab\results\classical_oc_density_history.csv
  C:\Users\campa\Desktop\Structural-Optimization-LUKASTIEBERT\matlab\results\classical_oc_density_summary.txt
Saved step 3 (classical) figures in:
  C:\Users\campa\Desktop\Structural-Optimization-LUKASTIEBERT\matlab\figures

Step 3 (classical density) completed.
  Iterations:       237
  Elapsed time [s]: 692.91
  Compliance:       241.083052
  Volume fraction:  0.499997

Running assignment step 3: MTOP OC density baseline
  FE mesh:       120 x 40 elements
  Density mesh:  600 x 200 cells
  Cells per FE:  5 x 5
  Volume target: 0.5000
  Penalization:  3.0000
  Filter radius: 24.0000 density cells (density filter)

[09:19:07] iter:    1 | change:   0.20000 | c:   1027.43234 | v:   0.50000 | time:      0.49 s
[09:19:07] iter:    2 | change:   0.20000 | c:    585.63769 | v:   0.49986 | time:      0.97 s
[09:19:08] iter:    3 | change:   0.20000 | c:    422.73298 | v:   0.49985 | time:      1.42 s
[09:19:08] iter:    4 | change:   0.20000 | c:    359.88231 | v:   0.50008 | time:      1.91 s
[09:19:08] iter:    5 | change:   0.15609 | c:    343.27326 | v:   0.50007 | time:      2.37 s
[09:19:09] iter:    6 | change:   0.19395 | c:    333.03276 | v:   0.49993 | time:      2.82 s
[09:19:09] iter:    7 | change:   0.14116 | c:    325.73610 | v:   0.50006 | time:      3.27 s
[09:19:10] iter:    8 | change:   0.17191 | c:    319.60796 | v:   0.49986 | time:      3.76 s
[09:19:10] iter:    9 | change:   0.14302 | c:    314.01523 | v:   0.50002 | time:      4.27 s
[09:19:11] iter:   10 | change:   0.14671 | c:    308.88357 | v:   0.49987 | time:      4.78 s
[09:19:11] iter:   11 | change:   0.18099 | c:    303.39033 | v:   0.50010 | time:      5.28 s
[09:19:12] iter:   12 | change:   0.15413 | c:    298.65559 | v:   0.49991 | time:      5.79 s
[09:19:12] iter:   13 | change:   0.18315 | c:    293.89820 | v:   0.50017 | time:      6.28 s
[09:19:13] iter:   14 | change:   0.17314 | c:    289.54302 | v:   0.50021 | time:      6.73 s
[09:19:13] iter:   15 | change:   0.18594 | c:    285.18694 | v:   0.50005 | time:      7.20 s
[09:19:14] iter:   16 | change:   0.20000 | c:    280.30809 | v:   0.50017 | time:      7.65 s
[09:19:14] iter:   17 | change:   0.20000 | c:    275.71362 | v:   0.49994 | time:      8.10 s
[09:19:15] iter:   18 | change:   0.20000 | c:    271.33442 | v:   0.49991 | time:      8.59 s
[09:19:15] iter:   19 | change:   0.20000 | c:    267.25300 | v:   0.49995 | time:      9.06 s
[09:19:16] iter:   20 | change:   0.20000 | c:    263.49953 | v:   0.50002 | time:      9.58 s
[09:19:16] iter:   21 | change:   0.20000 | c:    260.04312 | v:   0.49997 | time:     10.07 s
[09:19:17] iter:   22 | change:   0.20000 | c:    256.61637 | v:   0.49994 | time:     10.58 s
[09:19:17] iter:   23 | change:   0.20000 | c:    253.15324 | v:   0.49993 | time:     11.08 s
[09:19:18] iter:   24 | change:   0.20000 | c:    249.65355 | v:   0.49998 | time:     11.59 s
[09:19:18] iter:   25 | change:   0.20000 | c:    246.46909 | v:   0.50000 | time:     12.14 s
[09:19:19] iter:   26 | change:   0.20000 | c:    244.03770 | v:   0.49998 | time:     12.69 s
[09:19:19] iter:   27 | change:   0.20000 | c:    242.29869 | v:   0.49999 | time:     13.27 s
[09:19:20] iter:   28 | change:   0.20000 | c:    241.15415 | v:   0.49997 | time:     13.77 s
[09:19:20] iter:   29 | change:   0.20000 | c:    240.40814 | v:   0.49997 | time:     14.22 s
[09:19:21] iter:   30 | change:   0.20000 | c:    239.83052 | v:   0.49999 | time:     14.68 s
[09:19:21] iter:   31 | change:   0.20000 | c:    239.36956 | v:   0.49998 | time:     15.17 s
[09:19:22] iter:   32 | change:   0.17234 | c:    238.97294 | v:   0.50001 | time:     15.65 s
[09:19:22] iter:   33 | change:   0.18604 | c:    238.68692 | v:   0.49999 | time:     16.13 s
[09:19:23] iter:   34 | change:   0.19694 | c:    238.43851 | v:   0.49998 | time:     16.57 s
[09:19:23] iter:   35 | change:   0.20000 | c:    238.20159 | v:   0.50001 | time:     17.03 s
[09:19:24] iter:   36 | change:   0.20000 | c:    238.00342 | v:   0.50000 | time:     17.48 s
[09:19:24] iter:   37 | change:   0.20000 | c:    237.81057 | v:   0.50003 | time:     17.94 s
[09:19:24] iter:   38 | change:   0.14009 | c:    237.67192 | v:   0.50002 | time:     18.39 s
[09:19:25] iter:   39 | change:   0.14880 | c:    237.55470 | v:   0.50002 | time:     18.83 s
[09:19:25] iter:   40 | change:   0.15447 | c:    237.44316 | v:   0.50002 | time:     19.27 s
[09:19:26] iter:   41 | change:   0.15970 | c:    237.35861 | v:   0.49999 | time:     19.74 s
[09:19:26] iter:   42 | change:   0.16482 | c:    237.26246 | v:   0.49999 | time:     20.23 s
[09:19:27] iter:   43 | change:   0.17210 | c:    237.16343 | v:   0.50001 | time:     20.70 s
[09:19:27] iter:   44 | change:   0.18553 | c:    237.08712 | v:   0.50000 | time:     21.15 s
[09:19:28] iter:   45 | change:   0.18143 | c:    237.01048 | v:   0.49999 | time:     21.60 s
[09:19:28] iter:   46 | change:   0.11440 | c:    236.95423 | v:   0.49998 | time:     22.06 s
[09:19:29] iter:   47 | change:   0.10230 | c:    236.89859 | v:   0.49998 | time:     22.52 s
[09:19:29] iter:   48 | change:   0.10485 | c:    236.83492 | v:   0.50001 | time:     22.97 s
[09:19:30] iter:   49 | change:   0.11062 | c:    236.80325 | v:   0.49999 | time:     23.41 s
[09:19:30] iter:   50 | change:   0.11287 | c:    236.75027 | v:   0.50001 | time:     23.89 s
[09:19:30] iter:   51 | change:   0.11724 | c:    236.71879 | v:   0.49999 | time:     24.34 s
[09:19:31] iter:   52 | change:   0.12117 | c:    236.68347 | v:   0.49999 | time:     24.83 s
[09:19:31] iter:   53 | change:   0.12334 | c:    236.64675 | v:   0.49999 | time:     25.30 s
[09:19:32] iter:   54 | change:   0.12557 | c:    236.60499 | v:   0.50000 | time:     25.81 s
[09:19:32] iter:   55 | change:   0.12896 | c:    236.55977 | v:   0.50001 | time:     26.33 s
[09:19:33] iter:   56 | change:   0.14552 | c:    236.52799 | v:   0.50000 | time:     26.83 s
[09:19:33] iter:   57 | change:   0.14154 | c:    236.48824 | v:   0.50001 | time:     27.36 s
[09:19:34] iter:   58 | change:   0.14581 | c:    236.46698 | v:   0.49999 | time:     27.82 s
[09:19:34] iter:   59 | change:   0.14115 | c:    236.43305 | v:   0.50000 | time:     28.27 s
[09:19:35] iter:   60 | change:   0.13837 | c:    236.41073 | v:   0.49999 | time:     28.72 s
[09:19:35] iter:   61 | change:   0.07784 | c:    236.38244 | v:   0.50001 | time:     29.24 s
[09:19:36] iter:   62 | change:   0.07476 | c:    236.36340 | v:   0.50001 | time:     29.71 s
[09:19:36] iter:   63 | change:   0.07103 | c:    236.34605 | v:   0.50001 | time:     30.15 s
[09:19:37] iter:   64 | change:   0.07391 | c:    236.32841 | v:   0.50000 | time:     30.59 s
[09:19:37] iter:   65 | change:   0.07140 | c:    236.31161 | v:   0.50000 | time:     31.03 s
[09:19:38] iter:   66 | change:   0.07239 | c:    236.29489 | v:   0.50000 | time:     31.58 s
[09:19:38] iter:   67 | change:   0.07047 | c:    236.27811 | v:   0.50001 | time:     32.04 s
[09:19:39] iter:   68 | change:   0.07108 | c:    236.25999 | v:   0.50001 | time:     32.47 s
[09:19:39] iter:   69 | change:   0.07267 | c:    236.25623 | v:   0.49999 | time:     32.91 s
[09:19:39] iter:   70 | change:   0.07397 | c:    236.23507 | v:   0.50000 | time:     33.35 s
[09:19:40] iter:   71 | change:   0.07459 | c:    236.21322 | v:   0.50001 | time:     33.82 s
[09:19:40] iter:   72 | change:   0.07587 | c:    236.20439 | v:   0.50000 | time:     34.32 s
[09:19:41] iter:   73 | change:   0.07764 | c:    236.19285 | v:   0.49999 | time:     34.76 s
[09:19:41] iter:   74 | change:   0.07954 | c:    236.17887 | v:   0.49999 | time:     35.20 s
[09:19:42] iter:   75 | change:   0.08127 | c:    236.16255 | v:   0.50000 | time:     35.64 s
[09:19:42] iter:   76 | change:   0.08295 | c:    236.14513 | v:   0.50000 | time:     36.08 s
[09:19:43] iter:   77 | change:   0.08305 | c:    236.12442 | v:   0.50001 | time:     36.55 s
[09:19:43] iter:   78 | change:   0.08468 | c:    236.11448 | v:   0.50000 | time:     36.99 s
[09:19:44] iter:   79 | change:   0.09380 | c:    236.10095 | v:   0.50000 | time:     37.45 s
[09:19:44] iter:   80 | change:   0.10278 | c:    236.08325 | v:   0.50001 | time:     37.89 s
[09:19:44] iter:   81 | change:   0.10446 | c:    236.07588 | v:   0.49999 | time:     38.32 s
[09:19:45] iter:   82 | change:   0.09890 | c:    236.05428 | v:   0.50001 | time:     38.76 s
[09:19:45] iter:   83 | change:   0.10219 | c:    236.04751 | v:   0.49999 | time:     39.20 s
[09:19:46] iter:   84 | change:   0.10336 | c:    236.02871 | v:   0.50000 | time:     39.65 s
[09:19:46] iter:   85 | change:   0.09553 | c:    236.01286 | v:   0.50001 | time:     40.13 s
[09:19:47] iter:   86 | change:   0.09884 | c:    236.01306 | v:   0.49999 | time:     40.63 s
[09:19:47] iter:   87 | change:   0.09663 | c:    235.99251 | v:   0.50001 | time:     41.15 s
[09:19:48] iter:   88 | change:   0.09625 | c:    235.99041 | v:   0.50000 | time:     41.67 s
[09:19:48] iter:   89 | change:   0.06104 | c:    235.98033 | v:   0.50000 | time:     42.17 s
[09:19:49] iter:   90 | change:   0.06101 | c:    235.97438 | v:   0.50000 | time:     42.70 s
[09:19:49] iter:   91 | change:   0.06504 | c:    235.96955 | v:   0.49999 | time:     43.26 s
[09:19:50] iter:   92 | change:   0.06423 | c:    235.95482 | v:   0.50001 | time:     43.73 s
[09:19:50] iter:   93 | change:   0.06691 | c:    235.95269 | v:   0.50000 | time:     44.17 s
[09:19:51] iter:   94 | change:   0.06606 | c:    235.94166 | v:   0.50001 | time:     44.61 s
[09:19:51] iter:   95 | change:   0.06747 | c:    235.94245 | v:   0.49999 | time:     45.07 s
[09:19:52] iter:   96 | change:   0.06954 | c:    235.93300 | v:   0.50000 | time:     45.55 s
[09:19:52] iter:   97 | change:   0.07096 | c:    235.92404 | v:   0.50000 | time:     46.02 s
[09:19:53] iter:   98 | change:   0.06998 | c:    235.91572 | v:   0.50001 | time:     46.52 s
[09:19:53] iter:   99 | change:   0.07120 | c:    235.91812 | v:   0.49999 | time:     47.01 s
[09:19:54] iter:  100 | change:   0.07002 | c:    235.91010 | v:   0.50000 | time:     47.47 s
[09:19:54] iter:  101 | change:   0.06779 | c:    235.90296 | v:   0.50000 | time:     47.94 s
[09:19:55] iter:  102 | change:   0.07404 | c:    235.89679 | v:   0.50000 | time:     48.44 s
[09:19:55] iter:  103 | change:   0.07048 | c:    235.89055 | v:   0.50000 | time:     48.89 s
[09:19:55] iter:  104 | change:   0.06618 | c:    235.88451 | v:   0.50000 | time:     49.33 s
[09:19:56] iter:  105 | change:   0.07225 | c:    235.87922 | v:   0.50000 | time:     49.79 s
[09:19:56] iter:  106 | change:   0.06724 | c:    235.87387 | v:   0.50000 | time:     50.24 s
[09:19:57] iter:  107 | change:   0.07340 | c:    235.86854 | v:   0.50000 | time:     50.69 s
[09:19:57] iter:  108 | change:   0.06820 | c:    235.86287 | v:   0.50000 | time:     51.13 s
[09:19:58] iter:  109 | change:   0.07443 | c:    235.85735 | v:   0.50000 | time:     51.58 s
[09:19:58] iter:  110 | change:   0.06925 | c:    235.85111 | v:   0.50001 | time:     52.03 s
[09:19:59] iter:  111 | change:   0.06326 | c:    235.84480 | v:   0.50001 | time:     52.48 s
[09:19:59] iter:  112 | change:   0.07038 | c:    235.84799 | v:   0.49999 | time:     52.92 s
[09:19:59] iter:  113 | change:   0.06633 | c:    235.84123 | v:   0.50000 | time:     53.37 s
[09:20:00] iter:  114 | change:   0.06404 | c:    235.83427 | v:   0.50000 | time:     53.84 s
[09:20:00] iter:  115 | change:   0.06961 | c:    235.82789 | v:   0.50000 | time:     54.30 s
[09:20:01] iter:  116 | change:   0.05480 | c:    235.82232 | v:   0.50000 | time:     54.74 s
[09:20:01] iter:  117 | change:   0.05546 | c:    235.81733 | v:   0.50000 | time:     55.19 s
[09:20:02] iter:  118 | change:   0.05443 | c:    235.81163 | v:   0.50001 | time:     55.64 s
[09:20:02] iter:  119 | change:   0.05459 | c:    235.81378 | v:   0.49999 | time:     56.08 s
[09:20:03] iter:  120 | change:   0.05499 | c:    235.80573 | v:   0.50000 | time:     56.52 s
[09:20:03] iter:  121 | change:   0.05425 | c:    235.79781 | v:   0.50001 | time:     56.97 s
[09:20:04] iter:  122 | change:   0.05652 | c:    235.79802 | v:   0.50000 | time:     57.42 s
[09:20:04] iter:  123 | change:   0.05567 | c:    235.78842 | v:   0.50001 | time:     57.85 s
[09:20:04] iter:  124 | change:   0.05657 | c:    235.78665 | v:   0.50000 | time:     58.30 s
[09:20:05] iter:  125 | change:   0.05768 | c:    235.78334 | v:   0.50000 | time:     58.74 s
[09:20:05] iter:  126 | change:   0.05628 | c:    235.77865 | v:   0.50000 | time:     59.20 s
[09:20:06] iter:  127 | change:   0.05743 | c:    235.77293 | v:   0.50000 | time:     59.66 s
[09:20:06] iter:  128 | change:   0.05894 | c:    235.76664 | v:   0.50000 | time:     60.10 s
[09:20:07] iter:  129 | change:   0.05743 | c:    235.75968 | v:   0.50000 | time:     60.56 s
[09:20:07] iter:  130 | change:   0.05949 | c:    235.76005 | v:   0.50000 | time:     61.02 s
[09:20:08] iter:  131 | change:   0.05978 | c:    235.75080 | v:   0.50000 | time:     61.49 s
[09:20:08] iter:  132 | change:   0.06205 | c:    235.74897 | v:   0.50000 | time:     61.97 s
[09:20:09] iter:  133 | change:   0.06540 | c:    235.74579 | v:   0.49999 | time:     62.44 s
[09:20:09] iter:  134 | change:   0.06479 | c:    235.73389 | v:   0.50001 | time:     62.97 s
[09:20:10] iter:  135 | change:   0.06640 | c:    235.72937 | v:   0.50001 | time:     63.43 s
[09:20:10] iter:  136 | change:   0.06557 | c:    235.72423 | v:   0.50001 | time:     63.87 s
[09:20:10] iter:  137 | change:   0.06682 | c:    235.72683 | v:   0.49999 | time:     64.31 s
[09:20:11] iter:  138 | change:   0.06519 | c:    235.71988 | v:   0.50000 | time:     64.77 s
[09:20:11] iter:  139 | change:   0.06906 | c:    235.71185 | v:   0.50000 | time:     65.23 s
[09:20:12] iter:  140 | change:   0.06722 | c:    235.71129 | v:   0.49999 | time:     65.70 s
[09:20:12] iter:  141 | change:   0.06126 | c:    235.70164 | v:   0.50000 | time:     66.14 s
[09:20:13] iter:  142 | change:   0.06626 | c:    235.69977 | v:   0.50000 | time:     66.58 s
[09:20:13] iter:  143 | change:   0.06188 | c:    235.69731 | v:   0.49999 | time:     67.02 s
[09:20:14] iter:  144 | change:   0.06563 | c:    235.68559 | v:   0.50001 | time:     67.46 s
[09:20:14] iter:  145 | change:   0.07122 | c:    235.68191 | v:   0.50000 | time:     67.91 s
[09:20:14] iter:  146 | change:   0.06432 | c:    235.67748 | v:   0.50000 | time:     68.34 s
[09:20:15] iter:  147 | change:   0.06982 | c:    235.67262 | v:   0.50000 | time:     68.79 s
[09:20:15] iter:  148 | change:   0.06124 | c:    235.66718 | v:   0.50001 | time:     69.22 s
[09:20:16] iter:  149 | change:   0.06792 | c:    235.66934 | v:   0.49999 | time:     69.66 s
[09:20:16] iter:  150 | change:   0.06068 | c:    235.66234 | v:   0.50000 | time:     70.12 s
[09:20:17] iter:  151 | change:   0.06422 | c:    235.65510 | v:   0.50000 | time:     70.59 s
[09:20:17] iter:  152 | change:   0.06637 | c:    235.65541 | v:   0.49999 | time:     71.03 s
[09:20:18] iter:  153 | change:   0.06370 | c:    235.64740 | v:   0.50000 | time:     71.47 s
[09:20:18] iter:  154 | change:   0.06746 | c:    235.63956 | v:   0.50001 | time:     71.91 s
[09:20:18] iter:  155 | change:   0.06265 | c:    235.63934 | v:   0.50000 | time:     72.37 s
[09:20:19] iter:  156 | change:   0.06783 | c:    235.63251 | v:   0.50000 | time:     72.82 s
[09:20:19] iter:  157 | change:   0.06405 | c:    235.62772 | v:   0.50001 | time:     73.27 s
[09:20:20] iter:  158 | change:   0.06411 | c:    235.62619 | v:   0.50000 | time:     73.70 s
[09:20:20] iter:  159 | change:   0.06029 | c:    235.62670 | v:   0.50000 | time:     74.15 s
[09:20:21] iter:  160 | change:   0.05637 | c:    235.62154 | v:   0.50000 | time:     74.62 s
[09:20:21] iter:  161 | change:   0.05784 | c:    235.61766 | v:   0.50000 | time:     75.14 s
[09:20:22] iter:  162 | change:   0.05569 | c:    235.61416 | v:   0.50000 | time:     75.65 s
[09:20:22] iter:  163 | change:   0.05726 | c:    235.61149 | v:   0.50000 | time:     76.15 s
[09:20:23] iter:  164 | change:   0.05595 | c:    235.60905 | v:   0.50000 | time:     76.63 s
[09:20:23] iter:  165 | change:   0.04430 | c:    235.60691 | v:   0.50000 | time:     77.11 s
[09:20:24] iter:  166 | change:   0.04681 | c:    235.60570 | v:   0.50000 | time:     77.57 s
[09:20:24] iter:  167 | change:   0.05096 | c:    235.60467 | v:   0.50000 | time:     78.04 s
[09:20:25] iter:  168 | change:   0.05257 | c:    235.59721 | v:   0.50000 | time:     78.50 s
[09:20:25] iter:  169 | change:   0.04728 | c:    235.59629 | v:   0.50000 | time:     78.94 s
[09:20:26] iter:  170 | change:   0.05019 | c:    235.59510 | v:   0.50000 | time:     79.44 s
[09:20:26] iter:  171 | change:   0.04857 | c:    235.59376 | v:   0.50000 | time:     79.91 s
[09:20:27] iter:  172 | change:   0.05316 | c:    235.59258 | v:   0.50000 | time:     80.41 s
[09:20:27] iter:  173 | change:   0.04657 | c:    235.58507 | v:   0.50000 | time:     80.90 s
[09:20:27] iter:  174 | change:   0.04723 | c:    235.58465 | v:   0.50000 | time:     81.38 s
[09:20:28] iter:  175 | change:   0.04862 | c:    235.58423 | v:   0.50000 | time:     81.83 s
[09:20:28] iter:  176 | change:   0.04989 | c:    235.57741 | v:   0.50000 | time:     82.27 s
[09:20:29] iter:  177 | change:   0.04889 | c:    235.57674 | v:   0.50000 | time:     82.72 s
[09:20:29] iter:  178 | change:   0.04955 | c:    235.57581 | v:   0.50000 | time:     83.15 s
[09:20:30] iter:  179 | change:   0.05237 | c:    235.57478 | v:   0.49999 | time:     83.58 s
[09:20:30] iter:  180 | change:   0.05144 | c:    235.56717 | v:   0.50000 | time:     84.03 s
[09:20:31] iter:  181 | change:   0.05134 | c:    235.56602 | v:   0.50000 | time:     84.47 s
[09:20:31] iter:  182 | change:   0.05238 | c:    235.56489 | v:   0.50000 | time:     84.92 s
[09:20:31] iter:  183 | change:   0.05543 | c:    235.56380 | v:   0.50000 | time:     85.36 s
[09:20:32] iter:  184 | change:   0.05359 | c:    235.55594 | v:   0.50000 | time:     85.80 s
[09:20:32] iter:  185 | change:   0.05468 | c:    235.55401 | v:   0.50000 | time:     86.24 s
[09:20:33] iter:  186 | change:   0.05583 | c:    235.55199 | v:   0.50000 | time:     86.70 s
[09:20:33] iter:  187 | change:   0.05615 | c:    235.55021 | v:   0.50000 | time:     87.15 s
[09:20:34] iter:  188 | change:   0.06006 | c:    235.54846 | v:   0.50000 | time:     87.60 s
[09:20:34] iter:  189 | change:   0.06559 | c:    235.54699 | v:   0.50000 | time:     88.04 s
[09:20:35] iter:  190 | change:   0.06839 | c:    235.53938 | v:   0.50000 | time:     88.49 s
[09:20:35] iter:  191 | change:   0.07129 | c:    235.53769 | v:   0.50000 | time:     88.93 s
[09:20:35] iter:  192 | change:   0.07085 | c:    235.53814 | v:   0.50000 | time:     89.37 s
[09:20:36] iter:  193 | change:   0.06970 | c:    235.53562 | v:   0.50000 | time:     89.82 s
[09:20:36] iter:  194 | change:   0.07559 | c:    235.53344 | v:   0.50000 | time:     90.25 s
[09:20:37] iter:  195 | change:   0.07195 | c:    235.53113 | v:   0.50000 | time:     90.69 s
[09:20:37] iter:  196 | change:   0.06647 | c:    235.52937 | v:   0.50000 | time:     91.12 s
[09:20:38] iter:  197 | change:   0.07219 | c:    235.52728 | v:   0.50000 | time:     91.60 s
[09:20:38] iter:  198 | change:   0.06751 | c:    235.52573 | v:   0.50000 | time:     92.09 s
[09:20:39] iter:  199 | change:   0.07087 | c:    235.52420 | v:   0.50000 | time:     92.55 s
[09:20:39] iter:  200 | change:   0.07704 | c:    235.52263 | v:   0.50000 | time:     93.00 s
[09:20:40] iter:  201 | change:   0.06820 | c:    235.52065 | v:   0.50000 | time:     93.43 s
[09:20:40] iter:  202 | change:   0.07410 | c:    235.51886 | v:   0.50000 | time:     93.88 s
[09:20:40] iter:  203 | change:   0.06452 | c:    235.51679 | v:   0.50000 | time:     94.31 s
[09:20:41] iter:  204 | change:   0.06998 | c:    235.51509 | v:   0.50000 | time:     94.76 s
[09:20:41] iter:  205 | change:   0.07594 | c:    235.51368 | v:   0.50000 | time:     95.19 s
[09:20:42] iter:  206 | change:   0.06694 | c:    235.51224 | v:   0.50000 | time:     95.64 s
[09:20:42] iter:  207 | change:   0.07112 | c:    235.50599 | v:   0.50000 | time:     96.07 s
[09:20:43] iter:  208 | change:   0.06189 | c:    235.50556 | v:   0.50000 | time:     96.51 s
[09:20:43] iter:  209 | change:   0.06692 | c:    235.50502 | v:   0.50000 | time:     96.94 s
[09:20:43] iter:  210 | change:   0.07398 | c:    235.50468 | v:   0.50000 | time:     97.38 s
[09:20:44] iter:  211 | change:   0.06482 | c:    235.49936 | v:   0.50000 | time:     97.84 s
[09:20:44] iter:  212 | change:   0.07007 | c:    235.49973 | v:   0.50000 | time:     98.28 s
[09:20:45] iter:  213 | change:   0.06769 | c:    235.49987 | v:   0.50000 | time:     98.71 s
[09:20:45] iter:  214 | change:   0.06638 | c:    235.49483 | v:   0.50000 | time:     99.14 s
[09:20:46] iter:  215 | change:   0.04821 | c:    235.49514 | v:   0.50000 | time:     99.58 s
[09:20:46] iter:  216 | change:   0.04935 | c:    235.49098 | v:   0.50000 | time:    100.03 s
[09:20:47] iter:  217 | change:   0.05344 | c:    235.49240 | v:   0.50000 | time:    100.46 s
[09:20:47] iter:  218 | change:   0.03895 | c:    235.48855 | v:   0.50000 | time:    100.89 s
[09:20:47] iter:  219 | change:   0.04252 | c:    235.49009 | v:   0.50000 | time:    101.32 s
[09:20:48] iter:  220 | change:   0.04368 | c:    235.48675 | v:   0.50000 | time:    101.75 s
[09:20:48] iter:  221 | change:   0.04768 | c:    235.48839 | v:   0.50000 | time:    102.20 s
[09:20:49] iter:  222 | change:   0.04898 | c:    235.48473 | v:   0.50000 | time:    102.63 s
[09:20:49] iter:  223 | change:   0.05344 | c:    235.48602 | v:   0.50000 | time:    103.08 s
[09:20:50] iter:  224 | change:   0.04773 | c:    235.48196 | v:   0.50000 | time:    103.53 s
[09:20:50] iter:  225 | change:   0.05211 | c:    235.48327 | v:   0.50000 | time:    103.97 s
[09:20:51] iter:  226 | change:   0.05365 | c:    235.47954 | v:   0.50000 | time:    104.41 s
[09:20:51] iter:  227 | change:   0.04688 | c:    235.48068 | v:   0.50000 | time:    104.89 s
[09:20:51] iter:  228 | change:   0.04973 | c:    235.47750 | v:   0.50000 | time:    105.32 s
[09:20:52] iter:  229 | change:   0.05119 | c:    235.47482 | v:   0.50000 | time:    105.76 s
[09:20:52] iter:  230 | change:   0.03937 | c:    235.47667 | v:   0.50000 | time:    106.20 s
[09:20:53] iter:  231 | change:   0.04167 | c:    235.47367 | v:   0.50000 | time:    106.65 s
[09:20:53] iter:  232 | change:   0.04276 | c:    235.47087 | v:   0.50000 | time:    107.09 s
[09:20:54] iter:  233 | change:   0.04665 | c:    235.47249 | v:   0.50000 | time:    107.52 s
[09:20:54] iter:  234 | change:   0.04787 | c:    235.46928 | v:   0.50000 | time:    107.96 s
[09:20:55] iter:  235 | change:   0.05221 | c:    235.47038 | v:   0.50000 | time:    108.42 s
[09:20:55] iter:  236 | change:   0.04045 | c:    235.46681 | v:   0.50000 | time:    108.89 s
[09:20:55] iter:  237 | change:   0.04402 | c:    235.46793 | v:   0.50000 | time:    109.32 s
[09:20:56] iter:  238 | change:   0.04126 | c:    235.46410 | v:   0.50000 | time:    109.76 s
[09:20:56] iter:  239 | change:   0.04274 | c:    235.46447 | v:   0.50000 | time:    110.21 s
[09:20:57] iter:  240 | change:   0.04663 | c:    235.46460 | v:   0.50000 | time:    110.65 s
[09:20:57] iter:  241 | change:   0.04778 | c:    235.45985 | v:   0.50000 | time:    111.10 s
[09:20:58] iter:  242 | change:   0.05042 | c:    235.45932 | v:   0.50000 | time:    111.54 s
[09:20:58] iter:  243 | change:   0.04736 | c:    235.45828 | v:   0.50000 | time:    111.97 s
[09:20:59] iter:  244 | change:   0.05015 | c:    235.45713 | v:   0.50000 | time:    112.40 s
[09:20:59] iter:  245 | change:   0.04523 | c:    235.45560 | v:   0.50000 | time:    112.84 s
[09:20:59] iter:  246 | change:   0.04767 | c:    235.45393 | v:   0.50000 | time:    113.27 s
[09:21:00] iter:  247 | change:   0.03782 | c:    235.45199 | v:   0.50000 | time:    113.72 s
[09:21:00] iter:  248 | change:   0.04121 | c:    235.45448 | v:   0.50000 | time:    114.17 s
[09:21:01] iter:  249 | change:   0.04131 | c:    235.45186 | v:   0.50000 | time:    114.61 s
[09:21:01] iter:  250 | change:   0.04374 | c:    235.44911 | v:   0.50000 | time:    115.04 s
[09:21:02] iter:  251 | change:   0.04488 | c:    235.44628 | v:   0.50000 | time:    115.48 s
[09:21:02] iter:  252 | change:   0.04899 | c:    235.44773 | v:   0.50000 | time:    115.93 s
[09:21:02] iter:  253 | change:   0.05028 | c:    235.44389 | v:   0.50000 | time:    116.37 s
[09:21:03] iter:  254 | change:   0.05040 | c:    235.44440 | v:   0.50000 | time:    116.81 s
[09:21:03] iter:  255 | change:   0.04401 | c:    235.43997 | v:   0.50000 | time:    117.26 s
[09:21:04] iter:  256 | change:   0.04645 | c:    235.43998 | v:   0.50000 | time:    117.68 s
[09:21:04] iter:  257 | change:   0.04204 | c:    235.43952 | v:   0.50000 | time:    118.12 s
[09:21:05] iter:  258 | change:   0.04001 | c:    235.43858 | v:   0.50000 | time:    118.55 s
[09:21:05] iter:  259 | change:   0.04092 | c:    235.43259 | v:   0.50000 | time:    118.98 s
[09:21:06] iter:  260 | change:   0.04321 | c:    235.43134 | v:   0.50000 | time:    119.42 s
[09:21:06] iter:  261 | change:   0.04567 | c:    235.42959 | v:   0.50000 | time:    119.88 s
[09:21:06] iter:  262 | change:   0.04669 | c:    235.42726 | v:   0.50000 | time:    120.32 s
[09:21:07] iter:  263 | change:   0.04273 | c:    235.42920 | v:   0.50000 | time:    120.76 s
[09:21:07] iter:  264 | change:   0.04619 | c:    235.42536 | v:   0.50000 | time:    121.19 s
[09:21:08] iter:  265 | change:   0.04888 | c:    235.42080 | v:   0.50000 | time:    121.62 s
[09:21:08] iter:  266 | change:   0.05278 | c:    235.42060 | v:   0.50000 | time:    122.06 s
[09:21:09] iter:  267 | change:   0.05695 | c:    235.41950 | v:   0.50000 | time:    122.51 s
[09:21:09] iter:  268 | change:   0.06141 | c:    235.41752 | v:   0.50000 | time:    122.97 s
[09:21:10] iter:  269 | change:   0.06616 | c:    235.41516 | v:   0.50000 | time:    123.42 s
[09:21:10] iter:  270 | change:   0.07122 | c:    235.41230 | v:   0.50000 | time:    123.86 s
[09:21:10] iter:  271 | change:   0.06927 | c:    235.40860 | v:   0.50000 | time:    124.29 s
[09:21:11] iter:  272 | change:   0.07416 | c:    235.40474 | v:   0.50000 | time:    124.74 s
[09:21:11] iter:  273 | change:   0.07112 | c:    235.40160 | v:   0.50000 | time:    125.19 s
[09:21:12] iter:  274 | change:   0.06447 | c:    235.39842 | v:   0.50000 | time:    125.64 s
[09:21:12] iter:  275 | change:   0.07178 | c:    235.40021 | v:   0.50000 | time:    126.07 s
[09:21:13] iter:  276 | change:   0.06424 | c:    235.39640 | v:   0.50000 | time:    126.49 s
[09:21:13] iter:  277 | change:   0.07030 | c:    235.39298 | v:   0.50000 | time:    126.92 s
[09:21:13] iter:  278 | change:   0.07860 | c:    235.39086 | v:   0.50000 | time:    127.36 s
[09:21:14] iter:  279 | change:   0.06682 | c:    235.38480 | v:   0.50000 | time:    127.78 s
[09:21:14] iter:  280 | change:   0.07618 | c:    235.38608 | v:   0.50000 | time:    128.21 s
[09:21:15] iter:  281 | change:   0.08112 | c:    235.38079 | v:   0.50000 | time:    128.64 s
[09:21:15] iter:  282 | change:   0.07058 | c:    235.37884 | v:   0.50000 | time:    129.06 s
[09:21:16] iter:  283 | change:   0.07708 | c:    235.37887 | v:   0.50000 | time:    129.52 s
[09:21:16] iter:  284 | change:   0.07224 | c:    235.37911 | v:   0.50000 | time:    129.98 s
[09:21:17] iter:  285 | change:   0.07067 | c:    235.37503 | v:   0.50000 | time:    130.43 s
[09:21:17] iter:  286 | change:   0.07857 | c:    235.37600 | v:   0.50000 | time:    130.89 s
[09:21:17] iter:  287 | change:   0.06610 | c:    235.37259 | v:   0.50000 | time:    131.34 s
[09:21:18] iter:  288 | change:   0.07343 | c:    235.37416 | v:   0.50000 | time:    131.77 s
[09:21:18] iter:  289 | change:   0.08010 | c:    235.37150 | v:   0.50000 | time:    132.20 s
[09:21:19] iter:  290 | change:   0.07004 | c:    235.36894 | v:   0.50000 | time:    132.63 s
[09:21:19] iter:  291 | change:   0.07772 | c:    235.37086 | v:   0.50000 | time:    133.07 s
[09:21:20] iter:  292 | change:   0.07307 | c:    235.36858 | v:   0.50000 | time:    133.49 s
[09:21:20] iter:  293 | change:   0.07941 | c:    235.36652 | v:   0.50000 | time:    133.93 s
[09:21:20] iter:  294 | change:   0.04757 | c:    235.36486 | v:   0.50000 | time:    134.37 s
[09:21:21] iter:  295 | change:   0.03996 | c:    235.36430 | v:   0.50000 | time:    134.80 s
[09:21:21] iter:  296 | change:   0.04221 | c:    235.36405 | v:   0.50000 | time:    135.23 s
[09:21:22] iter:  297 | change:   0.04467 | c:    235.36375 | v:   0.50000 | time:    135.67 s
[09:21:22] iter:  298 | change:   0.04728 | c:    235.36332 | v:   0.50000 | time:    136.14 s
[09:21:23] iter:  299 | change:   0.05157 | c:    235.36270 | v:   0.50000 | time:    136.57 s

Saved step 3 (MTOP) result data:
  C:\Users\campa\Desktop\Structural-Optimization-LUKASTIEBERT\matlab\results\mtop_oc_density.mat
  C:\Users\campa\Desktop\Structural-Optimization-LUKASTIEBERT\matlab\results\mtop_oc_density_history.csv
  C:\Users\campa\Desktop\Structural-Optimization-LUKASTIEBERT\matlab\results\mtop_oc_density_summary.txt
Saved step 3 (MTOP) figures in:
  C:\Users\campa\Desktop\Structural-Optimization-LUKASTIEBERT\matlab\figures

Step 3 (MTOP density) completed.
  Iterations:              299
  Elapsed time [s]:        136.57
  MTOP compliance:         235.362701
  Fine-mesh compliance:    240.983645
  Volume fraction:         0.499997
  Speedup vs classical:    5.07

Running assignment step 4: MTOP MMA sensitivity
  FE mesh:       120 x 40 elements
  Density mesh:  600 x 200 cells
  Cells per FE:  5 x 5
  Volume target: 0.5000
  Penalization:  3.0000
  Filter radius: 24.0000 density cells (sensitivity filter)

[09:21:35] iter:    1 | change:   1.00000 | c:   1027.43234 | v:   0.50000 | time:      0.85 s
[09:21:36] iter:    2 | change:   0.19997 | c:    751.47259 | v:   0.47219 | time:      1.39 s
[09:21:37] iter:    3 | change:   0.17262 | c:    559.69164 | v:   0.48148 | time:      1.91 s
[09:21:37] iter:    4 | change:   0.15148 | c:    456.44311 | v:   0.48834 | time:      2.44 s
[09:21:38] iter:    5 | change:   0.13525 | c:    399.59623 | v:   0.49300 | time:      3.03 s
[09:21:38] iter:    6 | change:   0.11908 | c:    369.73339 | v:   0.49650 | time:      3.56 s
[09:21:39] iter:    7 | change:   0.11802 | c:    353.18429 | v:   0.49797 | time:      4.11 s
[09:21:39] iter:    8 | change:   0.19088 | c:    343.97130 | v:   0.49834 | time:      4.62 s
[09:21:40] iter:    9 | change:   0.19935 | c:    336.67177 | v:   0.49829 | time:      5.13 s
[09:21:40] iter:   10 | change:   0.19907 | c:    328.81227 | v:   0.49851 | time:      5.66 s
[09:21:41] iter:   11 | change:   0.19972 | c:    323.67623 | v:   0.49864 | time:      6.17 s
[09:21:41] iter:   12 | change:   0.19975 | c:    320.25085 | v:   0.49832 | time:      6.70 s
[09:21:42] iter:   13 | change:   0.19993 | c:    315.66539 | v:   0.49790 | time:      7.24 s
[09:21:42] iter:   14 | change:   0.19984 | c:    308.28566 | v:   0.49809 | time:      7.78 s
[09:21:43] iter:   15 | change:   0.19990 | c:    303.05737 | v:   0.49838 | time:      8.34 s
[09:21:44] iter:   16 | change:   0.19994 | c:    297.50800 | v:   0.49816 | time:      8.87 s
[09:21:44] iter:   17 | change:   0.19988 | c:    292.25428 | v:   0.49798 | time:      9.39 s
[09:21:45] iter:   18 | change:   0.19991 | c:    286.11754 | v:   0.49659 | time:      9.89 s
[09:21:45] iter:   19 | change:   0.19993 | c:    285.31687 | v:   0.49414 | time:     10.41 s
[09:21:46] iter:   20 | change:   0.19995 | c:    275.24649 | v:   0.49203 | time:     11.01 s
[09:21:46] iter:   21 | change:   0.19997 | c:    271.19106 | v:   0.49274 | time:     11.62 s
[09:21:47] iter:   22 | change:   0.19996 | c:    263.65889 | v:   0.49309 | time:     12.24 s
[09:21:47] iter:   23 | change:   0.19995 | c:    258.41038 | v:   0.49401 | time:     12.85 s
[09:21:48] iter:   24 | change:   0.19992 | c:    251.44097 | v:   0.49511 | time:     13.45 s
[09:21:49] iter:   25 | change:   0.19990 | c:    246.09541 | v:   0.49636 | time:     14.13 s
[09:21:50] iter:   26 | change:   0.19992 | c:    240.48699 | v:   0.49713 | time:     14.93 s
[09:21:50] iter:   27 | change:   0.19977 | c:    237.31475 | v:   0.49790 | time:     15.66 s
[09:21:51] iter:   28 | change:   0.19984 | c:    234.30910 | v:   0.49821 | time:     16.42 s
[09:21:52] iter:   29 | change:   0.19973 | c:    232.07766 | v:   0.49866 | time:     17.20 s
[09:21:53] iter:   30 | change:   0.19988 | c:    231.07026 | v:   0.49840 | time:     18.01 s
[09:21:53] iter:   31 | change:   0.19981 | c:    229.20323 | v:   0.49868 | time:     18.69 s
[09:21:54] iter:   32 | change:   0.19975 | c:    228.21993 | v:   0.49880 | time:     19.40 s
[09:21:55] iter:   33 | change:   0.19980 | c:    227.08243 | v:   0.49912 | time:     20.17 s
[09:21:56] iter:   34 | change:   0.19985 | c:    225.95559 | v:   0.49936 | time:     20.92 s
[09:21:56] iter:   35 | change:   0.19988 | c:    225.80189 | v:   0.49940 | time:     21.69 s
[09:21:57] iter:   36 | change:   0.19988 | c:    225.42119 | v:   0.49944 | time:     22.56 s
[09:21:58] iter:   37 | change:   0.19960 | c:    224.97206 | v:   0.49948 | time:     23.35 s
[09:21:59] iter:   38 | change:   0.19976 | c:    224.67961 | v:   0.49956 | time:     24.08 s
[09:21:59] iter:   39 | change:   0.19980 | c:    224.46300 | v:   0.49964 | time:     24.80 s
[09:22:00] iter:   40 | change:   0.19984 | c:    223.83407 | v:   0.49974 | time:     25.49 s
[09:22:01] iter:   41 | change:   0.19985 | c:    224.03052 | v:   0.49969 | time:     26.18 s
[09:22:02] iter:   42 | change:   0.19977 | c:    223.45126 | v:   0.49975 | time:     26.90 s
[09:22:02] iter:   43 | change:   0.19983 | c:    223.63512 | v:   0.49975 | time:     27.55 s
[09:22:03] iter:   44 | change:   0.19988 | c:    223.12777 | v:   0.49970 | time:     28.19 s
[09:22:03] iter:   45 | change:   0.19981 | c:    223.63499 | v:   0.49956 | time:     28.85 s
[09:22:04] iter:   46 | change:   0.19984 | c:    223.18077 | v:   0.49945 | time:     29.55 s
[09:22:05] iter:   47 | change:   0.19989 | c:    223.33278 | v:   0.49945 | time:     30.22 s
[09:22:06] iter:   48 | change:   0.19990 | c:    222.92037 | v:   0.49964 | time:     30.95 s
[09:22:06] iter:   49 | change:   0.19989 | c:    222.73403 | v:   0.49977 | time:     31.73 s
[09:22:07] iter:   50 | change:   0.19971 | c:    222.59594 | v:   0.49984 | time:     32.49 s
[09:22:08] iter:   51 | change:   0.19977 | c:    222.44903 | v:   0.49989 | time:     33.24 s
[09:22:09] iter:   52 | change:   0.19963 | c:    222.35016 | v:   0.49993 | time:     34.04 s
[09:22:09] iter:   53 | change:   0.19857 | c:    222.24602 | v:   0.49996 | time:     34.83 s
[09:22:10] iter:   54 | change:   0.19912 | c:    222.19472 | v:   0.49997 | time:     35.59 s
[09:22:11] iter:   55 | change:   0.18817 | c:    222.10369 | v:   0.49997 | time:     36.34 s
[09:22:12] iter:   56 | change:   0.19949 | c:    222.06973 | v:   0.49996 | time:     37.10 s
[09:22:13] iter:   57 | change:   0.19975 | c:    222.00792 | v:   0.49994 | time:     38.08 s
[09:22:14] iter:   58 | change:   0.19984 | c:    222.00293 | v:   0.49989 | time:     38.87 s
[09:22:14] iter:   59 | change:   0.19988 | c:    222.24867 | v:   0.49976 | time:     39.65 s
[09:22:15] iter:   60 | change:   0.19988 | c:    222.20311 | v:   0.49967 | time:     40.45 s
[09:22:16] iter:   61 | change:   0.19992 | c:    222.48134 | v:   0.49943 | time:     41.25 s
[09:22:17] iter:   62 | change:   0.19988 | c:    222.57769 | v:   0.49943 | time:     42.07 s
[09:22:18] iter:   63 | change:   0.19992 | c:    222.16382 | v:   0.49957 | time:     42.91 s
[09:22:18] iter:   64 | change:   0.19985 | c:    222.04910 | v:   0.49973 | time:     43.78 s
[09:22:19] iter:   65 | change:   0.19984 | c:    221.88277 | v:   0.49986 | time:     44.79 s
[09:22:20] iter:   66 | change:   0.19904 | c:    221.80943 | v:   0.49993 | time:     45.70 s
[09:22:21] iter:   67 | change:   0.19765 | c:    221.68146 | v:   0.49997 | time:     46.50 s
[09:22:22] iter:   68 | change:   0.19958 | c:    221.70481 | v:   0.49998 | time:     47.34 s
[09:22:23] iter:   69 | change:   0.19436 | c:    221.64151 | v:   0.49998 | time:     48.31 s
[09:22:24] iter:   70 | change:   0.14043 | c:    221.60378 | v:   0.49999 | time:     49.11 s
[09:22:25] iter:   71 | change:   0.17968 | c:    221.56518 | v:   0.49999 | time:     49.88 s
[09:22:25] iter:   72 | change:   0.17778 | c:    221.51089 | v:   0.49998 | time:     50.65 s
[09:22:26] iter:   73 | change:   0.19750 | c:    221.47991 | v:   0.49998 | time:     51.41 s
[09:22:27] iter:   74 | change:   0.19985 | c:    221.41070 | v:   0.49997 | time:     52.17 s
[09:22:28] iter:   75 | change:   0.19979 | c:    221.44712 | v:   0.49993 | time:     52.87 s
[09:22:28] iter:   76 | change:   0.19985 | c:    221.51470 | v:   0.49987 | time:     53.63 s
[09:22:29] iter:   77 | change:   0.19988 | c:    221.53843 | v:   0.49975 | time:     54.47 s
[09:22:30] iter:   78 | change:   0.19990 | c:    221.94889 | v:   0.49950 | time:     55.23 s
[09:22:31] iter:   79 | change:   0.19992 | c:    222.04268 | v:   0.49925 | time:     55.96 s
[09:22:31] iter:   80 | change:   0.19992 | c:    222.12366 | v:   0.49927 | time:     56.70 s
[09:22:32] iter:   81 | change:   0.19987 | c:    221.85834 | v:   0.49945 | time:     57.40 s
[09:22:33] iter:   82 | change:   0.19993 | c:    221.49789 | v:   0.49972 | time:     58.16 s
[09:22:34] iter:   83 | change:   0.19985 | c:    221.37843 | v:   0.49986 | time:     58.88 s
[09:22:34] iter:   84 | change:   0.19973 | c:    221.23586 | v:   0.49995 | time:     59.70 s
[09:22:35] iter:   85 | change:   0.19048 | c:    221.20706 | v:   0.49998 | time:     60.42 s
[09:22:36] iter:   86 | change:   0.10434 | c:    221.19956 | v:   0.49999 | time:     61.16 s
[09:22:37] iter:   87 | change:   0.06861 | c:    221.18479 | v:   0.49999 | time:     61.89 s
[09:22:37] iter:   88 | change:   0.05138 | c:    221.17259 | v:   0.49999 | time:     62.65 s
[09:22:38] iter:   89 | change:   0.06378 | c:    221.15136 | v:   0.49999 | time:     63.43 s
[09:22:39] iter:   90 | change:   0.06285 | c:    221.13502 | v:   0.49999 | time:     64.22 s
[09:22:40] iter:   91 | change:   0.15679 | c:    221.09838 | v:   0.49999 | time:     65.05 s
[09:22:41] iter:   92 | change:   0.19930 | c:    221.10672 | v:   0.49999 | time:     65.96 s
[09:22:41] iter:   93 | change:   0.19954 | c:    221.03537 | v:   0.49998 | time:     66.83 s
[09:22:42] iter:   94 | change:   0.19983 | c:    221.20616 | v:   0.49993 | time:     67.66 s
[09:22:43] iter:   95 | change:   0.19985 | c:    221.11906 | v:   0.49985 | time:     68.46 s
[09:22:44] iter:   96 | change:   0.19991 | c:    221.68751 | v:   0.49959 | time:     69.31 s
[09:22:45] iter:   97 | change:   0.19990 | c:    221.92273 | v:   0.49915 | time:     70.10 s
[09:22:46] iter:   98 | change:   0.19988 | c:    221.79777 | v:   0.49909 | time:     70.90 s
[09:22:46] iter:   99 | change:   0.19984 | c:    221.88314 | v:   0.49928 | time:     71.75 s
[09:22:47] iter:  100 | change:   0.19986 | c:    221.38194 | v:   0.49968 | time:     72.57 s
[09:22:48] iter:  101 | change:   0.19986 | c:    221.09898 | v:   0.49989 | time:     73.40 s
[09:22:49] iter:  102 | change:   0.19985 | c:    220.99415 | v:   0.49996 | time:     74.51 s
[09:22:50] iter:  103 | change:   0.19885 | c:    220.97137 | v:   0.49999 | time:     75.43 s
[09:22:51] iter:  104 | change:   0.12616 | c:    220.97134 | v:   0.49999 | time:     76.26 s
[09:22:52] iter:  105 | change:   0.06569 | c:    220.96524 | v:   0.50000 | time:     77.15 s
[09:22:53] iter:  106 | change:   0.03689 | c:    220.96177 | v:   0.50000 | time:     77.88 s
[09:22:53] iter:  107 | change:   0.02994 | c:    220.94893 | v:   0.50000 | time:     78.69 s
[09:22:54] iter:  108 | change:   0.03450 | c:    220.93313 | v:   0.50000 | time:     79.47 s
[09:22:55] iter:  109 | change:   0.07035 | c:    220.91721 | v:   0.50000 | time:     80.30 s
[09:22:56] iter:  110 | change:   0.19653 | c:    220.88823 | v:   0.49999 | time:     81.11 s
[09:22:57] iter:  111 | change:   0.19864 | c:    220.90361 | v:   0.49998 | time:     81.93 s
[09:22:57] iter:  112 | change:   0.19977 | c:    220.84408 | v:   0.49997 | time:     82.80 s
[09:22:58] iter:  113 | change:   0.19985 | c:    220.92287 | v:   0.49994 | time:     83.58 s
[09:22:59] iter:  114 | change:   0.19989 | c:    221.01992 | v:   0.49987 | time:     84.35 s
[09:23:00] iter:  115 | change:   0.19992 | c:    221.18194 | v:   0.49973 | time:     85.16 s
[09:23:01] iter:  116 | change:   0.19991 | c:    221.51278 | v:   0.49933 | time:     85.97 s
[09:23:01] iter:  117 | change:   0.19992 | c:    222.42963 | v:   0.49885 | time:     86.79 s
[09:23:02] iter:  118 | change:   0.19990 | c:    221.80590 | v:   0.49881 | time:     87.57 s
[09:23:03] iter:  119 | change:   0.19989 | c:    221.59488 | v:   0.49920 | time:     88.35 s
[09:23:04] iter:  120 | change:   0.19993 | c:    221.24024 | v:   0.49958 | time:     89.11 s
[09:23:05] iter:  121 | change:   0.19954 | c:    220.97035 | v:   0.49985 | time:     89.88 s
[09:23:05] iter:  122 | change:   0.19958 | c:    220.82761 | v:   0.49995 | time:     90.65 s
[09:23:06] iter:  123 | change:   0.17545 | c:    220.78943 | v:   0.49999 | time:     91.43 s
[09:23:07] iter:  124 | change:   0.10048 | c:    220.78696 | v:   0.50000 | time:     92.22 s
[09:23:08] iter:  125 | change:   0.04504 | c:    220.78908 | v:   0.50000 | time:     92.98 s
[09:23:08] iter:  126 | change:   0.02165 | c:    220.79305 | v:   0.50000 | time:     93.79 s
[09:23:09] iter:  127 | change:   0.02969 | c:    220.79218 | v:   0.50000 | time:     94.58 s
[09:23:10] iter:  128 | change:   0.12874 | c:    220.79158 | v:   0.50000 | time:     95.34 s
[09:23:11] iter:  129 | change:   0.10986 | c:    220.78545 | v:   0.50000 | time:     96.13 s
[09:23:12] iter:  130 | change:   0.07078 | c:    220.78399 | v:   0.50000 | time:     96.89 s
[09:23:12] iter:  131 | change:   0.19282 | c:    220.77166 | v:   0.49999 | time:     97.66 s
[09:23:13] iter:  132 | change:   0.19974 | c:    220.80114 | v:   0.49998 | time:     98.44 s
[09:23:14] iter:  133 | change:   0.19958 | c:    220.81387 | v:   0.49995 | time:     99.25 s
[09:23:15] iter:  134 | change:   0.19990 | c:    220.91642 | v:   0.49988 | time:    100.06 s
[09:23:16] iter:  135 | change:   0.19987 | c:    221.01938 | v:   0.49976 | time:    100.85 s
[09:23:16] iter:  136 | change:   0.19992 | c:    221.35345 | v:   0.49951 | time:    101.62 s
[09:23:17] iter:  137 | change:   0.19990 | c:    221.49292 | v:   0.49948 | time:    102.37 s
[09:23:18] iter:  138 | change:   0.19991 | c:    221.45087 | v:   0.49929 | time:    103.15 s
[09:23:19] iter:  139 | change:   0.19991 | c:    221.60415 | v:   0.49930 | time:    103.93 s
[09:23:19] iter:  140 | change:   0.19990 | c:    221.08582 | v:   0.49957 | time:    104.65 s
[09:23:20] iter:  141 | change:   0.19966 | c:    220.88439 | v:   0.49986 | time:    105.42 s
[09:23:21] iter:  142 | change:   0.19922 | c:    220.76338 | v:   0.49997 | time:    106.18 s
[09:23:22] iter:  143 | change:   0.19818 | c:    220.74177 | v:   0.49999 | time:    106.91 s
[09:23:22] iter:  144 | change:   0.11575 | c:    220.74599 | v:   0.50000 | time:    107.65 s
[09:23:23] iter:  145 | change:   0.04337 | c:    220.75360 | v:   0.50000 | time:    108.35 s
[09:23:24] iter:  146 | change:   0.02986 | c:    220.76142 | v:   0.50000 | time:    109.07 s
[09:23:24] iter:  147 | change:   0.01280 | c:    220.76858 | v:   0.50000 | time:    109.80 s
[09:23:25] iter:  148 | change:   0.01163 | c:    220.77164 | v:   0.50000 | time:    110.57 s
[09:23:26] iter:  149 | change:   0.01436 | c:    220.77274 | v:   0.50000 | time:    111.30 s
[09:23:27] iter:  150 | change:   0.04871 | c:    220.77217 | v:   0.50000 | time:    112.05 s
[09:23:27] iter:  151 | change:   0.14070 | c:    220.76851 | v:   0.50000 | time:    112.81 s
[09:23:28] iter:  152 | change:   0.16980 | c:    220.76743 | v:   0.50000 | time:    113.59 s
[09:23:29] iter:  153 | change:   0.19951 | c:    220.75992 | v:   0.49999 | time:    114.35 s
[09:23:30] iter:  154 | change:   0.19921 | c:    220.78002 | v:   0.49998 | time:    115.13 s
[09:23:31] iter:  155 | change:   0.19981 | c:    220.81044 | v:   0.49995 | time:    115.93 s
[09:23:31] iter:  156 | change:   0.19988 | c:    220.87785 | v:   0.49987 | time:    116.66 s
[09:23:32] iter:  157 | change:   0.19990 | c:    221.31079 | v:   0.49968 | time:    117.42 s
[09:23:33] iter:  158 | change:   0.19991 | c:    221.44129 | v:   0.49930 | time:    118.20 s
[09:23:34] iter:  159 | change:   0.19989 | c:    222.34352 | v:   0.49872 | time:    118.98 s
[09:23:34] iter:  160 | change:   0.19991 | c:    222.28904 | v:   0.49855 | time:    119.76 s
[09:23:35] iter:  161 | change:   0.19993 | c:    221.63715 | v:   0.49907 | time:    120.54 s
[09:23:36] iter:  162 | change:   0.19990 | c:    221.16526 | v:   0.49963 | time:    121.31 s
[09:23:37] iter:  163 | change:   0.19990 | c:    220.82305 | v:   0.49988 | time:    122.03 s
[09:23:37] iter:  164 | change:   0.19945 | c:    220.73559 | v:   0.49996 | time:    122.80 s
[09:23:38] iter:  165 | change:   0.19905 | c:    220.71462 | v:   0.49998 | time:    123.58 s
[09:23:39] iter:  166 | change:   0.18083 | c:    220.72203 | v:   0.49999 | time:    124.36 s
[09:23:40] iter:  167 | change:   0.10398 | c:    220.73784 | v:   0.50000 | time:    125.14 s
[09:23:41] iter:  168 | change:   0.05566 | c:    220.74986 | v:   0.50000 | time:    125.90 s
[09:23:41] iter:  169 | change:   0.03558 | c:    220.76241 | v:   0.50000 | time:    126.65 s
[09:23:42] iter:  170 | change:   0.01588 | c:    220.77197 | v:   0.50000 | time:    127.47 s
[09:23:43] iter:  171 | change:   0.01840 | c:    220.77920 | v:   0.50000 | time:    128.27 s
[09:23:44] iter:  172 | change:   0.04656 | c:    220.78516 | v:   0.50000 | time:    129.05 s
[09:23:44] iter:  173 | change:   0.09865 | c:    220.79122 | v:   0.50000 | time:    129.84 s
[09:23:45] iter:  174 | change:   0.19847 | c:    220.79610 | v:   0.49999 | time:    130.64 s
[09:23:46] iter:  175 | change:   0.19894 | c:    220.82556 | v:   0.49998 | time:    131.41 s
[09:23:47] iter:  176 | change:   0.19956 | c:    220.83306 | v:   0.49994 | time:    132.17 s
[09:23:48] iter:  177 | change:   0.19986 | c:    221.03050 | v:   0.49985 | time:    132.96 s
[09:23:48] iter:  178 | change:   0.19989 | c:    221.28963 | v:   0.49963 | time:    133.73 s
[09:23:49] iter:  179 | change:   0.19991 | c:    221.74895 | v:   0.49917 | time:    134.53 s
[09:23:50] iter:  180 | change:   0.19992 | c:    222.60264 | v:   0.49866 | time:    135.30 s
[09:23:51] iter:  181 | change:   0.19992 | c:    221.82103 | v:   0.49876 | time:    136.04 s
[09:23:51] iter:  182 | change:   0.19988 | c:    221.47441 | v:   0.49937 | time:    136.80 s
[09:23:52] iter:  183 | change:   0.19983 | c:    220.98797 | v:   0.49979 | time:    137.58 s
[09:23:53] iter:  184 | change:   0.19965 | c:    220.84077 | v:   0.49992 | time:    138.31 s
[09:23:54] iter:  185 | change:   0.19062 | c:    220.77763 | v:   0.49998 | time:    139.06 s
[09:23:54] iter:  186 | change:   0.12101 | c:    220.77382 | v:   0.49999 | time:    139.81 s
[09:23:55] iter:  187 | change:   0.11119 | c:    220.78484 | v:   0.50000 | time:    140.56 s
[09:23:56] iter:  188 | change:   0.09988 | c:    220.79342 | v:   0.50000 | time:    141.32 s
[09:23:57] iter:  189 | change:   0.05130 | c:    220.79693 | v:   0.50000 | time:    142.11 s
[09:23:58] iter:  190 | change:   0.01660 | c:    220.80154 | v:   0.50000 | time:    142.88 s
[09:23:58] iter:  191 | change:   0.02642 | c:    220.80517 | v:   0.50000 | time:    143.68 s
[09:23:59] iter:  192 | change:   0.05023 | c:    220.80541 | v:   0.50000 | time:    144.48 s
[09:24:00] iter:  193 | change:   0.10548 | c:    220.81060 | v:   0.50000 | time:    145.27 s
[09:24:01] iter:  194 | change:   0.18308 | c:    220.80804 | v:   0.50000 | time:    146.04 s
[09:24:01] iter:  195 | change:   0.19947 | c:    220.81612 | v:   0.49999 | time:    146.80 s
[09:24:02] iter:  196 | change:   0.19918 | c:    220.86139 | v:   0.49997 | time:    147.54 s
[09:24:03] iter:  197 | change:   0.19969 | c:    220.78792 | v:   0.49995 | time:    148.28 s
[09:24:04] iter:  198 | change:   0.19990 | c:    221.10861 | v:   0.49986 | time:    149.06 s
[09:24:04] iter:  199 | change:   0.19990 | c:    220.99927 | v:   0.49972 | time:    149.82 s
[09:24:05] iter:  200 | change:   0.19990 | c:    221.55432 | v:   0.49944 | time:    150.55 s
[09:24:06] iter:  201 | change:   0.19993 | c:    221.63529 | v:   0.49923 | time:    151.35 s
[09:24:07] iter:  202 | change:   0.19991 | c:    221.53134 | v:   0.49940 | time:    152.09 s
[09:24:07] iter:  203 | change:   0.19991 | c:    221.14085 | v:   0.49966 | time:    152.80 s
[09:24:08] iter:  204 | change:   0.19988 | c:    220.93574 | v:   0.49985 | time:    153.51 s
[09:24:09] iter:  205 | change:   0.19948 | c:    220.81625 | v:   0.49995 | time:    154.23 s
[09:24:10] iter:  206 | change:   0.19900 | c:    220.78405 | v:   0.49998 | time:    154.97 s
[09:24:10] iter:  207 | change:   0.18482 | c:    220.78093 | v:   0.49999 | time:    155.74 s
[09:24:11] iter:  208 | change:   0.14330 | c:    220.78802 | v:   0.50000 | time:    156.47 s
[09:24:12] iter:  209 | change:   0.03566 | c:    220.79838 | v:   0.50000 | time:    157.20 s
[09:24:13] iter:  210 | change:   0.01855 | c:    220.80627 | v:   0.50000 | time:    157.94 s
[09:24:13] iter:  211 | change:   0.02075 | c:    220.81548 | v:   0.50000 | time:    158.68 s
[09:24:14] iter:  212 | change:   0.02760 | c:    220.82206 | v:   0.50000 | time:    159.42 s
[09:24:15] iter:  213 | change:   0.02790 | c:    220.82949 | v:   0.50000 | time:    160.15 s
[09:24:16] iter:  214 | change:   0.04809 | c:    220.83255 | v:   0.50000 | time:    160.93 s
[09:24:16] iter:  215 | change:   0.09260 | c:    220.84024 | v:   0.50000 | time:    161.67 s
[09:24:17] iter:  216 | change:   0.17846 | c:    220.85656 | v:   0.49999 | time:    162.41 s
[09:24:18] iter:  217 | change:   0.19752 | c:    220.85988 | v:   0.49997 | time:    163.15 s
[09:24:19] iter:  218 | change:   0.19985 | c:    221.00515 | v:   0.49992 | time:    163.91 s
[09:24:19] iter:  219 | change:   0.19982 | c:    220.94241 | v:   0.49984 | time:    164.65 s
[09:24:20] iter:  220 | change:   0.19985 | c:    221.35145 | v:   0.49970 | time:    165.39 s
[09:24:21] iter:  221 | change:   0.19982 | c:    221.35977 | v:   0.49954 | time:    166.14 s
[09:24:22] iter:  222 | change:   0.19990 | c:    221.29614 | v:   0.49965 | time:    166.90 s
[09:24:22] iter:  223 | change:   0.19987 | c:    221.03106 | v:   0.49983 | time:    167.64 s
[09:24:23] iter:  224 | change:   0.19988 | c:    220.91340 | v:   0.49994 | time:    168.36 s
[09:24:24] iter:  225 | change:   0.19956 | c:    220.86231 | v:   0.49998 | time:    169.06 s
[09:24:24] iter:  226 | change:   0.18453 | c:    220.84936 | v:   0.50000 | time:    169.74 s
[09:24:25] iter:  227 | change:   0.10097 | c:    220.85115 | v:   0.50000 | time:    170.43 s
[09:24:26] iter:  228 | change:   0.06733 | c:    220.85527 | v:   0.50000 | time:    171.13 s
[09:24:27] iter:  229 | change:   0.02756 | c:    220.85900 | v:   0.50000 | time:    171.86 s
[09:24:27] iter:  230 | change:   0.01618 | c:    220.86052 | v:   0.50000 | time:    172.58 s
[09:24:28] iter:  231 | change:   0.01012 | c:    220.86243 | v:   0.50000 | time:    173.27 s
[09:24:29] iter:  232 | change:   0.01753 | c:    220.86394 | v:   0.50000 | time:    173.97 s
[09:24:29] iter:  233 | change:   0.04536 | c:    220.86369 | v:   0.50000 | time:    174.72 s
[09:24:30] iter:  234 | change:   0.12695 | c:    220.86713 | v:   0.50000 | time:    175.47 s
[09:24:31] iter:  235 | change:   0.14657 | c:    220.86532 | v:   0.50000 | time:    176.21 s
[09:24:32] iter:  236 | change:   0.19872 | c:    220.88778 | v:   0.49999 | time:    176.96 s
[09:24:32] iter:  237 | change:   0.19977 | c:    220.90556 | v:   0.49996 | time:    177.71 s
[09:24:33] iter:  238 | change:   0.19988 | c:    220.98109 | v:   0.49992 | time:    178.45 s
[09:24:34] iter:  239 | change:   0.19986 | c:    221.15297 | v:   0.49978 | time:    179.17 s
[09:24:35] iter:  240 | change:   0.19991 | c:    221.31519 | v:   0.49963 | time:    179.91 s
[09:24:35] iter:  241 | change:   0.19991 | c:    221.49704 | v:   0.49951 | time:    180.65 s
[09:24:36] iter:  242 | change:   0.19992 | c:    221.38636 | v:   0.49948 | time:    181.39 s
[09:24:37] iter:  243 | change:   0.19990 | c:    221.35265 | v:   0.49966 | time:    182.15 s
[09:24:38] iter:  244 | change:   0.19988 | c:    220.96406 | v:   0.49987 | time:    182.91 s
[09:24:38] iter:  245 | change:   0.19976 | c:    220.88176 | v:   0.49996 | time:    183.65 s
[09:24:39] iter:  246 | change:   0.19956 | c:    220.86354 | v:   0.49998 | time:    184.36 s
[09:24:40] iter:  247 | change:   0.18140 | c:    220.85761 | v:   0.49999 | time:    185.09 s
[09:24:40] iter:  248 | change:   0.09417 | c:    220.86106 | v:   0.50000 | time:    185.82 s
[09:24:41] iter:  249 | change:   0.02453 | c:    220.86807 | v:   0.50000 | time:    186.53 s
[09:24:42] iter:  250 | change:   0.00827 | c:    220.87498 | v:   0.50000 | time:    187.28 s

Saved step 4 (MTOP MMA sensitivity) result data:
  C:\Users\campa\Desktop\Structural-Optimization-LUKASTIEBERT\matlab\results\mtop_mma_sensitivity.mat
  C:\Users\campa\Desktop\Structural-Optimization-LUKASTIEBERT\matlab\results\mtop_mma_sensitivity_history.csv
  C:\Users\campa\Desktop\Structural-Optimization-LUKASTIEBERT\matlab\results\mtop_mma_sensitivity_summary.txt
Saved step 4 (MTOP MMA sensitivity) figures in:
  C:\Users\campa\Desktop\Structural-Optimization-LUKASTIEBERT\matlab\figures

Step 4 (MTOP MMA sensitivity) completed.
  Iterations:           250
  Elapsed time [s]:     187.28
  MTOP compliance:      220.874978
  Fine-mesh compliance: 226.501684
  Volume fraction:      0.500000

Running assignment step 4: MTOP MMA density
  FE mesh:       120 x 40 elements
  Density mesh:  600 x 200 cells
  Cells per FE:  5 x 5
  Volume target: 0.5000
  Penalization:  3.0000
  Filter radius: 24.0000 density cells (density filter)

[09:24:51] iter:    1 | change:   1.00000 | c:   1027.43234 | v:   0.50000 | time:      0.63 s
[09:24:51] iter:    2 | change:   0.19997 | c:    762.77872 | v:   0.47183 | time:      1.18 s
[09:24:52] iter:    3 | change:   0.17078 | c:    572.55906 | v:   0.48052 | time:      1.73 s
[09:24:52] iter:    4 | change:   0.15192 | c:    468.60165 | v:   0.48714 | time:      2.33 s
[09:24:53] iter:    5 | change:   0.13673 | c:    410.10228 | v:   0.49205 | time:      2.93 s
[09:24:54] iter:    6 | change:   0.12293 | c:    379.31446 | v:   0.49576 | time:      3.50 s
[09:24:54] iter:    7 | change:   0.13185 | c:    362.78012 | v:   0.49741 | time:      4.09 s
[09:24:55] iter:    8 | change:   0.14338 | c:    352.14616 | v:   0.49809 | time:      4.65 s
[09:24:55] iter:    9 | change:   0.16268 | c:    344.37975 | v:   0.49851 | time:      5.22 s
[09:24:56] iter:   10 | change:   0.16892 | c:    338.29397 | v:   0.49877 | time:      5.80 s
[09:24:56] iter:   11 | change:   0.16171 | c:    332.48600 | v:   0.49872 | time:      6.33 s
[09:24:57] iter:   12 | change:   0.12905 | c:    326.37520 | v:   0.49854 | time:      6.89 s
[09:24:57] iter:   13 | change:   0.14235 | c:    320.04941 | v:   0.49852 | time:      7.44 s
[09:24:58] iter:   14 | change:   0.18100 | c:    313.72008 | v:   0.49851 | time:      7.97 s
[09:24:59] iter:   15 | change:   0.17692 | c:    307.83071 | v:   0.49862 | time:      8.51 s
[09:24:59] iter:   16 | change:   0.18817 | c:    302.12100 | v:   0.49865 | time:      9.04 s
[09:25:00] iter:   17 | change:   0.19188 | c:    296.39989 | v:   0.49864 | time:      9.67 s
[09:25:00] iter:   18 | change:   0.19368 | c:    290.17905 | v:   0.49836 | time:     10.35 s
[09:25:01] iter:   19 | change:   0.19629 | c:    283.70585 | v:   0.49777 | time:     10.94 s
[09:25:02] iter:   20 | change:   0.19656 | c:    277.53116 | v:   0.49675 | time:     11.52 s
[09:25:02] iter:   21 | change:   0.19843 | c:    271.92395 | v:   0.49501 | time:     12.07 s
[09:25:03] iter:   22 | change:   0.19818 | c:    262.50454 | v:   0.49617 | time:     12.59 s
[09:25:03] iter:   23 | change:   0.19790 | c:    256.21137 | v:   0.49822 | time:     13.17 s
[09:25:04] iter:   24 | change:   0.19679 | c:    252.45354 | v:   0.49884 | time:     13.73 s
[09:25:04] iter:   25 | change:   0.19635 | c:    249.71951 | v:   0.49900 | time:     14.28 s
[09:25:05] iter:   26 | change:   0.19564 | c:    247.69540 | v:   0.49934 | time:     14.84 s
[09:25:05] iter:   27 | change:   0.19470 | c:    246.19539 | v:   0.49944 | time:     15.44 s
[09:25:06] iter:   28 | change:   0.19239 | c:    244.80546 | v:   0.49944 | time:     16.04 s
[09:25:07] iter:   29 | change:   0.19103 | c:    243.40686 | v:   0.49940 | time:     16.62 s
[09:25:07] iter:   30 | change:   0.18776 | c:    242.03855 | v:   0.49940 | time:     17.24 s
[09:25:08] iter:   31 | change:   0.18724 | c:    240.97484 | v:   0.49963 | time:     17.82 s
[09:25:08] iter:   32 | change:   0.18264 | c:    240.20944 | v:   0.49968 | time:     18.39 s
[09:25:09] iter:   33 | change:   0.18126 | c:    239.55511 | v:   0.49975 | time:     18.99 s
[09:25:10] iter:   34 | change:   0.18229 | c:    239.03408 | v:   0.49980 | time:     19.63 s
[09:25:10] iter:   35 | change:   0.17867 | c:    238.59728 | v:   0.49983 | time:     20.26 s
[09:25:11] iter:   36 | change:   0.17801 | c:    238.22840 | v:   0.49986 | time:     20.92 s
[09:25:12] iter:   37 | change:   0.17656 | c:    237.91414 | v:   0.49988 | time:     21.58 s
[09:25:12] iter:   38 | change:   0.17282 | c:    237.65757 | v:   0.49991 | time:     22.18 s
[09:25:13] iter:   39 | change:   0.17171 | c:    237.45996 | v:   0.49993 | time:     22.78 s
[09:25:13] iter:   40 | change:   0.17216 | c:    237.30076 | v:   0.49994 | time:     23.42 s
[09:25:14] iter:   41 | change:   0.17072 | c:    237.16992 | v:   0.49995 | time:     24.03 s
[09:25:15] iter:   42 | change:   0.16512 | c:    237.06019 | v:   0.49996 | time:     24.61 s
[09:25:15] iter:   43 | change:   0.16209 | c:    236.96862 | v:   0.49997 | time:     25.19 s
[09:25:16] iter:   44 | change:   0.15938 | c:    236.88952 | v:   0.49997 | time:     25.80 s
[09:25:16] iter:   45 | change:   0.16463 | c:    236.82085 | v:   0.49998 | time:     26.41 s
[09:25:17] iter:   46 | change:   0.16865 | c:    236.75975 | v:   0.49998 | time:     27.16 s
[09:25:18] iter:   47 | change:   0.16860 | c:    236.70448 | v:   0.49998 | time:     27.78 s
[09:25:18] iter:   48 | change:   0.15382 | c:    236.65361 | v:   0.49998 | time:     28.40 s
[09:25:19] iter:   49 | change:   0.15325 | c:    236.60794 | v:   0.49998 | time:     29.12 s
[09:25:20] iter:   50 | change:   0.14944 | c:    236.56879 | v:   0.49999 | time:     29.77 s
[09:25:20] iter:   51 | change:   0.14825 | c:    236.53164 | v:   0.49999 | time:     30.36 s
[09:25:21] iter:   52 | change:   0.15594 | c:    236.49363 | v:   0.49999 | time:     30.94 s
[09:25:22] iter:   53 | change:   0.14587 | c:    236.45653 | v:   0.49999 | time:     31.55 s
[09:25:22] iter:   54 | change:   0.14853 | c:    236.42351 | v:   0.49999 | time:     32.29 s
[09:25:23] iter:   55 | change:   0.14659 | c:    236.39255 | v:   0.49999 | time:     32.99 s
[09:25:24] iter:   56 | change:   0.14622 | c:    236.36166 | v:   0.49999 | time:     33.73 s
[09:25:24] iter:   57 | change:   0.14173 | c:    236.33106 | v:   0.49999 | time:     34.50 s
[09:25:25] iter:   58 | change:   0.14369 | c:    236.30116 | v:   0.49999 | time:     35.21 s
[09:25:26] iter:   59 | change:   0.14386 | c:    236.27255 | v:   0.49999 | time:     35.83 s
[09:25:27] iter:   60 | change:   0.14449 | c:    236.24482 | v:   0.49999 | time:     36.61 s
[09:25:28] iter:   61 | change:   0.13896 | c:    236.21806 | v:   0.49999 | time:     37.72 s
[09:25:29] iter:   62 | change:   0.13912 | c:    236.19172 | v:   0.49999 | time:     38.74 s
[09:25:29] iter:   63 | change:   0.13919 | c:    236.16617 | v:   0.49999 | time:     39.43 s
[09:25:30] iter:   64 | change:   0.14107 | c:    236.14143 | v:   0.49999 | time:     40.23 s
[09:25:31] iter:   65 | change:   0.13598 | c:    236.11780 | v:   0.49999 | time:     41.20 s
[09:25:32] iter:   66 | change:   0.13467 | c:    236.09480 | v:   0.49999 | time:     42.15 s
[09:25:33] iter:   67 | change:   0.13516 | c:    236.07162 | v:   0.49999 | time:     43.11 s
[09:25:34] iter:   68 | change:   0.13714 | c:    236.04893 | v:   0.49999 | time:     43.90 s
[09:25:35] iter:   69 | change:   0.13159 | c:    236.02738 | v:   0.49999 | time:     44.74 s
[09:25:35] iter:   70 | change:   0.12936 | c:    236.00688 | v:   0.49999 | time:     45.48 s
[09:25:36] iter:   71 | change:   0.12918 | c:    235.98657 | v:   0.49999 | time:     46.16 s
[09:25:37] iter:   72 | change:   0.13111 | c:    235.96618 | v:   0.49999 | time:     46.87 s
[09:25:38] iter:   73 | change:   0.13097 | c:    235.94626 | v:   0.49999 | time:     47.52 s
[09:25:38] iter:   74 | change:   0.12805 | c:    235.92754 | v:   0.49999 | time:     48.26 s
[09:25:39] iter:   75 | change:   0.12559 | c:    235.90941 | v:   0.49999 | time:     48.97 s
[09:25:40] iter:   76 | change:   0.12518 | c:    235.89131 | v:   0.49999 | time:     49.93 s
[09:25:41] iter:   77 | change:   0.12544 | c:    235.87307 | v:   0.49999 | time:     50.57 s
[09:25:41] iter:   78 | change:   0.12745 | c:    235.85482 | v:   0.49999 | time:     51.18 s
[09:25:42] iter:   79 | change:   0.12239 | c:    235.83756 | v:   0.49999 | time:     51.83 s
[09:25:42] iter:   80 | change:   0.12165 | c:    235.82112 | v:   0.49999 | time:     52.49 s
[09:25:43] iter:   81 | change:   0.12015 | c:    235.80487 | v:   0.49999 | time:     53.19 s
[09:25:44] iter:   82 | change:   0.12058 | c:    235.78869 | v:   0.49999 | time:     54.00 s
[09:25:45] iter:   83 | change:   0.12178 | c:    235.77242 | v:   0.49999 | time:     54.81 s
[09:25:46] iter:   84 | change:   0.12055 | c:    235.75643 | v:   0.49999 | time:     55.59 s
[09:25:46] iter:   85 | change:   0.11752 | c:    235.74136 | v:   0.49999 | time:     56.28 s
[09:25:47] iter:   86 | change:   0.11690 | c:    235.72681 | v:   0.49999 | time:     57.09 s
[09:25:48] iter:   87 | change:   0.11591 | c:    235.71234 | v:   0.49999 | time:     57.80 s
[09:25:48] iter:   88 | change:   0.11731 | c:    235.69775 | v:   0.49999 | time:     58.46 s
[09:25:49] iter:   89 | change:   0.11802 | c:    235.68301 | v:   0.49999 | time:     59.17 s
[09:25:50] iter:   90 | change:   0.11673 | c:    235.66831 | v:   0.49999 | time:     59.79 s
[09:25:50] iter:   91 | change:   0.11335 | c:    235.65434 | v:   0.49999 | time:     60.40 s
[09:25:51] iter:   92 | change:   0.11181 | c:    235.64095 | v:   0.49999 | time:     61.12 s
[09:25:52] iter:   93 | change:   0.11054 | c:    235.62760 | v:   0.49999 | time:     61.76 s
[09:25:52] iter:   94 | change:   0.11188 | c:    235.61431 | v:   0.49999 | time:     62.35 s
[09:25:53] iter:   95 | change:   0.11334 | c:    235.60104 | v:   0.49999 | time:     62.91 s
[09:25:53] iter:   96 | change:   0.11384 | c:    235.58782 | v:   0.49999 | time:     63.47 s
[09:25:54] iter:   97 | change:   0.11068 | c:    235.57497 | v:   0.49999 | time:     64.02 s
[09:25:55] iter:   98 | change:   0.10938 | c:    235.56269 | v:   0.49999 | time:     64.58 s
[09:25:55] iter:   99 | change:   0.10887 | c:    235.55058 | v:   0.50000 | time:     65.11 s
[09:25:56] iter:  100 | change:   0.10849 | c:    235.53856 | v:   0.50000 | time:     65.65 s
[09:25:56] iter:  101 | change:   0.10840 | c:    235.52671 | v:   0.50000 | time:     66.18 s
[09:25:57] iter:  102 | change:   0.11011 | c:    235.51478 | v:   0.50000 | time:     66.75 s
[09:25:57] iter:  103 | change:   0.10900 | c:    235.50300 | v:   0.50000 | time:     67.33 s
[09:25:58] iter:  104 | change:   0.10832 | c:    235.49156 | v:   0.50000 | time:     67.91 s
[09:25:58] iter:  105 | change:   0.10652 | c:    235.48031 | v:   0.50000 | time:     68.46 s
[09:25:59] iter:  106 | change:   0.10443 | c:    235.46942 | v:   0.50000 | time:     69.04 s
[09:26:00] iter:  107 | change:   0.10397 | c:    235.45881 | v:   0.50000 | time:     69.61 s
[09:26:00] iter:  108 | change:   0.10485 | c:    235.44817 | v:   0.50000 | time:     70.21 s
[09:26:01] iter:  109 | change:   0.10647 | c:    235.43763 | v:   0.50000 | time:     70.82 s
[09:26:01] iter:  110 | change:   0.10769 | c:    235.42733 | v:   0.50000 | time:     71.46 s
[09:26:02] iter:  111 | change:   0.10536 | c:    235.41705 | v:   0.50000 | time:     72.02 s
[09:26:03] iter:  112 | change:   0.10375 | c:    235.40695 | v:   0.50000 | time:     72.61 s
[09:26:03] iter:  113 | change:   0.10406 | c:    235.39722 | v:   0.50000 | time:     73.26 s
[09:26:04] iter:  114 | change:   0.10344 | c:    235.38772 | v:   0.50000 | time:     73.99 s
[09:26:05] iter:  115 | change:   0.10016 | c:    235.37836 | v:   0.50000 | time:     74.57 s
[09:26:05] iter:  116 | change:   0.10285 | c:    235.36912 | v:   0.50000 | time:     75.13 s
[09:26:06] iter:  117 | change:   0.10291 | c:    235.35990 | v:   0.50000 | time:     75.78 s
[09:26:06] iter:  118 | change:   0.10259 | c:    235.35077 | v:   0.50000 | time:     76.35 s
[09:26:07] iter:  119 | change:   0.10167 | c:    235.34175 | v:   0.50000 | time:     76.91 s
[09:26:08] iter:  120 | change:   0.10140 | c:    235.33277 | v:   0.50000 | time:     77.50 s
[09:26:08] iter:  121 | change:   0.09882 | c:    235.32401 | v:   0.50000 | time:     78.10 s
[09:26:09] iter:  122 | change:   0.09727 | c:    235.31547 | v:   0.50000 | time:     78.89 s
[09:26:09] iter:  123 | change:   0.09594 | c:    235.30694 | v:   0.50000 | time:     79.44 s
[09:26:10] iter:  124 | change:   0.09924 | c:    235.29850 | v:   0.50000 | time:     80.02 s
[09:26:11] iter:  125 | change:   0.10044 | c:    235.29019 | v:   0.50000 | time:     80.63 s
[09:26:11] iter:  126 | change:   0.09972 | c:    235.28184 | v:   0.50000 | time:     81.17 s
[09:26:12] iter:  127 | change:   0.09911 | c:    235.27357 | v:   0.50000 | time:     81.76 s
[09:26:12] iter:  128 | change:   0.09872 | c:    235.26554 | v:   0.50000 | time:     82.31 s
[09:26:13] iter:  129 | change:   0.09877 | c:    235.25755 | v:   0.50000 | time:     82.90 s
[09:26:13] iter:  130 | change:   0.09692 | c:    235.24966 | v:   0.50000 | time:     83.45 s
[09:26:14] iter:  131 | change:   0.09592 | c:    235.24203 | v:   0.50000 | time:     84.06 s
[09:26:15] iter:  132 | change:   0.09607 | c:    235.23446 | v:   0.50000 | time:     84.62 s
[09:26:15] iter:  133 | change:   0.09563 | c:    235.22700 | v:   0.50000 | time:     85.17 s
[09:26:16] iter:  134 | change:   0.09546 | c:    235.21973 | v:   0.50000 | time:     85.71 s
[09:26:16] iter:  135 | change:   0.09510 | c:    235.21244 | v:   0.50000 | time:     86.26 s
[09:26:17] iter:  136 | change:   0.09563 | c:    235.20530 | v:   0.50000 | time:     86.81 s
[09:26:17] iter:  137 | change:   0.09466 | c:    235.19838 | v:   0.50000 | time:     87.39 s
[09:26:18] iter:  138 | change:   0.09215 | c:    235.19142 | v:   0.50000 | time:     87.99 s
[09:26:19] iter:  139 | change:   0.09168 | c:    235.18450 | v:   0.50000 | time:     88.53 s
[09:26:19] iter:  140 | change:   0.09173 | c:    235.17772 | v:   0.50000 | time:     89.13 s
[09:26:20] iter:  141 | change:   0.09134 | c:    235.17091 | v:   0.50000 | time:     89.80 s
[09:26:20] iter:  142 | change:   0.09164 | c:    235.16420 | v:   0.50000 | time:     90.39 s
[09:26:21] iter:  143 | change:   0.09161 | c:    235.15764 | v:   0.50000 | time:     91.01 s
[09:26:22] iter:  144 | change:   0.09218 | c:    235.15109 | v:   0.50000 | time:     91.61 s
[09:26:22] iter:  145 | change:   0.09120 | c:    235.14468 | v:   0.50000 | time:     92.18 s
[09:26:23] iter:  146 | change:   0.09183 | c:    235.13843 | v:   0.50000 | time:     92.75 s
[09:26:23] iter:  147 | change:   0.09143 | c:    235.13213 | v:   0.50000 | time:     93.31 s
[09:26:24] iter:  148 | change:   0.09092 | c:    235.12588 | v:   0.50000 | time:     93.87 s
[09:26:24] iter:  149 | change:   0.09002 | c:    235.11976 | v:   0.50000 | time:     94.46 s
[09:26:25] iter:  150 | change:   0.08816 | c:    235.11355 | v:   0.50000 | time:     95.05 s
[09:26:26] iter:  151 | change:   0.08820 | c:    235.10742 | v:   0.50000 | time:     95.63 s
[09:26:26] iter:  152 | change:   0.08835 | c:    235.10149 | v:   0.50000 | time:     96.25 s
[09:26:27] iter:  153 | change:   0.08749 | c:    235.09557 | v:   0.50000 | time:     96.87 s
[09:26:28] iter:  154 | change:   0.08779 | c:    235.08979 | v:   0.50000 | time:     97.54 s
[09:26:28] iter:  155 | change:   0.08853 | c:    235.08422 | v:   0.50000 | time:     98.11 s
[09:26:29] iter:  156 | change:   0.08842 | c:    235.07863 | v:   0.50000 | time:     98.65 s
[09:26:29] iter:  157 | change:   0.08716 | c:    235.07310 | v:   0.50000 | time:     99.19 s
[09:26:30] iter:  158 | change:   0.08726 | c:    235.06770 | v:   0.50000 | time:     99.75 s
[09:26:30] iter:  159 | change:   0.08583 | c:    235.06226 | v:   0.50000 | time:    100.29 s
[09:26:31] iter:  160 | change:   0.08497 | c:    235.05689 | v:   0.50000 | time:    100.88 s
[09:26:31] iter:  161 | change:   0.08299 | c:    235.05165 | v:   0.50000 | time:    101.44 s
[09:26:32] iter:  162 | change:   0.08474 | c:    235.04635 | v:   0.50000 | time:    102.00 s
[09:26:33] iter:  163 | change:   0.08267 | c:    235.04114 | v:   0.50000 | time:    102.58 s
[09:26:33] iter:  164 | change:   0.08293 | c:    235.03606 | v:   0.50000 | time:    103.15 s
[09:26:34] iter:  165 | change:   0.08261 | c:    235.03094 | v:   0.50000 | time:    103.85 s
[09:26:35] iter:  166 | change:   0.08186 | c:    235.02587 | v:   0.50000 | time:    104.55 s
[09:26:35] iter:  167 | change:   0.08163 | c:    235.02094 | v:   0.50000 | time:    105.12 s
[09:26:36] iter:  168 | change:   0.08127 | c:    235.01597 | v:   0.50000 | time:    105.69 s
[09:26:36] iter:  169 | change:   0.08260 | c:    235.01105 | v:   0.50000 | time:    106.32 s
[09:26:37] iter:  170 | change:   0.08276 | c:    235.00624 | v:   0.50000 | time:    106.92 s
[09:26:37] iter:  171 | change:   0.08108 | c:    235.00140 | v:   0.50000 | time:    107.47 s
[09:26:38] iter:  172 | change:   0.07945 | c:    234.99666 | v:   0.50000 | time:    108.02 s
[09:26:39] iter:  173 | change:   0.08120 | c:    234.99203 | v:   0.50000 | time:    108.65 s
[09:26:39] iter:  174 | change:   0.07869 | c:    234.98732 | v:   0.50000 | time:    109.19 s
[09:26:40] iter:  175 | change:   0.08016 | c:    234.98267 | v:   0.50000 | time:    109.77 s
[09:26:40] iter:  176 | change:   0.08122 | c:    234.97813 | v:   0.50000 | time:    110.40 s
[09:26:41] iter:  177 | change:   0.08088 | c:    234.97350 | v:   0.50000 | time:    110.99 s
[09:26:42] iter:  178 | change:   0.08040 | c:    234.96890 | v:   0.50000 | time:    111.59 s
[09:26:42] iter:  179 | change:   0.07956 | c:    234.96445 | v:   0.50000 | time:    112.19 s
[09:26:43] iter:  180 | change:   0.07822 | c:    234.95997 | v:   0.50000 | time:    112.81 s
[09:26:43] iter:  181 | change:   0.07899 | c:    234.95557 | v:   0.50000 | time:    113.37 s
[09:26:44] iter:  182 | change:   0.08020 | c:    234.95134 | v:   0.50000 | time:    113.92 s
[09:26:44] iter:  183 | change:   0.07792 | c:    234.94708 | v:   0.50000 | time:    114.45 s
[09:26:45] iter:  184 | change:   0.07402 | c:    234.94289 | v:   0.50000 | time:    114.99 s
[09:26:46] iter:  185 | change:   0.07795 | c:    234.93885 | v:   0.50000 | time:    115.58 s
[09:26:46] iter:  186 | change:   0.07524 | c:    234.93476 | v:   0.50000 | time:    116.11 s
[09:26:47] iter:  187 | change:   0.07732 | c:    234.93067 | v:   0.50000 | time:    116.66 s
[09:26:47] iter:  188 | change:   0.07668 | c:    234.92668 | v:   0.50000 | time:    117.23 s
[09:26:48] iter:  189 | change:   0.07621 | c:    234.92262 | v:   0.50000 | time:    117.79 s
[09:26:48] iter:  190 | change:   0.07525 | c:    234.91860 | v:   0.50000 | time:    118.33 s
[09:26:49] iter:  191 | change:   0.07449 | c:    234.91467 | v:   0.50000 | time:    118.87 s
[09:26:49] iter:  192 | change:   0.07661 | c:    234.91067 | v:   0.50000 | time:    119.41 s
[09:26:50] iter:  193 | change:   0.07580 | c:    234.90674 | v:   0.50000 | time:    119.94 s
[09:26:50] iter:  194 | change:   0.07350 | c:    234.90296 | v:   0.50000 | time:    120.46 s
[09:26:51] iter:  195 | change:   0.07462 | c:    234.89914 | v:   0.50000 | time:    121.03 s
[09:26:52] iter:  196 | change:   0.07421 | c:    234.89537 | v:   0.50000 | time:    121.58 s
[09:26:52] iter:  197 | change:   0.07097 | c:    234.89174 | v:   0.50000 | time:    122.07 s
[09:26:53] iter:  198 | change:   0.07413 | c:    234.88804 | v:   0.50000 | time:    122.63 s
[09:26:53] iter:  199 | change:   0.07120 | c:    234.88439 | v:   0.50000 | time:    123.24 s
[09:26:54] iter:  200 | change:   0.07323 | c:    234.88084 | v:   0.50000 | time:    123.79 s
[09:26:54] iter:  201 | change:   0.07060 | c:    234.87720 | v:   0.50000 | time:    124.35 s
[09:26:55] iter:  202 | change:   0.07266 | c:    234.87359 | v:   0.50000 | time:    124.91 s
[09:26:55] iter:  203 | change:   0.07010 | c:    234.87008 | v:   0.50000 | time:    125.47 s
[09:26:56] iter:  204 | change:   0.07353 | c:    234.86648 | v:   0.50000 | time:    126.05 s
[09:26:57] iter:  205 | change:   0.07208 | c:    234.86293 | v:   0.50000 | time:    126.62 s
[09:26:57] iter:  206 | change:   0.07000 | c:    234.85948 | v:   0.50000 | time:    127.17 s
[09:26:58] iter:  207 | change:   0.07320 | c:    234.85597 | v:   0.50000 | time:    127.75 s
[09:26:58] iter:  208 | change:   0.07073 | c:    234.85252 | v:   0.50000 | time:    128.30 s
[09:26:59] iter:  209 | change:   0.07116 | c:    234.84920 | v:   0.50000 | time:    128.87 s
[09:26:59] iter:  210 | change:   0.07111 | c:    234.84584 | v:   0.50000 | time:    129.39 s
[09:27:00] iter:  211 | change:   0.06829 | c:    234.84252 | v:   0.50000 | time:    129.91 s
[09:27:00] iter:  212 | change:   0.07067 | c:    234.83930 | v:   0.50000 | time:    130.46 s
[09:27:01] iter:  213 | change:   0.06922 | c:    234.83598 | v:   0.50000 | time:    131.00 s
[09:27:02] iter:  214 | change:   0.06946 | c:    234.83271 | v:   0.50000 | time:    131.55 s
[09:27:02] iter:  215 | change:   0.06981 | c:    234.82956 | v:   0.50000 | time:    132.11 s
[09:27:03] iter:  216 | change:   0.06896 | c:    234.82634 | v:   0.50000 | time:    132.64 s
[09:27:03] iter:  217 | change:   0.07034 | c:    234.82313 | v:   0.50000 | time:    133.18 s
[09:27:04] iter:  218 | change:   0.06917 | c:    234.82002 | v:   0.50000 | time:    133.74 s
[09:27:04] iter:  219 | change:   0.06790 | c:    234.81685 | v:   0.50000 | time:    134.30 s
[09:27:05] iter:  220 | change:   0.06968 | c:    234.81370 | v:   0.50000 | time:    134.84 s
[09:27:05] iter:  221 | change:   0.06725 | c:    234.81068 | v:   0.50000 | time:    135.42 s
[09:27:06] iter:  222 | change:   0.06971 | c:    234.80761 | v:   0.50000 | time:    135.96 s
[09:27:07] iter:  223 | change:   0.06741 | c:    234.80460 | v:   0.50000 | time:    136.50 s
[09:27:07] iter:  224 | change:   0.06837 | c:    234.80169 | v:   0.50000 | time:    137.04 s
[09:27:08] iter:  225 | change:   0.06678 | c:    234.79871 | v:   0.50000 | time:    137.58 s
[09:27:08] iter:  226 | change:   0.06726 | c:    234.79576 | v:   0.50000 | time:    138.10 s
[09:27:09] iter:  227 | change:   0.06592 | c:    234.79293 | v:   0.50000 | time:    138.63 s
[09:27:09] iter:  228 | change:   0.06734 | c:    234.79003 | v:   0.50000 | time:    139.18 s
[09:27:10] iter:  229 | change:   0.06488 | c:    234.78715 | v:   0.50000 | time:    139.80 s
[09:27:10] iter:  230 | change:   0.06741 | c:    234.78437 | v:   0.50000 | time:    140.36 s
[09:27:11] iter:  231 | change:   0.06458 | c:    234.78150 | v:   0.50000 | time:    140.95 s
[09:27:12] iter:  232 | change:   0.06500 | c:    234.77866 | v:   0.50000 | time:    141.75 s
[09:27:13] iter:  233 | change:   0.06499 | c:    234.77592 | v:   0.50000 | time:    142.52 s
[09:27:13] iter:  234 | change:   0.06302 | c:    234.77309 | v:   0.50000 | time:    143.26 s
[09:27:14] iter:  235 | change:   0.06463 | c:    234.77030 | v:   0.50000 | time:    144.11 s
[09:27:15] iter:  236 | change:   0.06470 | c:    234.76761 | v:   0.50000 | time:    144.84 s
[09:27:16] iter:  237 | change:   0.06394 | c:    234.76484 | v:   0.50000 | time:    145.55 s
[09:27:16] iter:  238 | change:   0.06590 | c:    234.76213 | v:   0.50000 | time:    146.18 s
[09:27:17] iter:  239 | change:   0.06426 | c:    234.75954 | v:   0.50000 | time:    146.81 s
[09:27:17] iter:  240 | change:   0.06521 | c:    234.75688 | v:   0.50000 | time:    147.39 s
[09:27:18] iter:  241 | change:   0.06287 | c:    234.75424 | v:   0.50000 | time:    148.14 s
[09:27:19] iter:  242 | change:   0.06438 | c:    234.75169 | v:   0.50000 | time:    148.78 s
[09:27:19] iter:  243 | change:   0.06242 | c:    234.74906 | v:   0.50000 | time:    149.33 s
[09:27:20] iter:  244 | change:   0.06300 | c:    234.74644 | v:   0.50000 | time:    149.94 s
[09:27:21] iter:  245 | change:   0.06414 | c:    234.74393 | v:   0.50000 | time:    150.59 s
[09:27:21] iter:  246 | change:   0.06293 | c:    234.74135 | v:   0.50000 | time:    151.48 s
[09:27:22] iter:  247 | change:   0.06395 | c:    234.73880 | v:   0.50000 | time:    152.17 s
[09:27:23] iter:  248 | change:   0.06134 | c:    234.73633 | v:   0.50000 | time:    152.81 s
[09:27:23] iter:  249 | change:   0.06187 | c:    234.73377 | v:   0.50000 | time:    153.42 s
[09:27:24] iter:  250 | change:   0.06410 | c:    234.73123 | v:   0.50000 | time:    153.99 s
[09:27:25] iter:  251 | change:   0.06151 | c:    234.72878 | v:   0.50000 | time:    154.57 s
[09:27:25] iter:  252 | change:   0.06085 | c:    234.72626 | v:   0.50000 | time:    155.18 s
[09:27:26] iter:  253 | change:   0.06336 | c:    234.72379 | v:   0.50000 | time:    155.93 s
[09:27:27] iter:  254 | change:   0.06110 | c:    234.72143 | v:   0.50000 | time:    156.70 s
[09:27:28] iter:  255 | change:   0.06136 | c:    234.71901 | v:   0.50000 | time:    157.54 s
[09:27:28] iter:  256 | change:   0.06165 | c:    234.71662 | v:   0.50000 | time:    158.39 s
[09:27:29] iter:  257 | change:   0.05990 | c:    234.71433 | v:   0.50000 | time:    159.24 s
[09:27:30] iter:  258 | change:   0.06258 | c:    234.71195 | v:   0.50000 | time:    159.90 s
[09:27:30] iter:  259 | change:   0.05921 | c:    234.70961 | v:   0.50000 | time:    160.49 s
[09:27:31] iter:  260 | change:   0.06166 | c:    234.70737 | v:   0.50000 | time:    161.07 s
[09:27:32] iter:  261 | change:   0.06033 | c:    234.70508 | v:   0.50000 | time:    161.67 s
[09:27:32] iter:  262 | change:   0.06007 | c:    234.70280 | v:   0.50000 | time:    162.34 s
[09:27:33] iter:  263 | change:   0.06181 | c:    234.70059 | v:   0.50000 | time:    163.14 s
[09:27:34] iter:  264 | change:   0.06083 | c:    234.69828 | v:   0.50000 | time:    163.91 s
[09:27:35] iter:  265 | change:   0.05946 | c:    234.69601 | v:   0.50000 | time:    164.61 s
[09:27:35] iter:  266 | change:   0.06179 | c:    234.69386 | v:   0.50000 | time:    165.34 s
[09:27:36] iter:  267 | change:   0.05965 | c:    234.69163 | v:   0.50000 | time:    165.94 s
[09:27:37] iter:  268 | change:   0.05935 | c:    234.68941 | v:   0.50000 | time:    166.52 s
[09:27:37] iter:  269 | change:   0.06087 | c:    234.68727 | v:   0.50000 | time:    167.09 s
[09:27:38] iter:  270 | change:   0.05765 | c:    234.68503 | v:   0.50000 | time:    167.64 s
[09:27:38] iter:  271 | change:   0.05853 | c:    234.68283 | v:   0.50000 | time:    168.19 s
[09:27:39] iter:  272 | change:   0.06033 | c:    234.68073 | v:   0.50000 | time:    168.75 s
[09:27:39] iter:  273 | change:   0.05859 | c:    234.67855 | v:   0.50000 | time:    169.30 s
[09:27:40] iter:  274 | change:   0.05892 | c:    234.67641 | v:   0.50000 | time:    169.86 s
[09:27:40] iter:  275 | change:   0.05799 | c:    234.67439 | v:   0.50000 | time:    170.40 s
[09:27:41] iter:  276 | change:   0.05809 | c:    234.67229 | v:   0.50000 | time:    170.94 s
[09:27:41] iter:  277 | change:   0.05860 | c:    234.67021 | v:   0.50000 | time:    171.48 s
[09:27:42] iter:  278 | change:   0.05814 | c:    234.66821 | v:   0.50000 | time:    172.02 s
[09:27:43] iter:  279 | change:   0.05720 | c:    234.66612 | v:   0.50000 | time:    172.56 s
[09:27:43] iter:  280 | change:   0.05854 | c:    234.66405 | v:   0.50000 | time:    173.12 s
[09:27:44] iter:  281 | change:   0.05717 | c:    234.66209 | v:   0.50000 | time:    173.67 s
[09:27:44] iter:  282 | change:   0.05790 | c:    234.66005 | v:   0.50000 | time:    174.21 s
[09:27:45] iter:  283 | change:   0.05847 | c:    234.65803 | v:   0.50000 | time:    174.77 s
[09:27:45] iter:  284 | change:   0.05790 | c:    234.65608 | v:   0.50000 | time:    175.32 s
[09:27:46] iter:  285 | change:   0.05620 | c:    234.65403 | v:   0.50000 | time:    175.87 s
[09:27:46] iter:  286 | change:   0.05804 | c:    234.65201 | v:   0.50000 | time:    176.44 s
[09:27:47] iter:  287 | change:   0.05712 | c:    234.65009 | v:   0.50000 | time:    176.99 s
[09:27:48] iter:  288 | change:   0.05696 | c:    234.64808 | v:   0.50000 | time:    177.54 s
[09:27:48] iter:  289 | change:   0.05728 | c:    234.64610 | v:   0.50000 | time:    178.09 s
[09:27:49] iter:  290 | change:   0.05575 | c:    234.64423 | v:   0.50000 | time:    178.64 s
[09:27:49] iter:  291 | change:   0.05553 | c:    234.64228 | v:   0.50000 | time:    179.25 s
[09:27:50] iter:  292 | change:   0.05585 | c:    234.64035 | v:   0.50000 | time:    179.97 s
[09:27:51] iter:  293 | change:   0.05780 | c:    234.63852 | v:   0.50000 | time:    180.57 s
[09:27:51] iter:  294 | change:   0.05598 | c:    234.63658 | v:   0.50000 | time:    181.16 s
[09:27:52] iter:  295 | change:   0.05485 | c:    234.63468 | v:   0.50000 | time:    181.88 s
[09:27:53] iter:  296 | change:   0.05527 | c:    234.63289 | v:   0.50000 | time:    182.55 s
[09:27:53] iter:  297 | change:   0.05685 | c:    234.63102 | v:   0.50000 | time:    183.19 s
[09:27:54] iter:  298 | change:   0.05582 | c:    234.62919 | v:   0.50000 | time:    183.77 s
[09:27:54] iter:  299 | change:   0.05547 | c:    234.62744 | v:   0.50000 | time:    184.37 s
[09:27:55] iter:  300 | change:   0.05495 | c:    234.62560 | v:   0.50000 | time:    185.08 s
[09:27:56] iter:  301 | change:   0.05620 | c:    234.62378 | v:   0.50000 | time:    185.75 s
[09:27:56] iter:  302 | change:   0.05459 | c:    234.62206 | v:   0.50000 | time:    186.30 s
[09:27:57] iter:  303 | change:   0.05542 | c:    234.62023 | v:   0.50000 | time:    186.89 s
[09:27:58] iter:  304 | change:   0.05578 | c:    234.61842 | v:   0.50000 | time:    187.50 s
[09:27:58] iter:  305 | change:   0.05596 | c:    234.61670 | v:   0.50000 | time:    188.09 s
[09:27:59] iter:  306 | change:   0.05451 | c:    234.61489 | v:   0.50000 | time:    188.76 s
[09:27:59] iter:  307 | change:   0.05407 | c:    234.61309 | v:   0.50000 | time:    189.38 s
[09:28:00] iter:  308 | change:   0.05518 | c:    234.61139 | v:   0.50000 | time:    190.03 s
[09:28:01] iter:  309 | change:   0.05452 | c:    234.60960 | v:   0.50000 | time:    190.71 s
[09:28:01] iter:  310 | change:   0.05474 | c:    234.60781 | v:   0.50000 | time:    191.33 s
[09:28:02] iter:  311 | change:   0.05407 | c:    234.60612 | v:   0.50000 | time:    191.92 s
[09:28:03] iter:  312 | change:   0.05604 | c:    234.60433 | v:   0.50000 | time:    192.60 s
[09:28:03] iter:  313 | change:   0.05272 | c:    234.60257 | v:   0.50000 | time:    193.28 s
[09:28:04] iter:  314 | change:   0.05394 | c:    234.60089 | v:   0.50000 | time:    193.93 s
[09:28:05] iter:  315 | change:   0.05464 | c:    234.59912 | v:   0.50000 | time:    194.54 s
[09:28:05] iter:  316 | change:   0.05452 | c:    234.59738 | v:   0.50000 | time:    195.10 s
[09:28:06] iter:  317 | change:   0.05375 | c:    234.59573 | v:   0.50000 | time:    195.69 s
[09:28:06] iter:  318 | change:   0.05366 | c:    234.59401 | v:   0.50000 | time:    196.28 s
[09:28:07] iter:  319 | change:   0.05328 | c:    234.59231 | v:   0.50000 | time:    196.86 s
[09:28:07] iter:  320 | change:   0.05401 | c:    234.59071 | v:   0.50000 | time:    197.41 s
[09:28:08] iter:  321 | change:   0.05310 | c:    234.58903 | v:   0.50000 | time:    197.99 s
[09:28:09] iter:  322 | change:   0.05326 | c:    234.58736 | v:   0.50000 | time:    198.57 s
[09:28:09] iter:  323 | change:   0.05397 | c:    234.58579 | v:   0.50000 | time:    199.12 s
[09:28:10] iter:  324 | change:   0.05353 | c:    234.58414 | v:   0.50000 | time:    199.68 s
[09:28:10] iter:  325 | change:   0.05242 | c:    234.58252 | v:   0.50000 | time:    200.22 s
[09:28:11] iter:  326 | change:   0.05339 | c:    234.58099 | v:   0.50000 | time:    200.78 s
[09:28:11] iter:  327 | change:   0.05287 | c:    234.57936 | v:   0.50000 | time:    201.34 s
[09:28:12] iter:  328 | change:   0.05313 | c:    234.57773 | v:   0.50000 | time:    201.89 s
[09:28:13] iter:  329 | change:   0.05293 | c:    234.57619 | v:   0.50000 | time:    202.51 s
[09:28:13] iter:  330 | change:   0.05267 | c:    234.57456 | v:   0.50000 | time:    203.13 s
[09:28:14] iter:  331 | change:   0.05231 | c:    234.57296 | v:   0.50000 | time:    203.74 s
[09:28:14] iter:  332 | change:   0.05307 | c:    234.57145 | v:   0.50000 | time:    204.39 s
[09:28:15] iter:  333 | change:   0.05301 | c:    234.56982 | v:   0.50000 | time:    204.99 s
[09:28:16] iter:  334 | change:   0.05202 | c:    234.56821 | v:   0.50000 | time:    205.57 s
[09:28:16] iter:  335 | change:   0.05211 | c:    234.56668 | v:   0.50000 | time:    206.14 s
[09:28:17] iter:  336 | change:   0.05255 | c:    234.56506 | v:   0.50000 | time:    206.70 s
[09:28:17] iter:  337 | change:   0.05205 | c:    234.56347 | v:   0.50000 | time:    207.27 s
[09:28:18] iter:  338 | change:   0.05280 | c:    234.56198 | v:   0.50000 | time:    207.87 s
[09:28:18] iter:  339 | change:   0.05290 | c:    234.56040 | v:   0.50000 | time:    208.44 s
[09:28:19] iter:  340 | change:   0.05208 | c:    234.55882 | v:   0.50000 | time:    209.01 s
[09:28:20] iter:  341 | change:   0.05165 | c:    234.55732 | v:   0.50000 | time:    209.57 s
[09:28:20] iter:  342 | change:   0.05226 | c:    234.55574 | v:   0.50000 | time:    210.15 s
[09:28:21] iter:  343 | change:   0.05155 | c:    234.55418 | v:   0.50000 | time:    210.70 s
[09:28:21] iter:  344 | change:   0.05211 | c:    234.55275 | v:   0.50000 | time:    211.25 s
[09:28:22] iter:  345 | change:   0.05250 | c:    234.55124 | v:   0.50000 | time:    211.81 s
[09:28:22] iter:  346 | change:   0.05134 | c:    234.54976 | v:   0.50000 | time:    212.38 s
[09:28:23] iter:  347 | change:   0.05078 | c:    234.54836 | v:   0.50000 | time:    212.94 s
[09:28:24] iter:  348 | change:   0.05214 | c:    234.54688 | v:   0.50000 | time:    213.52 s
[09:28:24] iter:  349 | change:   0.05116 | c:    234.54541 | v:   0.50000 | time:    214.07 s
[09:28:25] iter:  350 | change:   0.05095 | c:    234.54404 | v:   0.50000 | time:    214.61 s
[09:28:25] iter:  351 | change:   0.05172 | c:    234.54257 | v:   0.50000 | time:    215.16 s
[09:28:26] iter:  352 | change:   0.05068 | c:    234.54112 | v:   0.50000 | time:    215.72 s
[09:28:26] iter:  353 | change:   0.05034 | c:    234.53975 | v:   0.50000 | time:    216.28 s
[09:28:27] iter:  354 | change:   0.05133 | c:    234.53828 | v:   0.50000 | time:    216.84 s
[09:28:27] iter:  355 | change:   0.05052 | c:    234.53683 | v:   0.50000 | time:    217.41 s
[09:28:28] iter:  356 | change:   0.04958 | c:    234.53547 | v:   0.50000 | time:    217.97 s
[09:28:29] iter:  357 | change:   0.05084 | c:    234.53402 | v:   0.50000 | time:    218.52 s
[09:28:29] iter:  358 | change:   0.04994 | c:    234.53257 | v:   0.50000 | time:    219.10 s
[09:28:30] iter:  359 | change:   0.05071 | c:    234.53120 | v:   0.50000 | time:    219.67 s
[09:28:30] iter:  360 | change:   0.05043 | c:    234.52972 | v:   0.50000 | time:    220.24 s
[09:28:31] iter:  361 | change:   0.04957 | c:    234.52824 | v:   0.50000 | time:    220.81 s
[09:28:31] iter:  362 | change:   0.05047 | c:    234.52686 | v:   0.50000 | time:    221.37 s
[09:28:32] iter:  363 | change:   0.04987 | c:    234.52538 | v:   0.50000 | time:    221.94 s
[09:28:33] iter:  364 | change:   0.05053 | c:    234.52393 | v:   0.50000 | time:    222.50 s
[09:28:33] iter:  365 | change:   0.05120 | c:    234.52258 | v:   0.50000 | time:    223.07 s
[09:28:34] iter:  366 | change:   0.05031 | c:    234.52113 | v:   0.50000 | time:    223.64 s
[09:28:34] iter:  367 | change:   0.05059 | c:    234.51971 | v:   0.50000 | time:    224.20 s
[09:28:35] iter:  368 | change:   0.05052 | c:    234.51838 | v:   0.50000 | time:    224.77 s
[09:28:35] iter:  369 | change:   0.04868 | c:    234.51696 | v:   0.50000 | time:    225.33 s
[09:28:36] iter:  370 | change:   0.05057 | c:    234.51555 | v:   0.50000 | time:    225.86 s
[09:28:36] iter:  371 | change:   0.05020 | c:    234.51423 | v:   0.50000 | time:    226.41 s
[09:28:37] iter:  372 | change:   0.05042 | c:    234.51282 | v:   0.50000 | time:    226.97 s
[09:28:38] iter:  373 | change:   0.05047 | c:    234.51144 | v:   0.50000 | time:    227.54 s
[09:28:38] iter:  374 | change:   0.04913 | c:    234.51016 | v:   0.50000 | time:    228.10 s
[09:28:39] iter:  375 | change:   0.04951 | c:    234.50879 | v:   0.50000 | time:    228.68 s
[09:28:39] iter:  376 | change:   0.04905 | c:    234.50746 | v:   0.50000 | time:    229.24 s
[09:28:40] iter:  377 | change:   0.04991 | c:    234.50623 | v:   0.50000 | time:    229.81 s
[09:28:40] iter:  378 | change:   0.04991 | c:    234.50491 | v:   0.50000 | time:    230.37 s
[09:28:41] iter:  379 | change:   0.04894 | c:    234.50361 | v:   0.50000 | time:    230.95 s
[09:28:42] iter:  380 | change:   0.04866 | c:    234.50241 | v:   0.50000 | time:    231.52 s
[09:28:42] iter:  381 | change:   0.04912 | c:    234.50112 | v:   0.50000 | time:    232.09 s
[09:28:43] iter:  382 | change:   0.04850 | c:    234.49984 | v:   0.50000 | time:    232.66 s
[09:28:43] iter:  383 | change:   0.04917 | c:    234.49865 | v:   0.50000 | time:    233.22 s
[09:28:44] iter:  384 | change:   0.04880 | c:    234.49737 | v:   0.50000 | time:    233.79 s
[09:28:44] iter:  385 | change:   0.04735 | c:    234.49609 | v:   0.50000 | time:    234.36 s
[09:28:45] iter:  386 | change:   0.04911 | c:    234.49491 | v:   0.50000 | time:    234.91 s
[09:28:45] iter:  387 | change:   0.04743 | c:    234.49364 | v:   0.50000 | time:    235.47 s
[09:28:46] iter:  388 | change:   0.04918 | c:    234.49238 | v:   0.50000 | time:    236.04 s
[09:28:47] iter:  389 | change:   0.04793 | c:    234.49120 | v:   0.50000 | time:    236.61 s
[09:28:47] iter:  390 | change:   0.04798 | c:    234.48992 | v:   0.50000 | time:    237.18 s
[09:28:48] iter:  391 | change:   0.04875 | c:    234.48864 | v:   0.50000 | time:    237.72 s
[09:28:48] iter:  392 | change:   0.04751 | c:    234.48745 | v:   0.50000 | time:    238.26 s
[09:28:49] iter:  393 | change:   0.04910 | c:    234.48616 | v:   0.50000 | time:    238.82 s
[09:28:49] iter:  394 | change:   0.04753 | c:    234.48489 | v:   0.50000 | time:    239.36 s
[09:28:50] iter:  395 | change:   0.04884 | c:    234.48371 | v:   0.50000 | time:    239.93 s
[09:28:50] iter:  396 | change:   0.04804 | c:    234.48244 | v:   0.50000 | time:    240.48 s
[09:28:51] iter:  397 | change:   0.04782 | c:    234.48119 | v:   0.50000 | time:    241.04 s
[09:28:52] iter:  398 | change:   0.04872 | c:    234.48002 | v:   0.50000 | time:    241.61 s
[09:28:52] iter:  399 | change:   0.04770 | c:    234.47877 | v:   0.50000 | time:    242.21 s
[09:28:53] iter:  400 | change:   0.04825 | c:    234.47753 | v:   0.50000 | time:    242.77 s
[09:28:53] iter:  401 | change:   0.04758 | c:    234.47636 | v:   0.50000 | time:    243.35 s
[09:28:54] iter:  402 | change:   0.04822 | c:    234.47509 | v:   0.50000 | time:    243.94 s
[09:28:55] iter:  403 | change:   0.04786 | c:    234.47383 | v:   0.50000 | time:    244.51 s
[09:28:55] iter:  404 | change:   0.04769 | c:    234.47266 | v:   0.50000 | time:    245.15 s
[09:28:56] iter:  405 | change:   0.04831 | c:    234.47141 | v:   0.50000 | time:    245.74 s
[09:28:56] iter:  406 | change:   0.04823 | c:    234.47018 | v:   0.50000 | time:    246.37 s
[09:28:57] iter:  407 | change:   0.04778 | c:    234.46906 | v:   0.50000 | time:    247.05 s
[09:28:58] iter:  408 | change:   0.04738 | c:    234.46786 | v:   0.50000 | time:    247.65 s
[09:28:58] iter:  409 | change:   0.04770 | c:    234.46668 | v:   0.50000 | time:    248.25 s
[09:28:59] iter:  410 | change:   0.04748 | c:    234.46559 | v:   0.50000 | time:    248.79 s
[09:28:59] iter:  411 | change:   0.04729 | c:    234.46440 | v:   0.50000 | time:    249.36 s
[09:29:00] iter:  412 | change:   0.04735 | c:    234.46323 | v:   0.50000 | time:    249.93 s
[09:29:00] iter:  413 | change:   0.04697 | c:    234.46214 | v:   0.50000 | time:    250.45 s
[09:29:01] iter:  414 | change:   0.04738 | c:    234.46096 | v:   0.50000 | time:    251.01 s
[09:29:02] iter:  415 | change:   0.04675 | c:    234.45981 | v:   0.50000 | time:    251.59 s
[09:29:02] iter:  416 | change:   0.04716 | c:    234.45876 | v:   0.50000 | time:    252.17 s
[09:29:03] iter:  417 | change:   0.04666 | c:    234.45763 | v:   0.50000 | time:    252.77 s
[09:29:03] iter:  418 | change:   0.04679 | c:    234.45652 | v:   0.50000 | time:    253.34 s
[09:29:04] iter:  419 | change:   0.04704 | c:    234.45549 | v:   0.50000 | time:    253.89 s

Saved step 4 (MTOP MMA density) result data:
  C:\Users\campa\Desktop\Structural-Optimization-LUKASTIEBERT\matlab\results\mtop_mma_density.mat
  C:\Users\campa\Desktop\Structural-Optimization-LUKASTIEBERT\matlab\results\mtop_mma_density_history.csv
  C:\Users\campa\Desktop\Structural-Optimization-LUKASTIEBERT\matlab\results\mtop_mma_density_summary.txt
Saved step 4 (MTOP MMA density) figures in:
  C:\Users\campa\Desktop\Structural-Optimization-LUKASTIEBERT\matlab\figures

Step 4 (MTOP MMA density) completed.
  Iterations:           419
  Elapsed time [s]:     253.89
  MTOP compliance:      234.455490
  Fine-mesh compliance: 240.076973
  Volume fraction:      0.499999

Running assignment step 4: MTOP MMA Heaviside (eta = 0.30)
  FE mesh:       120 x 40 elements
  Density mesh:  600 x 200 cells
  Cells per FE:  5 x 5
  Volume target: 0.5000
  Penalization:  3.0000
  Filter radius: 24.0000 density cells
  Heaviside eta: 0.30
  Beta range:    1.00 -> 16.00 (doubled every 50 iters)

[09:29:12] iter:    1 | beta:  1.00 | change:   1.00000 | c:    790.72887 | v:   0.54561 | time:      0.69 s
[09:29:13] iter:    2 | beta:  1.00 | change:   0.19975 | c:    875.79756 | v:   0.46397 | time:      1.25 s
[09:29:13] iter:    3 | beta:  1.00 | change:   0.16389 | c:    602.48406 | v:   0.47314 | time:      1.78 s
[09:29:14] iter:    4 | beta:  1.00 | change:   0.18002 | c:    478.16094 | v:   0.48475 | time:      2.36 s
[09:29:14] iter:    5 | beta:  1.00 | change:   0.14205 | c:    416.34152 | v:   0.49141 | time:      2.91 s
[09:29:15] iter:    6 | beta:  1.00 | change:   0.13761 | c:    384.89823 | v:   0.49581 | time:      3.45 s
[09:29:15] iter:    7 | beta:  1.00 | change:   0.13439 | c:    368.25096 | v:   0.49734 | time:      3.98 s
[09:29:16] iter:    8 | beta:  1.00 | change:   0.14529 | c:    356.68716 | v:   0.49795 | time:      4.51 s
[09:29:17] iter:    9 | beta:  1.00 | change:   0.15908 | c:    347.80183 | v:   0.49837 | time:      5.08 s
[09:29:17] iter:   10 | beta:  1.00 | change:   0.15437 | c:    339.86624 | v:   0.49841 | time:      5.65 s
[09:29:18] iter:   11 | beta:  1.00 | change:   0.15488 | c:    332.16796 | v:   0.49829 | time:      6.19 s
[09:29:18] iter:   12 | beta:  1.00 | change:   0.15528 | c:    324.94229 | v:   0.49841 | time:      6.73 s
[09:29:19] iter:   13 | beta:  1.00 | change:   0.14203 | c:    318.43110 | v:   0.49851 | time:      7.31 s
[09:29:19] iter:   14 | beta:  1.00 | change:   0.15113 | c:    312.43961 | v:   0.49858 | time:      7.90 s
[09:29:20] iter:   15 | beta:  1.00 | change:   0.16923 | c:    306.79965 | v:   0.49863 | time:      8.44 s
[09:29:20] iter:   16 | beta:  1.00 | change:   0.18533 | c:    301.29740 | v:   0.49865 | time:      8.99 s
[09:29:21] iter:   17 | beta:  1.00 | change:   0.18977 | c:    295.73640 | v:   0.49855 | time:      9.54 s
[09:29:22] iter:   18 | beta:  1.00 | change:   0.19433 | c:    289.98747 | v:   0.49823 | time:     10.12 s
[09:29:22] iter:   19 | beta:  1.00 | change:   0.19442 | c:    285.33189 | v:   0.49696 | time:     10.70 s
[09:29:23] iter:   20 | beta:  1.00 | change:   0.19852 | c:    282.11450 | v:   0.49477 | time:     11.28 s
[09:29:23] iter:   21 | beta:  1.00 | change:   0.19836 | c:    274.57012 | v:   0.49424 | time:     11.90 s
[09:29:24] iter:   22 | beta:  1.00 | change:   0.19796 | c:    266.04037 | v:   0.49635 | time:     12.54 s
[09:29:25] iter:   23 | beta:  1.00 | change:   0.19638 | c:    260.39544 | v:   0.49849 | time:     13.29 s
[09:29:26] iter:   24 | beta:  1.00 | change:   0.19687 | c:    257.32764 | v:   0.49908 | time:     14.00 s
[09:29:26] iter:   25 | beta:  1.00 | change:   0.19484 | c:    255.03365 | v:   0.49919 | time:     14.67 s
[09:29:27] iter:   26 | beta:  1.00 | change:   0.19396 | c:    252.91389 | v:   0.49921 | time:     15.32 s
[09:29:27] iter:   27 | beta:  1.00 | change:   0.19031 | c:    250.82090 | v:   0.49918 | time:     15.93 s
[09:29:28] iter:   28 | beta:  1.00 | change:   0.19056 | c:    248.64746 | v:   0.49912 | time:     16.56 s
[09:29:29] iter:   29 | beta:  1.00 | change:   0.19026 | c:    246.51641 | v:   0.49912 | time:     17.20 s
[09:29:29] iter:   30 | beta:  1.00 | change:   0.19068 | c:    244.63349 | v:   0.49926 | time:     17.82 s
[09:29:30] iter:   31 | beta:  1.00 | change:   0.18710 | c:    243.09360 | v:   0.49939 | time:     18.45 s
[09:29:31] iter:   32 | beta:  1.00 | change:   0.18606 | c:    241.77405 | v:   0.49947 | time:     19.10 s
[09:29:31] iter:   33 | beta:  1.00 | change:   0.18469 | c:    240.66147 | v:   0.49958 | time:     19.75 s
[09:29:32] iter:   34 | beta:  1.00 | change:   0.18445 | c:    239.68697 | v:   0.49963 | time:     20.39 s
[09:29:33] iter:   35 | beta:  1.00 | change:   0.18502 | c:    238.69192 | v:   0.49960 | time:     21.02 s
[09:29:33] iter:   36 | beta:  1.00 | change:   0.19011 | c:    237.57381 | v:   0.49954 | time:     21.66 s
[09:29:34] iter:   37 | beta:  1.00 | change:   0.17591 | c:    236.70742 | v:   0.49965 | time:     22.27 s
[09:29:34] iter:   38 | beta:  1.00 | change:   0.17468 | c:    236.22163 | v:   0.49984 | time:     22.88 s
[09:29:35] iter:   39 | beta:  1.00 | change:   0.17520 | c:    235.90118 | v:   0.49987 | time:     23.50 s
[09:29:36] iter:   40 | beta:  1.00 | change:   0.16986 | c:    235.64457 | v:   0.49991 | time:     24.11 s
[09:29:36] iter:   41 | beta:  1.00 | change:   0.16650 | c:    235.44675 | v:   0.49992 | time:     24.71 s
[09:29:37] iter:   42 | beta:  1.00 | change:   0.16481 | c:    235.27595 | v:   0.49993 | time:     25.30 s
[09:29:37] iter:   43 | beta:  1.00 | change:   0.16052 | c:    235.12386 | v:   0.49994 | time:     25.90 s
[09:29:38] iter:   44 | beta:  1.00 | change:   0.15901 | c:    234.99387 | v:   0.49995 | time:     26.70 s
[09:29:39] iter:   45 | beta:  1.00 | change:   0.15912 | c:    234.88452 | v:   0.49996 | time:     27.35 s
[09:29:39] iter:   46 | beta:  1.00 | change:   0.15510 | c:    234.79081 | v:   0.49996 | time:     27.97 s
[09:29:40] iter:   47 | beta:  1.00 | change:   0.16215 | c:    234.71061 | v:   0.49997 | time:     28.61 s
[09:29:41] iter:   48 | beta:  1.00 | change:   0.15250 | c:    234.64022 | v:   0.49997 | time:     29.23 s
[09:29:41] iter:   49 | beta:  1.00 | change:   0.14758 | c:    234.57721 | v:   0.49998 | time:     29.85 s
[09:29:42] iter:   50 | beta:  1.00 | change:   0.15159 | c:    234.52235 | v:   0.49998 | time:     30.46 s
  Heaviside beta increased to 2.00
[09:29:43] iter:   51 | beta:  2.00 | change:   0.15010 | c:    213.68259 | v:   0.53046 | time:     31.15 s
[09:29:43] iter:   52 | beta:  2.00 | change:   0.19700 | c:    235.02748 | v:   0.49587 | time:     31.79 s
[09:29:44] iter:   53 | beta:  2.00 | change:   0.19450 | c:    230.57311 | v:   0.49850 | time:     32.43 s
[09:29:45] iter:   54 | beta:  2.00 | change:   0.19073 | c:    229.14933 | v:   0.49946 | time:     33.07 s
[09:29:45] iter:   55 | beta:  2.00 | change:   0.18641 | c:    228.55160 | v:   0.49974 | time:     33.70 s
[09:29:46] iter:   56 | beta:  2.00 | change:   0.18275 | c:    228.20267 | v:   0.49988 | time:     34.32 s
[09:29:46] iter:   57 | beta:  2.00 | change:   0.15942 | c:    228.01879 | v:   0.49994 | time:     34.94 s
[09:29:47] iter:   58 | beta:  2.00 | change:   0.15921 | c:    227.91594 | v:   0.49996 | time:     35.60 s
[09:29:48] iter:   59 | beta:  2.00 | change:   0.16283 | c:    227.84933 | v:   0.49997 | time:     36.24 s
[09:29:48] iter:   60 | beta:  2.00 | change:   0.16420 | c:    227.80009 | v:   0.49998 | time:     36.87 s
[09:29:49] iter:   61 | beta:  2.00 | change:   0.16123 | c:    227.76081 | v:   0.49998 | time:     37.51 s
[09:29:50] iter:   62 | beta:  2.00 | change:   0.14471 | c:    227.72755 | v:   0.49999 | time:     38.16 s
[09:29:50] iter:   63 | beta:  2.00 | change:   0.13991 | c:    227.69813 | v:   0.49999 | time:     38.80 s
[09:29:51] iter:   64 | beta:  2.00 | change:   0.13223 | c:    227.67197 | v:   0.49999 | time:     39.44 s
[09:29:52] iter:   65 | beta:  2.00 | change:   0.13404 | c:    227.64813 | v:   0.49999 | time:     40.07 s
[09:29:52] iter:   66 | beta:  2.00 | change:   0.13876 | c:    227.62594 | v:   0.49999 | time:     40.72 s
[09:29:53] iter:   67 | beta:  2.00 | change:   0.14179 | c:    227.60490 | v:   0.49999 | time:     41.38 s
[09:29:54] iter:   68 | beta:  2.00 | change:   0.13734 | c:    227.58465 | v:   0.49999 | time:     42.00 s
[09:29:54] iter:   69 | beta:  2.00 | change:   0.12132 | c:    227.56479 | v:   0.49999 | time:     42.64 s
[09:29:55] iter:   70 | beta:  2.00 | change:   0.12214 | c:    227.54504 | v:   0.49999 | time:     43.27 s
[09:29:55] iter:   71 | beta:  2.00 | change:   0.12036 | c:    227.52613 | v:   0.49999 | time:     43.89 s
[09:29:56] iter:   72 | beta:  2.00 | change:   0.11659 | c:    227.50827 | v:   0.49999 | time:     44.51 s
[09:29:57] iter:   73 | beta:  2.00 | change:   0.11749 | c:    227.49099 | v:   0.49999 | time:     45.15 s
[09:29:57] iter:   74 | beta:  2.00 | change:   0.12094 | c:    227.47382 | v:   0.49999 | time:     45.78 s
[09:29:58] iter:   75 | beta:  2.00 | change:   0.11949 | c:    227.45675 | v:   0.49999 | time:     46.41 s
[09:29:59] iter:   76 | beta:  2.00 | change:   0.11718 | c:    227.44040 | v:   0.49999 | time:     47.06 s
[09:29:59] iter:   77 | beta:  2.00 | change:   0.11241 | c:    227.42478 | v:   0.49999 | time:     47.69 s
[09:30:00] iter:   78 | beta:  2.00 | change:   0.11147 | c:    227.40956 | v:   0.49999 | time:     48.33 s
[09:30:00] iter:   79 | beta:  2.00 | change:   0.11589 | c:    227.39452 | v:   0.49999 | time:     48.94 s
[09:30:01] iter:   80 | beta:  2.00 | change:   0.11462 | c:    227.37945 | v:   0.49999 | time:     49.57 s
[09:30:02] iter:   81 | beta:  2.00 | change:   0.11502 | c:    227.36468 | v:   0.49999 | time:     50.19 s
[09:30:02] iter:   82 | beta:  2.00 | change:   0.11423 | c:    227.35055 | v:   0.49999 | time:     50.79 s
[09:30:03] iter:   83 | beta:  2.00 | change:   0.10718 | c:    227.33694 | v:   0.49999 | time:     51.41 s
[09:30:04] iter:   84 | beta:  2.00 | change:   0.10913 | c:    227.32357 | v:   0.49999 | time:     52.05 s
[09:30:04] iter:   85 | beta:  2.00 | change:   0.11051 | c:    227.31024 | v:   0.49999 | time:     52.67 s
[09:30:05] iter:   86 | beta:  2.00 | change:   0.11024 | c:    227.29709 | v:   0.49999 | time:     53.29 s
[09:30:05] iter:   87 | beta:  2.00 | change:   0.10956 | c:    227.28444 | v:   0.49999 | time:     53.91 s
[09:30:06] iter:   88 | beta:  2.00 | change:   0.10854 | c:    227.27221 | v:   0.49999 | time:     54.52 s
[09:30:07] iter:   89 | beta:  2.00 | change:   0.10232 | c:    227.26027 | v:   0.49999 | time:     55.17 s
[09:30:07] iter:   90 | beta:  2.00 | change:   0.10553 | c:    227.24843 | v:   0.49999 | time:     55.78 s
[09:30:08] iter:   91 | beta:  2.00 | change:   0.10311 | c:    227.23668 | v:   0.49999 | time:     56.41 s
[09:30:09] iter:   92 | beta:  2.00 | change:   0.10239 | c:    227.22518 | v:   0.49999 | time:     57.04 s
[09:30:09] iter:   93 | beta:  2.00 | change:   0.10568 | c:    227.21388 | v:   0.49999 | time:     57.67 s
[09:30:10] iter:   94 | beta:  2.00 | change:   0.10548 | c:    227.20268 | v:   0.49999 | time:     58.31 s
[09:30:10] iter:   95 | beta:  2.00 | change:   0.09771 | c:    227.19174 | v:   0.49999 | time:     58.92 s
[09:30:11] iter:   96 | beta:  2.00 | change:   0.09975 | c:    227.18103 | v:   0.49999 | time:     59.53 s
[09:30:12] iter:   97 | beta:  2.00 | change:   0.10173 | c:    227.17048 | v:   0.49999 | time:     60.14 s
[09:30:12] iter:   98 | beta:  2.00 | change:   0.10108 | c:    227.16011 | v:   0.49999 | time:     60.77 s
[09:30:13] iter:   99 | beta:  2.00 | change:   0.10071 | c:    227.14992 | v:   0.49999 | time:     61.39 s
[09:30:14] iter:  100 | beta:  2.00 | change:   0.10104 | c:    227.13982 | v:   0.50000 | time:     62.01 s
  Heaviside beta increased to 4.00
[09:30:14] iter:  101 | beta:  4.00 | change:   0.10131 | c:    199.54802 | v:   0.53799 | time:     62.62 s
[09:30:15] iter:  102 | beta:  4.00 | change:   0.20000 | c:    227.72625 | v:   0.49078 | time:     63.26 s
[09:30:15] iter:  103 | beta:  4.00 | change:   0.19874 | c:    218.32564 | v:   0.49567 | time:     63.90 s
[09:30:16] iter:  104 | beta:  4.00 | change:   0.19405 | c:    216.39439 | v:   0.49758 | time:     64.55 s
[09:30:17] iter:  105 | beta:  4.00 | change:   0.18978 | c:    215.04956 | v:   0.49929 | time:     65.18 s
[09:30:17] iter:  106 | beta:  4.00 | change:   0.18442 | c:    214.62888 | v:   0.49962 | time:     65.83 s
[09:30:18] iter:  107 | beta:  4.00 | change:   0.16414 | c:    214.33898 | v:   0.49988 | time:     66.48 s
[09:30:19] iter:  108 | beta:  4.00 | change:   0.12550 | c:    214.21865 | v:   0.49995 | time:     67.11 s
[09:30:19] iter:  109 | beta:  4.00 | change:   0.12054 | c:    214.15798 | v:   0.49998 | time:     67.77 s
[09:30:20] iter:  110 | beta:  4.00 | change:   0.11468 | c:    214.12043 | v:   0.49998 | time:     68.45 s
[09:30:21] iter:  111 | beta:  4.00 | change:   0.10506 | c:    214.09381 | v:   0.49999 | time:     69.22 s
[09:30:21] iter:  112 | beta:  4.00 | change:   0.09148 | c:    214.07264 | v:   0.49999 | time:     69.92 s
[09:30:22] iter:  113 | beta:  4.00 | change:   0.08551 | c:    214.05459 | v:   0.49999 | time:     70.57 s
[09:30:23] iter:  114 | beta:  4.00 | change:   0.09347 | c:    214.03892 | v:   0.49999 | time:     71.21 s
[09:30:23] iter:  115 | beta:  4.00 | change:   0.09591 | c:    214.02568 | v:   0.49999 | time:     71.85 s
[09:30:24] iter:  116 | beta:  4.00 | change:   0.09810 | c:    214.01403 | v:   0.49999 | time:     72.50 s
[09:30:25] iter:  117 | beta:  4.00 | change:   0.10010 | c:    214.00355 | v:   0.49999 | time:     73.14 s
[09:30:25] iter:  118 | beta:  4.00 | change:   0.08854 | c:    213.99419 | v:   0.50000 | time:     73.78 s
[09:30:26] iter:  119 | beta:  4.00 | change:   0.08378 | c:    213.98593 | v:   0.50000 | time:     74.40 s
[09:30:27] iter:  120 | beta:  4.00 | change:   0.07927 | c:    213.97860 | v:   0.50000 | time:     75.06 s
[09:30:27] iter:  121 | beta:  4.00 | change:   0.07602 | c:    213.97201 | v:   0.50000 | time:     75.73 s
[09:30:28] iter:  122 | beta:  4.00 | change:   0.07605 | c:    213.96592 | v:   0.50000 | time:     76.38 s
[09:30:29] iter:  123 | beta:  4.00 | change:   0.07340 | c:    213.96020 | v:   0.50000 | time:     77.03 s
[09:30:29] iter:  124 | beta:  4.00 | change:   0.07343 | c:    213.95478 | v:   0.50000 | time:     77.62 s
[09:30:30] iter:  125 | beta:  4.00 | change:   0.07270 | c:    213.94969 | v:   0.50000 | time:     78.23 s
[09:30:30] iter:  126 | beta:  4.00 | change:   0.07331 | c:    213.94493 | v:   0.50000 | time:     78.83 s
[09:30:31] iter:  127 | beta:  4.00 | change:   0.06966 | c:    213.94048 | v:   0.50000 | time:     79.43 s
[09:30:32] iter:  128 | beta:  4.00 | change:   0.06810 | c:    213.93623 | v:   0.50000 | time:     80.04 s
[09:30:32] iter:  129 | beta:  4.00 | change:   0.06669 | c:    213.93214 | v:   0.50000 | time:     80.67 s
[09:30:33] iter:  130 | beta:  4.00 | change:   0.06689 | c:    213.92818 | v:   0.50000 | time:     81.27 s
[09:30:33] iter:  131 | beta:  4.00 | change:   0.06567 | c:    213.92431 | v:   0.50000 | time:     81.88 s
[09:30:34] iter:  132 | beta:  4.00 | change:   0.06246 | c:    213.92051 | v:   0.50000 | time:     82.48 s
[09:30:35] iter:  133 | beta:  4.00 | change:   0.06445 | c:    213.91682 | v:   0.50000 | time:     83.09 s
[09:30:35] iter:  134 | beta:  4.00 | change:   0.06513 | c:    213.91322 | v:   0.50000 | time:     83.69 s
[09:30:36] iter:  135 | beta:  4.00 | change:   0.06422 | c:    213.90969 | v:   0.50000 | time:     84.30 s
[09:30:36] iter:  136 | beta:  4.00 | change:   0.06425 | c:    213.90622 | v:   0.50000 | time:     84.90 s
[09:30:37] iter:  137 | beta:  4.00 | change:   0.06436 | c:    213.90282 | v:   0.50000 | time:     85.51 s
[09:30:38] iter:  138 | beta:  4.00 | change:   0.06057 | c:    213.89951 | v:   0.50000 | time:     86.14 s
[09:30:38] iter:  139 | beta:  4.00 | change:   0.06019 | c:    213.89626 | v:   0.50000 | time:     86.75 s
[09:30:39] iter:  140 | beta:  4.00 | change:   0.06030 | c:    213.89305 | v:   0.50000 | time:     87.35 s
[09:30:39] iter:  141 | beta:  4.00 | change:   0.06240 | c:    213.88987 | v:   0.50000 | time:     87.96 s
[09:30:40] iter:  142 | beta:  4.00 | change:   0.06268 | c:    213.88673 | v:   0.50000 | time:     88.57 s
[09:30:41] iter:  143 | beta:  4.00 | change:   0.05932 | c:    213.88362 | v:   0.50000 | time:     89.18 s
[09:30:41] iter:  144 | beta:  4.00 | change:   0.05849 | c:    213.88059 | v:   0.50000 | time:     89.77 s
[09:30:42] iter:  145 | beta:  4.00 | change:   0.05960 | c:    213.87761 | v:   0.50000 | time:     90.38 s
[09:30:43] iter:  146 | beta:  4.00 | change:   0.05891 | c:    213.87468 | v:   0.50000 | time:     90.99 s
[09:30:43] iter:  147 | beta:  4.00 | change:   0.05978 | c:    213.87180 | v:   0.50000 | time:     91.61 s
[09:30:44] iter:  148 | beta:  4.00 | change:   0.06037 | c:    213.86895 | v:   0.50000 | time:     92.21 s
[09:30:44] iter:  149 | beta:  4.00 | change:   0.05944 | c:    213.86611 | v:   0.50000 | time:     92.80 s
[09:30:45] iter:  150 | beta:  4.00 | change:   0.05935 | c:    213.86331 | v:   0.50000 | time:     93.40 s
  Heaviside beta increased to 8.00
[09:30:46] iter:  151 | beta:  8.00 | change:   0.05607 | c:    197.18105 | v:   0.51326 | time:     94.03 s
[09:30:46] iter:  152 | beta:  8.00 | change:   0.19056 | c:    202.84165 | v:   0.49822 | time:     94.67 s
[09:30:47] iter:  153 | beta:  8.00 | change:   0.17308 | c:    202.09144 | v:   0.49975 | time:     95.28 s
[09:30:47] iter:  154 | beta:  8.00 | change:   0.15706 | c:    201.98906 | v:   0.49989 | time:     95.94 s
[09:30:48] iter:  155 | beta:  8.00 | change:   0.15150 | c:    201.93218 | v:   0.49991 | time:     96.57 s
[09:30:49] iter:  156 | beta:  8.00 | change:   0.13457 | c:    201.88359 | v:   0.49996 | time:     97.24 s
[09:30:49] iter:  157 | beta:  8.00 | change:   0.12323 | c:    201.85344 | v:   0.49997 | time:     97.91 s
[09:30:50] iter:  158 | beta:  8.00 | change:   0.10076 | c:    201.83050 | v:   0.49998 | time:     98.57 s
[09:30:51] iter:  159 | beta:  8.00 | change:   0.08831 | c:    201.81471 | v:   0.49999 | time:     99.26 s
[09:30:51] iter:  160 | beta:  8.00 | change:   0.07785 | c:    201.80109 | v:   0.49999 | time:     99.91 s
[09:30:52] iter:  161 | beta:  8.00 | change:   0.07217 | c:    201.79050 | v:   0.49999 | time:    100.56 s
[09:30:53] iter:  162 | beta:  8.00 | change:   0.07475 | c:    201.78118 | v:   0.49999 | time:    101.21 s
[09:30:53] iter:  163 | beta:  8.00 | change:   0.07164 | c:    201.77360 | v:   0.49999 | time:    101.84 s
[09:30:54] iter:  164 | beta:  8.00 | change:   0.06279 | c:    201.76680 | v:   0.50000 | time:    102.50 s
[09:30:55] iter:  165 | beta:  8.00 | change:   0.05916 | c:    201.76086 | v:   0.50000 | time:    103.14 s
[09:30:55] iter:  166 | beta:  8.00 | change:   0.05709 | c:    201.75552 | v:   0.50000 | time:    103.77 s
[09:30:56] iter:  167 | beta:  8.00 | change:   0.05898 | c:    201.75080 | v:   0.50000 | time:    104.39 s
[09:30:57] iter:  168 | beta:  8.00 | change:   0.05659 | c:    201.74632 | v:   0.50000 | time:    105.02 s
[09:30:57] iter:  169 | beta:  8.00 | change:   0.05764 | c:    201.74208 | v:   0.50000 | time:    105.64 s
[09:30:58] iter:  170 | beta:  8.00 | change:   0.05616 | c:    201.73836 | v:   0.50000 | time:    106.27 s
[09:30:58] iter:  171 | beta:  8.00 | change:   0.05508 | c:    201.73509 | v:   0.50000 | time:    106.90 s
[09:30:59] iter:  172 | beta:  8.00 | change:   0.05036 | c:    201.73177 | v:   0.50000 | time:    107.53 s
[09:31:00] iter:  173 | beta:  8.00 | change:   0.05103 | c:    201.72843 | v:   0.50000 | time:    108.18 s
[09:31:00] iter:  174 | beta:  8.00 | change:   0.04974 | c:    201.72541 | v:   0.50000 | time:    108.82 s
[09:31:01] iter:  175 | beta:  8.00 | change:   0.05001 | c:    201.72278 | v:   0.50000 | time:    109.47 s
[09:31:02] iter:  176 | beta:  8.00 | change:   0.04973 | c:    201.71999 | v:   0.50000 | time:    110.09 s
[09:31:02] iter:  177 | beta:  8.00 | change:   0.04838 | c:    201.71712 | v:   0.50000 | time:    110.72 s
[09:31:03] iter:  178 | beta:  8.00 | change:   0.04942 | c:    201.71448 | v:   0.50000 | time:    111.36 s
[09:31:03] iter:  179 | beta:  8.00 | change:   0.04838 | c:    201.71216 | v:   0.50000 | time:    111.99 s
[09:31:04] iter:  180 | beta:  8.00 | change:   0.04774 | c:    201.70970 | v:   0.50000 | time:    112.62 s
[09:31:05] iter:  181 | beta:  8.00 | change:   0.04895 | c:    201.70710 | v:   0.50000 | time:    113.24 s
[09:31:05] iter:  182 | beta:  8.00 | change:   0.04627 | c:    201.70469 | v:   0.50000 | time:    113.88 s
[09:31:06] iter:  183 | beta:  8.00 | change:   0.04743 | c:    201.70255 | v:   0.50000 | time:    114.53 s
[09:31:07] iter:  184 | beta:  8.00 | change:   0.04555 | c:    201.70026 | v:   0.50000 | time:    115.15 s
[09:31:07] iter:  185 | beta:  8.00 | change:   0.04660 | c:    201.69778 | v:   0.50000 | time:    115.77 s
[09:31:08] iter:  186 | beta:  8.00 | change:   0.04726 | c:    201.69537 | v:   0.50000 | time:    116.41 s
[09:31:09] iter:  187 | beta:  8.00 | change:   0.04803 | c:    201.69325 | v:   0.50000 | time:    117.06 s
[09:31:09] iter:  188 | beta:  8.00 | change:   0.04535 | c:    201.69112 | v:   0.50000 | time:    117.69 s
[09:31:10] iter:  189 | beta:  8.00 | change:   0.04400 | c:    201.68879 | v:   0.50000 | time:    118.32 s
[09:31:10] iter:  190 | beta:  8.00 | change:   0.04256 | c:    201.68644 | v:   0.50000 | time:    118.96 s
[09:31:11] iter:  191 | beta:  8.00 | change:   0.04214 | c:    201.68425 | v:   0.50000 | time:    119.60 s
[09:31:12] iter:  192 | beta:  8.00 | change:   0.04278 | c:    201.68228 | v:   0.50000 | time:    120.24 s
[09:31:12] iter:  193 | beta:  8.00 | change:   0.04394 | c:    201.68026 | v:   0.50000 | time:    120.89 s
[09:31:13] iter:  194 | beta:  8.00 | change:   0.04006 | c:    201.67802 | v:   0.50000 | time:    121.53 s
[09:31:14] iter:  195 | beta:  8.00 | change:   0.03881 | c:    201.67583 | v:   0.50000 | time:    122.15 s
[09:31:14] iter:  196 | beta:  8.00 | change:   0.03723 | c:    201.67377 | v:   0.50000 | time:    122.78 s
[09:31:15] iter:  197 | beta:  8.00 | change:   0.03859 | c:    201.67183 | v:   0.50000 | time:    123.42 s
[09:31:16] iter:  198 | beta:  8.00 | change:   0.03647 | c:    201.66978 | v:   0.50000 | time:    124.05 s
[09:31:16] iter:  199 | beta:  8.00 | change:   0.03771 | c:    201.66762 | v:   0.50000 | time:    124.67 s
[09:31:17] iter:  200 | beta:  8.00 | change:   0.03602 | c:    201.66553 | v:   0.50000 | time:    125.36 s
  Heaviside beta increased to 16.00
[09:31:17] iter:  201 | beta: 16.00 | change:   0.03727 | c:    194.85604 | v:   0.49883 | time:    125.99 s
[09:31:18] iter:  202 | beta: 16.00 | change:   0.16568 | c:    194.71678 | v:   0.49978 | time:    126.61 s
[09:31:19] iter:  203 | beta: 16.00 | change:   0.11001 | c:    194.69877 | v:   0.49993 | time:    127.21 s
[09:31:19] iter:  204 | beta: 16.00 | change:   0.14237 | c:    194.74342 | v:   0.49985 | time:    127.81 s
[09:31:20] iter:  205 | beta: 16.00 | change:   0.13513 | c:    194.75919 | v:   0.49984 | time:    128.41 s
[09:31:21] iter:  206 | beta: 16.00 | change:   0.15778 | c:    194.75534 | v:   0.49980 | time:    129.04 s
[09:31:21] iter:  207 | beta: 16.00 | change:   0.10217 | c:    194.70301 | v:   0.49990 | time:    129.67 s
[09:31:22] iter:  208 | beta: 16.00 | change:   0.10697 | c:    194.67627 | v:   0.49995 | time:    130.32 s
[09:31:23] iter:  209 | beta: 16.00 | change:   0.06408 | c:    194.66045 | v:   0.49999 | time:    131.06 s
[09:31:23] iter:  210 | beta: 16.00 | change:   0.06011 | c:    194.65970 | v:   0.49999 | time:    131.74 s
[09:31:24] iter:  211 | beta: 16.00 | change:   0.05025 | c:    194.66073 | v:   0.50000 | time:    132.42 s
[09:31:25] iter:  212 | beta: 16.00 | change:   0.04680 | c:    194.66222 | v:   0.50000 | time:    133.05 s
[09:31:25] iter:  213 | beta: 16.00 | change:   0.04389 | c:    194.66389 | v:   0.50000 | time:    133.68 s
[09:31:26] iter:  214 | beta: 16.00 | change:   0.03960 | c:    194.66564 | v:   0.50000 | time:    134.32 s
[09:31:26] iter:  215 | beta: 16.00 | change:   0.03786 | c:    194.66734 | v:   0.50000 | time:    134.96 s
[09:31:27] iter:  216 | beta: 16.00 | change:   0.03726 | c:    194.66892 | v:   0.50000 | time:    135.58 s
[09:31:28] iter:  217 | beta: 16.00 | change:   0.03422 | c:    194.67031 | v:   0.50000 | time:    136.23 s
[09:31:28] iter:  218 | beta: 16.00 | change:   0.03764 | c:    194.67134 | v:   0.50000 | time:    136.90 s
[09:31:29] iter:  219 | beta: 16.00 | change:   0.03876 | c:    194.67196 | v:   0.50000 | time:    137.69 s
[09:31:30] iter:  220 | beta: 16.00 | change:   0.04337 | c:    194.67219 | v:   0.50000 | time:    138.60 s
[09:31:32] iter:  221 | beta: 16.00 | change:   0.04738 | c:    194.67204 | v:   0.50000 | time:    140.03 s
[09:31:33] iter:  222 | beta: 16.00 | change:   0.04826 | c:    194.67157 | v:   0.50000 | time:    141.20 s
[09:31:34] iter:  223 | beta: 16.00 | change:   0.05223 | c:    194.67087 | v:   0.50000 | time:    142.33 s
[09:31:35] iter:  224 | beta: 16.00 | change:   0.04581 | c:    194.66997 | v:   0.50000 | time:    143.52 s
[09:31:36] iter:  225 | beta: 16.00 | change:   0.04572 | c:    194.66899 | v:   0.50000 | time:    144.64 s
[09:31:37] iter:  226 | beta: 16.00 | change:   0.04191 | c:    194.66787 | v:   0.50000 | time:    145.40 s
[09:31:38] iter:  227 | beta: 16.00 | change:   0.04104 | c:    194.66688 | v:   0.50000 | time:    146.39 s
[09:31:39] iter:  228 | beta: 16.00 | change:   0.03748 | c:    194.66568 | v:   0.50000 | time:    147.25 s
[09:31:40] iter:  229 | beta: 16.00 | change:   0.03731 | c:    194.66493 | v:   0.50000 | time:    148.08 s
[09:31:40] iter:  230 | beta: 16.00 | change:   0.03418 | c:    194.66360 | v:   0.50000 | time:    148.90 s
[09:31:41] iter:  231 | beta: 16.00 | change:   0.03854 | c:    194.66294 | v:   0.50000 | time:    149.71 s
[09:31:42] iter:  232 | beta: 16.00 | change:   0.03507 | c:    194.66148 | v:   0.50000 | time:    150.45 s
[09:31:43] iter:  233 | beta: 16.00 | change:   0.04145 | c:    194.66060 | v:   0.50000 | time:    151.19 s
[09:31:43] iter:  234 | beta: 16.00 | change:   0.03535 | c:    194.65914 | v:   0.50000 | time:    151.90 s
[09:31:44] iter:  235 | beta: 16.00 | change:   0.03944 | c:    194.65759 | v:   0.50000 | time:    152.64 s
[09:31:45] iter:  236 | beta: 16.00 | change:   0.03413 | c:    194.65612 | v:   0.50000 | time:    153.42 s
[09:31:46] iter:  237 | beta: 16.00 | change:   0.03467 | c:    194.65479 | v:   0.50000 | time:    154.19 s
[09:31:46] iter:  238 | beta: 16.00 | change:   0.03536 | c:    194.65349 | v:   0.50000 | time:    154.94 s
[09:31:47] iter:  239 | beta: 16.00 | change:   0.03365 | c:    194.65199 | v:   0.50000 | time:    155.70 s
[09:31:48] iter:  240 | beta: 16.00 | change:   0.03428 | c:    194.65046 | v:   0.50000 | time:    156.46 s
[09:31:49] iter:  241 | beta: 16.00 | change:   0.03300 | c:    194.64896 | v:   0.50000 | time:    157.21 s
[09:31:49] iter:  242 | beta: 16.00 | change:   0.02935 | c:    194.64767 | v:   0.50000 | time:    157.93 s
[09:31:50] iter:  243 | beta: 16.00 | change:   0.02971 | c:    194.64643 | v:   0.50000 | time:    158.63 s
[09:31:51] iter:  244 | beta: 16.00 | change:   0.03005 | c:    194.64504 | v:   0.50000 | time:    159.36 s
[09:31:52] iter:  245 | beta: 16.00 | change:   0.02962 | c:    194.64357 | v:   0.50000 | time:    160.05 s
[09:31:52] iter:  246 | beta: 16.00 | change:   0.03010 | c:    194.64217 | v:   0.50000 | time:    160.76 s
[09:31:53] iter:  247 | beta: 16.00 | change:   0.03058 | c:    194.64097 | v:   0.50000 | time:    161.48 s
[09:31:54] iter:  248 | beta: 16.00 | change:   0.02949 | c:    194.63977 | v:   0.50000 | time:    162.16 s
[09:31:54] iter:  249 | beta: 16.00 | change:   0.03001 | c:    194.63841 | v:   0.50000 | time:    162.85 s
[09:31:55] iter:  250 | beta: 16.00 | change:   0.03054 | c:    194.63697 | v:   0.50000 | time:    163.54 s
[09:31:56] iter:  251 | beta: 16.00 | change:   0.02925 | c:    194.63553 | v:   0.50000 | time:    164.23 s
[09:31:56] iter:  252 | beta: 16.00 | change:   0.02984 | c:    194.63434 | v:   0.50000 | time:    164.94 s
[09:31:57] iter:  253 | beta: 16.00 | change:   0.02939 | c:    194.63307 | v:   0.50000 | time:    165.63 s
[09:31:58] iter:  254 | beta: 16.00 | change:   0.02894 | c:    194.63169 | v:   0.50000 | time:    166.28 s
[09:31:58] iter:  255 | beta: 16.00 | change:   0.02713 | c:    194.63005 | v:   0.50000 | time:    166.93 s
[09:31:59] iter:  256 | beta: 16.00 | change:   0.02616 | c:    194.62865 | v:   0.50000 | time:    167.60 s
[09:32:00] iter:  257 | beta: 16.00 | change:   0.02517 | c:    194.62726 | v:   0.50000 | time:    168.26 s
[09:32:00] iter:  258 | beta: 16.00 | change:   0.02669 | c:    194.62608 | v:   0.50000 | time:    168.90 s
[09:32:01] iter:  259 | beta: 16.00 | change:   0.02588 | c:    194.62456 | v:   0.50000 | time:    169.58 s
[09:32:02] iter:  260 | beta: 16.00 | change:   0.02582 | c:    194.62289 | v:   0.50000 | time:    170.24 s
[09:32:02] iter:  261 | beta: 16.00 | change:   0.02506 | c:    194.62129 | v:   0.50000 | time:    170.93 s
[09:32:03] iter:  262 | beta: 16.00 | change:   0.02549 | c:    194.61994 | v:   0.50000 | time:    171.59 s
[09:32:04] iter:  263 | beta: 16.00 | change:   0.02593 | c:    194.61865 | v:   0.50000 | time:    172.24 s
[09:32:04] iter:  264 | beta: 16.00 | change:   0.02609 | c:    194.61717 | v:   0.50000 | time:    172.92 s
[09:32:05] iter:  265 | beta: 16.00 | change:   0.02463 | c:    194.61552 | v:   0.50000 | time:    173.58 s
[09:32:06] iter:  266 | beta: 16.00 | change:   0.02506 | c:    194.61388 | v:   0.50000 | time:    174.27 s
[09:32:06] iter:  267 | beta: 16.00 | change:   0.02551 | c:    194.61248 | v:   0.50000 | time:    174.95 s
[09:32:07] iter:  268 | beta: 16.00 | change:   0.02379 | c:    194.61116 | v:   0.50000 | time:    175.63 s
[09:32:08] iter:  269 | beta: 16.00 | change:   0.02394 | c:    194.60968 | v:   0.50000 | time:    176.42 s
[09:32:09] iter:  270 | beta: 16.00 | change:   0.02384 | c:    194.60806 | v:   0.50000 | time:    177.15 s
[09:32:09] iter:  271 | beta: 16.00 | change:   0.02134 | c:    194.60644 | v:   0.50000 | time:    177.82 s
[09:32:10] iter:  272 | beta: 16.00 | change:   0.02144 | c:    194.60503 | v:   0.50000 | time:    178.76 s
[09:32:11] iter:  273 | beta: 16.00 | change:   0.02186 | c:    194.60374 | v:   0.50000 | time:    179.59 s
[09:32:12] iter:  274 | beta: 16.00 | change:   0.02198 | c:    194.60230 | v:   0.50000 | time:    180.36 s
[09:32:13] iter:  275 | beta: 16.00 | change:   0.02167 | c:    194.60070 | v:   0.50000 | time:    181.12 s
[09:32:13] iter:  276 | beta: 16.00 | change:   0.02183 | c:    194.59907 | v:   0.50000 | time:    181.94 s
[09:32:14] iter:  277 | beta: 16.00 | change:   0.02234 | c:    194.59761 | v:   0.50000 | time:    182.78 s
[09:32:15] iter:  278 | beta: 16.00 | change:   0.02242 | c:    194.59633 | v:   0.50000 | time:    183.65 s
[09:32:16] iter:  279 | beta: 16.00 | change:   0.02218 | c:    194.59493 | v:   0.50000 | time:    184.33 s
[09:32:17] iter:  280 | beta: 16.00 | change:   0.02180 | c:    194.59338 | v:   0.50000 | time:    185.00 s
[09:32:17] iter:  281 | beta: 16.00 | change:   0.02162 | c:    194.59174 | v:   0.50000 | time:    185.72 s
[09:32:18] iter:  282 | beta: 16.00 | change:   0.02190 | c:    194.59024 | v:   0.50000 | time:    186.46 s
[09:32:19] iter:  283 | beta: 16.00 | change:   0.02221 | c:    194.58893 | v:   0.50000 | time:    187.29 s
[09:32:20] iter:  284 | beta: 16.00 | change:   0.02186 | c:    194.58757 | v:   0.50000 | time:    188.12 s
[09:32:20] iter:  285 | beta: 16.00 | change:   0.02016 | c:    194.58601 | v:   0.50000 | time:    188.89 s
[09:32:21] iter:  286 | beta: 16.00 | change:   0.02042 | c:    194.58440 | v:   0.50000 | time:    189.65 s
[09:32:22] iter:  287 | beta: 16.00 | change:   0.02073 | c:    194.58286 | v:   0.50000 | time:    190.45 s
[09:32:23] iter:  288 | beta: 16.00 | change:   0.02105 | c:    194.58153 | v:   0.50000 | time:    191.20 s
[09:32:24] iter:  289 | beta: 16.00 | change:   0.02133 | c:    194.58017 | v:   0.50000 | time:    192.10 s
[09:32:25] iter:  290 | beta: 16.00 | change:   0.01942 | c:    194.57867 | v:   0.50000 | time:    193.09 s
[09:32:26] iter:  291 | beta: 16.00 | change:   0.01941 | c:    194.57704 | v:   0.50000 | time:    194.01 s
[09:32:26] iter:  292 | beta: 16.00 | change:   0.01952 | c:    194.57550 | v:   0.50000 | time:    194.72 s
[09:32:27] iter:  293 | beta: 16.00 | change:   0.01969 | c:    194.57410 | v:   0.50000 | time:    195.42 s
[09:32:28] iter:  294 | beta: 16.00 | change:   0.01995 | c:    194.57279 | v:   0.50000 | time:    196.11 s
[09:32:28] iter:  295 | beta: 16.00 | change:   0.01885 | c:    194.57131 | v:   0.50000 | time:    196.82 s
[09:32:29] iter:  296 | beta: 16.00 | change:   0.01830 | c:    194.56976 | v:   0.50000 | time:    197.49 s
[09:32:30] iter:  297 | beta: 16.00 | change:   0.01834 | c:    194.56820 | v:   0.50000 | time:    198.16 s
[09:32:30] iter:  298 | beta: 16.00 | change:   0.01870 | c:    194.56679 | v:   0.50000 | time:    198.85 s
[09:32:31] iter:  299 | beta: 16.00 | change:   0.01782 | c:    194.56546 | v:   0.50000 | time:    199.53 s
[09:32:32] iter:  300 | beta: 16.00 | change:   0.01767 | c:    194.56406 | v:   0.50000 | time:    200.18 s
[09:32:32] iter:  301 | beta: 16.00 | change:   0.01799 | c:    194.56252 | v:   0.50000 | time:    200.85 s
[09:32:33] iter:  302 | beta: 16.00 | change:   0.01802 | c:    194.56096 | v:   0.50000 | time:    201.51 s
[09:32:34] iter:  303 | beta: 16.00 | change:   0.01835 | c:    194.55949 | v:   0.50000 | time:    202.17 s
[09:32:35] iter:  304 | beta: 16.00 | change:   0.01852 | c:    194.55820 | v:   0.50000 | time:    203.00 s
[09:32:35] iter:  305 | beta: 16.00 | change:   0.01783 | c:    194.55686 | v:   0.50000 | time:    203.73 s
[09:32:36] iter:  306 | beta: 16.00 | change:   0.01745 | c:    194.55537 | v:   0.50000 | time:    204.42 s
[09:32:37] iter:  307 | beta: 16.00 | change:   0.01714 | c:    194.55383 | v:   0.50000 | time:    205.17 s
[09:32:37] iter:  308 | beta: 16.00 | change:   0.01707 | c:    194.55235 | v:   0.50000 | time:    205.98 s
[09:32:38] iter:  309 | beta: 16.00 | change:   0.01734 | c:    194.55105 | v:   0.50000 | time:    206.79 s
[09:32:39] iter:  310 | beta: 16.00 | change:   0.01752 | c:    194.54977 | v:   0.50000 | time:    207.58 s
[09:32:40] iter:  311 | beta: 16.00 | change:   0.01772 | c:    194.54836 | v:   0.50000 | time:    208.33 s
[09:32:41] iter:  312 | beta: 16.00 | change:   0.01784 | c:    194.54687 | v:   0.50000 | time:    209.10 s
[09:32:41] iter:  313 | beta: 16.00 | change:   0.01791 | c:    194.54538 | v:   0.50000 | time:    209.93 s
[09:32:42] iter:  314 | beta: 16.00 | change:   0.01596 | c:    194.54400 | v:   0.50000 | time:    210.76 s
[09:32:43] iter:  315 | beta: 16.00 | change:   0.01568 | c:    194.54274 | v:   0.50000 | time:    211.55 s
[09:32:44] iter:  316 | beta: 16.00 | change:   0.01644 | c:    194.54142 | v:   0.50000 | time:    212.23 s
[09:32:44] iter:  317 | beta: 16.00 | change:   0.01588 | c:    194.53996 | v:   0.50000 | time:    212.91 s
[09:32:45] iter:  318 | beta: 16.00 | change:   0.01656 | c:    194.53852 | v:   0.50000 | time:    213.56 s
[09:32:46] iter:  319 | beta: 16.00 | change:   0.01616 | c:    194.53710 | v:   0.50000 | time:    214.22 s
[09:32:46] iter:  320 | beta: 16.00 | change:   0.01639 | c:    194.53583 | v:   0.50000 | time:    214.88 s
[09:32:47] iter:  321 | beta: 16.00 | change:   0.01647 | c:    194.53453 | v:   0.50000 | time:    215.54 s
[09:32:48] iter:  322 | beta: 16.00 | change:   0.01660 | c:    194.53313 | v:   0.50000 | time:    216.21 s
[09:32:48] iter:  323 | beta: 16.00 | change:   0.01673 | c:    194.53169 | v:   0.50000 | time:    216.90 s
[09:32:49] iter:  324 | beta: 16.00 | change:   0.01611 | c:    194.53028 | v:   0.50000 | time:    217.57 s
[09:32:50] iter:  325 | beta: 16.00 | change:   0.01591 | c:    194.52899 | v:   0.50000 | time:    218.20 s
[09:32:50] iter:  326 | beta: 16.00 | change:   0.01588 | c:    194.52773 | v:   0.50000 | time:    218.85 s
[09:32:51] iter:  327 | beta: 16.00 | change:   0.01609 | c:    194.52641 | v:   0.50000 | time:    219.52 s
[09:32:52] iter:  328 | beta: 16.00 | change:   0.01583 | c:    194.52503 | v:   0.50000 | time:    220.17 s
[09:32:52] iter:  329 | beta: 16.00 | change:   0.01614 | c:    194.52365 | v:   0.50000 | time:    220.82 s
[09:32:53] iter:  330 | beta: 16.00 | change:   0.01613 | c:    194.52236 | v:   0.50000 | time:    221.45 s
[09:32:54] iter:  331 | beta: 16.00 | change:   0.01635 | c:    194.52115 | v:   0.50000 | time:    222.10 s
[09:32:54] iter:  332 | beta: 16.00 | change:   0.01634 | c:    194.51990 | v:   0.50000 | time:    222.77 s
[09:32:55] iter:  333 | beta: 16.00 | change:   0.01666 | c:    194.51858 | v:   0.50000 | time:    223.44 s
[09:32:56] iter:  334 | beta: 16.00 | change:   0.01665 | c:    194.51726 | v:   0.50000 | time:    224.10 s
[09:32:56] iter:  335 | beta: 16.00 | change:   0.01693 | c:    194.51598 | v:   0.50000 | time:    224.76 s
[09:32:57] iter:  336 | beta: 16.00 | change:   0.01691 | c:    194.51478 | v:   0.50000 | time:    225.45 s
[09:32:58] iter:  337 | beta: 16.00 | change:   0.01705 | c:    194.51355 | v:   0.50000 | time:    226.11 s
[09:32:58] iter:  338 | beta: 16.00 | change:   0.01720 | c:    194.51229 | v:   0.50000 | time:    226.78 s
[09:32:59] iter:  339 | beta: 16.00 | change:   0.01717 | c:    194.51102 | v:   0.50000 | time:    227.48 s
[09:33:00] iter:  340 | beta: 16.00 | change:   0.01766 | c:    194.50979 | v:   0.50000 | time:    228.18 s
[09:33:00] iter:  341 | beta: 16.00 | change:   0.01578 | c:    194.50861 | v:   0.50000 | time:    228.83 s
[09:33:01] iter:  342 | beta: 16.00 | change:   0.01697 | c:    194.50748 | v:   0.50000 | time:    229.46 s
[09:33:02] iter:  343 | beta: 16.00 | change:   0.01484 | c:    194.50629 | v:   0.50000 | time:    230.11 s
[09:33:02] iter:  344 | beta: 16.00 | change:   0.01422 | c:    194.50503 | v:   0.50000 | time:    230.74 s
[09:33:03] iter:  345 | beta: 16.00 | change:   0.01438 | c:    194.50382 | v:   0.50000 | time:    231.37 s
[09:33:04] iter:  346 | beta: 16.00 | change:   0.01379 | c:    194.50268 | v:   0.50000 | time:    231.99 s
[09:33:04] iter:  347 | beta: 16.00 | change:   0.01273 | c:    194.50157 | v:   0.50000 | time:    232.60 s
[09:33:05] iter:  348 | beta: 16.00 | change:   0.01286 | c:    194.50043 | v:   0.50000 | time:    233.25 s
[09:33:05] iter:  349 | beta: 16.00 | change:   0.01298 | c:    194.49925 | v:   0.50000 | time:    233.88 s
[09:33:06] iter:  350 | beta: 16.00 | change:   0.01304 | c:    194.49808 | v:   0.50000 | time:    234.58 s
[09:33:07] iter:  351 | beta: 16.00 | change:   0.01323 | c:    194.49699 | v:   0.50000 | time:    235.20 s
[09:33:07] iter:  352 | beta: 16.00 | change:   0.01323 | c:    194.49592 | v:   0.50000 | time:    235.80 s
[09:33:08] iter:  353 | beta: 16.00 | change:   0.01340 | c:    194.49484 | v:   0.50000 | time:    236.42 s
[09:33:09] iter:  354 | beta: 16.00 | change:   0.01340 | c:    194.49374 | v:   0.50000 | time:    237.05 s
[09:33:09] iter:  355 | beta: 16.00 | change:   0.01355 | c:    194.49263 | v:   0.50000 | time:    237.67 s
[09:33:10] iter:  356 | beta: 16.00 | change:   0.01352 | c:    194.49157 | v:   0.50000 | time:    238.29 s
[09:33:10] iter:  357 | beta: 16.00 | change:   0.01387 | c:    194.49057 | v:   0.50000 | time:    238.94 s
[09:33:11] iter:  358 | beta: 16.00 | change:   0.01370 | c:    194.48955 | v:   0.50000 | time:    239.56 s
[09:33:12] iter:  359 | beta: 16.00 | change:   0.01361 | c:    194.48850 | v:   0.50000 | time:    240.20 s
[09:33:12] iter:  360 | beta: 16.00 | change:   0.01378 | c:    194.48752 | v:   0.50000 | time:    240.82 s
[09:33:13] iter:  361 | beta: 16.00 | change:   0.01378 | c:    194.48649 | v:   0.50000 | time:    241.46 s
[09:33:14] iter:  362 | beta: 16.00 | change:   0.01385 | c:    194.48547 | v:   0.50000 | time:    242.12 s
[09:33:14] iter:  363 | beta: 16.00 | change:   0.01389 | c:    194.48453 | v:   0.50000 | time:    242.79 s
[09:33:15] iter:  364 | beta: 16.00 | change:   0.01405 | c:    194.48359 | v:   0.50000 | time:    243.54 s
[09:33:16] iter:  365 | beta: 16.00 | change:   0.01411 | c:    194.48261 | v:   0.50000 | time:    244.17 s
[09:33:16] iter:  366 | beta: 16.00 | change:   0.01423 | c:    194.48167 | v:   0.50000 | time:    244.80 s
[09:33:17] iter:  367 | beta: 16.00 | change:   0.01429 | c:    194.48072 | v:   0.50000 | time:    245.42 s
[09:33:18] iter:  368 | beta: 16.00 | change:   0.01441 | c:    194.47982 | v:   0.50000 | time:    246.02 s
[09:33:18] iter:  369 | beta: 16.00 | change:   0.01401 | c:    194.47894 | v:   0.50000 | time:    246.63 s
[09:33:19] iter:  370 | beta: 16.00 | change:   0.01282 | c:    194.47801 | v:   0.50000 | time:    247.23 s
[09:33:19] iter:  371 | beta: 16.00 | change:   0.01292 | c:    194.47712 | v:   0.50000 | time:    247.86 s
[09:33:20] iter:  372 | beta: 16.00 | change:   0.01307 | c:    194.47627 | v:   0.50000 | time:    248.49 s
[09:33:21] iter:  373 | beta: 16.00 | change:   0.01318 | c:    194.47539 | v:   0.50000 | time:    249.12 s
[09:33:21] iter:  374 | beta: 16.00 | change:   0.01325 | c:    194.47453 | v:   0.50000 | time:    249.73 s
[09:33:22] iter:  375 | beta: 16.00 | change:   0.01295 | c:    194.47375 | v:   0.50000 | time:    250.37 s
[09:33:23] iter:  376 | beta: 16.00 | change:   0.01280 | c:    194.47291 | v:   0.50000 | time:    251.00 s
[09:33:23] iter:  377 | beta: 16.00 | change:   0.01303 | c:    194.47207 | v:   0.50000 | time:    251.62 s
[09:33:24] iter:  378 | beta: 16.00 | change:   0.01305 | c:    194.47129 | v:   0.50000 | time:    252.22 s
[09:33:24] iter:  379 | beta: 16.00 | change:   0.01329 | c:    194.47048 | v:   0.50000 | time:    252.85 s
[09:33:25] iter:  380 | beta: 16.00 | change:   0.01293 | c:    194.46970 | v:   0.50000 | time:    253.46 s
[09:33:26] iter:  381 | beta: 16.00 | change:   0.01343 | c:    194.46898 | v:   0.50000 | time:    254.06 s
[09:33:26] iter:  382 | beta: 16.00 | change:   0.01329 | c:    194.46818 | v:   0.50000 | time:    254.68 s
[09:33:27] iter:  383 | beta: 16.00 | change:   0.01230 | c:    194.46743 | v:   0.50000 | time:    255.40 s
[09:33:28] iter:  384 | beta: 16.00 | change:   0.01231 | c:    194.46672 | v:   0.50000 | time:    256.17 s
[09:33:28] iter:  385 | beta: 16.00 | change:   0.01246 | c:    194.46596 | v:   0.50000 | time:    256.87 s
[09:33:29] iter:  386 | beta: 16.00 | change:   0.01258 | c:    194.46525 | v:   0.50000 | time:    257.58 s
[09:33:30] iter:  387 | beta: 16.00 | change:   0.01268 | c:    194.46458 | v:   0.50000 | time:    258.25 s
[09:33:30] iter:  388 | beta: 16.00 | change:   0.01277 | c:    194.46385 | v:   0.50000 | time:    258.99 s
[09:33:31] iter:  389 | beta: 16.00 | change:   0.01287 | c:    194.46314 | v:   0.50000 | time:    259.66 s
[09:33:32] iter:  390 | beta: 16.00 | change:   0.01300 | c:    194.46250 | v:   0.50000 | time:    260.35 s
[09:33:33] iter:  391 | beta: 16.00 | change:   0.01308 | c:    194.46180 | v:   0.50000 | time:    261.04 s
[09:33:33] iter:  392 | beta: 16.00 | change:   0.01318 | c:    194.46115 | v:   0.50000 | time:    261.72 s
[09:33:34] iter:  393 | beta: 16.00 | change:   0.01329 | c:    194.46055 | v:   0.50000 | time:    262.41 s
[09:33:35] iter:  394 | beta: 16.00 | change:   0.01327 | c:    194.45985 | v:   0.50000 | time:    263.12 s
[09:33:35] iter:  395 | beta: 16.00 | change:   0.01348 | c:    194.45920 | v:   0.50000 | time:    263.75 s
[09:33:36] iter:  396 | beta: 16.00 | change:   0.01339 | c:    194.45861 | v:   0.50000 | time:    264.36 s
[09:33:36] iter:  397 | beta: 16.00 | change:   0.01374 | c:    194.45795 | v:   0.50000 | time:    264.99 s
[09:33:37] iter:  398 | beta: 16.00 | change:   0.01325 | c:    194.45735 | v:   0.50000 | time:    265.59 s
[09:33:38] iter:  399 | beta: 16.00 | change:   0.01227 | c:    194.45678 | v:   0.50000 | time:    266.22 s
[09:33:38] iter:  400 | beta: 16.00 | change:   0.01045 | c:    194.45613 | v:   0.50000 | time:    266.85 s
[09:33:39] iter:  401 | beta: 16.00 | change:   0.01077 | c:    194.45554 | v:   0.50000 | time:    267.50 s
[09:33:40] iter:  402 | beta: 16.00 | change:   0.01063 | c:    194.45500 | v:   0.50000 | time:    268.12 s
[09:33:40] iter:  403 | beta: 16.00 | change:   0.01074 | c:    194.45439 | v:   0.50000 | time:    268.73 s
[09:33:41] iter:  404 | beta: 16.00 | change:   0.01081 | c:    194.45383 | v:   0.50000 | time:    269.36 s
[09:33:41] iter:  405 | beta: 16.00 | change:   0.01079 | c:    194.45330 | v:   0.50000 | time:    269.98 s
[09:33:42] iter:  406 | beta: 16.00 | change:   0.01091 | c:    194.45268 | v:   0.50000 | time:    270.59 s
[09:33:43] iter:  407 | beta: 16.00 | change:   0.01094 | c:    194.45214 | v:   0.50000 | time:    271.19 s
[09:33:43] iter:  408 | beta: 16.00 | change:   0.01109 | c:    194.45164 | v:   0.50000 | time:    271.81 s
[09:33:44] iter:  409 | beta: 16.00 | change:   0.01107 | c:    194.45107 | v:   0.50000 | time:    272.42 s
[09:33:45] iter:  410 | beta: 16.00 | change:   0.01121 | c:    194.45054 | v:   0.50000 | time:    273.05 s
[09:33:45] iter:  411 | beta: 16.00 | change:   0.01095 | c:    194.45004 | v:   0.50000 | time:    273.67 s
[09:33:46] iter:  412 | beta: 16.00 | change:   0.01101 | c:    194.44948 | v:   0.50000 | time:    274.28 s
[09:33:46] iter:  413 | beta: 16.00 | change:   0.01110 | c:    194.44897 | v:   0.50000 | time:    274.88 s
[09:33:47] iter:  414 | beta: 16.00 | change:   0.01120 | c:    194.44852 | v:   0.50000 | time:    275.48 s
[09:33:48] iter:  415 | beta: 16.00 | change:   0.01129 | c:    194.44798 | v:   0.50000 | time:    276.11 s
[09:33:48] iter:  416 | beta: 16.00 | change:   0.01139 | c:    194.44748 | v:   0.50000 | time:    276.71 s
[09:33:49] iter:  417 | beta: 16.00 | change:   0.01145 | c:    194.44701 | v:   0.50000 | time:    277.32 s
[09:33:49] iter:  418 | beta: 16.00 | change:   0.01050 | c:    194.44648 | v:   0.50000 | time:    277.95 s
[09:33:50] iter:  419 | beta: 16.00 | change:   0.00989 | c:    194.44603 | v:   0.50000 | time:    278.63 s

Saved step 4 (MTOP MMA Heaviside, eta = 0.30) result data:
  C:\Users\campa\Desktop\Structural-Optimization-LUKASTIEBERT\matlab\results\mtop_mma_heaviside_eta_030.mat
  C:\Users\campa\Desktop\Structural-Optimization-LUKASTIEBERT\matlab\results\mtop_mma_heaviside_eta_030_history.csv
  C:\Users\campa\Desktop\Structural-Optimization-LUKASTIEBERT\matlab\results\mtop_mma_heaviside_eta_030_summary.txt
Saved step 4 (MTOP MMA Heaviside, eta = 0.30) figures in:
  C:\Users\campa\Desktop\Structural-Optimization-LUKASTIEBERT\matlab\figures

Step 4 (MTOP MMA Heaviside, eta = 0.30) completed.
  Iterations:           419
  Elapsed time [s]:     278.63
  Final beta:           16.0000
  MTOP compliance:      194.446028
  Fine-mesh compliance: 200.015889
  Volume fraction:      0.500000

Running assignment step 4: MTOP MMA Heaviside (eta = 0.50)
  FE mesh:       120 x 40 elements
  Density mesh:  600 x 200 cells
  Cells per FE:  5 x 5
  Volume target: 0.5000
  Penalization:  3.0000
  Filter radius: 24.0000 density cells
  Heaviside eta: 0.50
  Beta range:    1.00 -> 16.00 (doubled every 50 iters)

[09:33:59] iter:    1 | beta:  1.00 | change:   1.00000 | c:   1027.43234 | v:   0.50000 | time:      0.80 s
[09:34:00] iter:    2 | beta:  1.00 | change:   0.19997 | c:    747.34100 | v:   0.46878 | time:      1.61 s
[09:34:01] iter:    3 | beta:  1.00 | change:   0.16961 | c:    555.70157 | v:   0.48000 | time:      2.25 s
[09:34:01] iter:    4 | beta:  1.00 | change:   0.15155 | c:    458.19174 | v:   0.48752 | time:      3.07 s
[09:34:02] iter:    5 | beta:  1.00 | change:   0.13186 | c:    404.80123 | v:   0.49243 | time:      3.74 s
[09:34:03] iter:    6 | beta:  1.00 | change:   0.12088 | c:    376.09504 | v:   0.49591 | time:      4.32 s
[09:34:03] iter:    7 | beta:  1.00 | change:   0.13142 | c:    360.14636 | v:   0.49746 | time:      4.94 s
[09:34:04] iter:    8 | beta:  1.00 | change:   0.14501 | c:    349.69141 | v:   0.49812 | time:      5.60 s
[09:34:05] iter:    9 | beta:  1.00 | change:   0.16359 | c:    342.01910 | v:   0.49854 | time:      6.22 s
[09:34:05] iter:   10 | beta:  1.00 | change:   0.16926 | c:    335.81339 | v:   0.49875 | time:      6.82 s
[09:34:06] iter:   11 | beta:  1.00 | change:   0.13888 | c:    329.67893 | v:   0.49868 | time:      7.42 s
[09:34:06] iter:   12 | beta:  1.00 | change:   0.16514 | c:    323.32483 | v:   0.49850 | time:      8.02 s
[09:34:07] iter:   13 | beta:  1.00 | change:   0.18073 | c:    316.83556 | v:   0.49847 | time:      8.64 s
[09:34:08] iter:   14 | beta:  1.00 | change:   0.16901 | c:    310.54697 | v:   0.49854 | time:      9.24 s
[09:34:08] iter:   15 | beta:  1.00 | change:   0.17401 | c:    304.53601 | v:   0.49856 | time:      9.85 s
[09:34:09] iter:   16 | beta:  1.00 | change:   0.18636 | c:    298.44317 | v:   0.49856 | time:     10.52 s
[09:34:09] iter:   17 | beta:  1.00 | change:   0.19071 | c:    292.06642 | v:   0.49846 | time:     11.19 s
[09:34:10] iter:   18 | beta:  1.00 | change:   0.19351 | c:    285.03365 | v:   0.49802 | time:     11.79 s
[09:34:11] iter:   19 | beta:  1.00 | change:   0.19659 | c:    278.29157 | v:   0.49722 | time:     12.39 s
[09:34:11] iter:   20 | beta:  1.00 | change:   0.19780 | c:    271.96344 | v:   0.49590 | time:     13.01 s
[09:34:12] iter:   21 | beta:  1.00 | change:   0.19878 | c:    264.07266 | v:   0.49528 | time:     13.63 s
[09:34:13] iter:   22 | beta:  1.00 | change:   0.19783 | c:    255.21344 | v:   0.49665 | time:     14.25 s
[09:34:13] iter:   23 | beta:  1.00 | change:   0.19750 | c:    249.76051 | v:   0.49858 | time:     14.88 s
[09:34:14] iter:   24 | beta:  1.00 | change:   0.19647 | c:    247.02695 | v:   0.49911 | time:     15.61 s
[09:34:15] iter:   25 | beta:  1.00 | change:   0.19560 | c:    244.92598 | v:   0.49923 | time:     16.31 s
[09:34:15] iter:   26 | beta:  1.00 | change:   0.19442 | c:    243.08840 | v:   0.49930 | time:     17.01 s
[09:34:16] iter:   27 | beta:  1.00 | change:   0.19265 | c:    241.56013 | v:   0.49938 | time:     17.65 s
[09:34:17] iter:   28 | beta:  1.00 | change:   0.19062 | c:    240.22929 | v:   0.49939 | time:     18.30 s
[09:34:17] iter:   29 | beta:  1.00 | change:   0.18475 | c:    239.03813 | v:   0.49951 | time:     19.05 s
[09:34:18] iter:   30 | beta:  1.00 | change:   0.18454 | c:    238.17608 | v:   0.49968 | time:     19.85 s
[09:34:19] iter:   31 | beta:  1.00 | change:   0.17874 | c:    237.50070 | v:   0.49972 | time:     20.65 s
[09:34:20] iter:   32 | beta:  1.00 | change:   0.17738 | c:    236.91228 | v:   0.49976 | time:     21.39 s
[09:34:20] iter:   33 | beta:  1.00 | change:   0.17395 | c:    236.41627 | v:   0.49981 | time:     22.14 s
[09:34:21] iter:   34 | beta:  1.00 | change:   0.17579 | c:    236.01638 | v:   0.49984 | time:     22.89 s
[09:34:22] iter:   35 | beta:  1.00 | change:   0.17870 | c:    235.68056 | v:   0.49987 | time:     23.61 s
[09:34:23] iter:   36 | beta:  1.00 | change:   0.17830 | c:    235.39525 | v:   0.49989 | time:     24.29 s
[09:34:23] iter:   37 | beta:  1.00 | change:   0.16598 | c:    235.15413 | v:   0.49991 | time:     24.93 s
[09:34:24] iter:   38 | beta:  1.00 | change:   0.16928 | c:    234.94741 | v:   0.49992 | time:     25.61 s
[09:34:25] iter:   39 | beta:  1.00 | change:   0.17203 | c:    234.77949 | v:   0.49994 | time:     26.23 s
[09:34:25] iter:   40 | beta:  1.00 | change:   0.16738 | c:    234.64361 | v:   0.49995 | time:     26.88 s
[09:34:26] iter:   41 | beta:  1.00 | change:   0.17356 | c:    234.52910 | v:   0.49996 | time:     27.49 s
[09:34:26] iter:   42 | beta:  1.00 | change:   0.15742 | c:    234.43320 | v:   0.49996 | time:     28.10 s
[09:34:27] iter:   43 | beta:  1.00 | change:   0.16645 | c:    234.35230 | v:   0.49997 | time:     28.71 s
[09:34:28] iter:   44 | beta:  1.00 | change:   0.15456 | c:    234.28191 | v:   0.49997 | time:     29.31 s
[09:34:28] iter:   45 | beta:  1.00 | change:   0.15997 | c:    234.21878 | v:   0.49998 | time:     29.91 s
[09:34:29] iter:   46 | beta:  1.00 | change:   0.16419 | c:    234.16237 | v:   0.49998 | time:     30.55 s
[09:34:30] iter:   47 | beta:  1.00 | change:   0.15201 | c:    234.11354 | v:   0.49998 | time:     31.23 s
[09:34:30] iter:   48 | beta:  1.00 | change:   0.15745 | c:    234.07057 | v:   0.49998 | time:     31.91 s
[09:34:31] iter:   49 | beta:  1.00 | change:   0.14341 | c:    234.03058 | v:   0.49998 | time:     32.62 s
[09:34:32] iter:   50 | beta:  1.00 | change:   0.14730 | c:    233.99304 | v:   0.49999 | time:     33.36 s
  Heaviside beta increased to 2.00
[09:34:32] iter:   51 | beta:  2.00 | change:   0.14649 | c:    226.39509 | v:   0.50248 | time:     34.00 s
[09:34:33] iter:   52 | beta:  2.00 | change:   0.17319 | c:    227.98285 | v:   0.49995 | time:     34.67 s
[09:34:34] iter:   53 | beta:  2.00 | change:   0.16489 | c:    227.90567 | v:   0.49996 | time:     35.38 s
[09:34:34] iter:   54 | beta:  2.00 | change:   0.15589 | c:    227.86159 | v:   0.49998 | time:     36.11 s
[09:34:35] iter:   55 | beta:  2.00 | change:   0.14508 | c:    227.82339 | v:   0.49998 | time:     36.92 s
[09:34:36] iter:   56 | beta:  2.00 | change:   0.14199 | c:    227.79173 | v:   0.49999 | time:     37.61 s
[09:34:37] iter:   57 | beta:  2.00 | change:   0.13615 | c:    227.76213 | v:   0.49999 | time:     38.33 s
[09:34:37] iter:   58 | beta:  2.00 | change:   0.14211 | c:    227.73357 | v:   0.49999 | time:     39.04 s
[09:34:38] iter:   59 | beta:  2.00 | change:   0.14438 | c:    227.70592 | v:   0.49999 | time:     39.78 s
[09:34:39] iter:   60 | beta:  2.00 | change:   0.14535 | c:    227.67916 | v:   0.49999 | time:     40.54 s
[09:34:40] iter:   61 | beta:  2.00 | change:   0.13702 | c:    227.65358 | v:   0.49999 | time:     41.27 s
[09:34:40] iter:   62 | beta:  2.00 | change:   0.13207 | c:    227.62946 | v:   0.49999 | time:     42.04 s
[09:34:41] iter:   63 | beta:  2.00 | change:   0.13568 | c:    227.60666 | v:   0.49999 | time:     42.76 s
[09:34:42] iter:   64 | beta:  2.00 | change:   0.13019 | c:    227.58513 | v:   0.49999 | time:     43.45 s
[09:34:42] iter:   65 | beta:  2.00 | change:   0.12804 | c:    227.56466 | v:   0.49999 | time:     44.12 s
[09:34:43] iter:   66 | beta:  2.00 | change:   0.12752 | c:    227.54498 | v:   0.49999 | time:     44.88 s
[09:34:44] iter:   67 | beta:  2.00 | change:   0.12416 | c:    227.52592 | v:   0.49999 | time:     45.56 s
[09:34:45] iter:   68 | beta:  2.00 | change:   0.12201 | c:    227.50741 | v:   0.49999 | time:     46.21 s
[09:34:45] iter:   69 | beta:  2.00 | change:   0.12208 | c:    227.48930 | v:   0.49999 | time:     46.88 s
[09:34:46] iter:   70 | beta:  2.00 | change:   0.12221 | c:    227.47160 | v:   0.49999 | time:     47.54 s
[09:34:47] iter:   71 | beta:  2.00 | change:   0.12266 | c:    227.45416 | v:   0.49999 | time:     48.21 s
[09:34:47] iter:   72 | beta:  2.00 | change:   0.11994 | c:    227.43709 | v:   0.49999 | time:     48.88 s
[09:34:48] iter:   73 | beta:  2.00 | change:   0.11562 | c:    227.42055 | v:   0.49999 | time:     49.54 s
[09:34:48] iter:   74 | beta:  2.00 | change:   0.11630 | c:    227.40441 | v:   0.49999 | time:     50.19 s
[09:34:49] iter:   75 | beta:  2.00 | change:   0.11592 | c:    227.38865 | v:   0.49999 | time:     50.85 s
[09:34:50] iter:   76 | beta:  2.00 | change:   0.11859 | c:    227.37317 | v:   0.49999 | time:     51.54 s
[09:34:51] iter:   77 | beta:  2.00 | change:   0.11519 | c:    227.35822 | v:   0.49999 | time:     52.22 s
[09:34:51] iter:   78 | beta:  2.00 | change:   0.10854 | c:    227.34384 | v:   0.49999 | time:     52.92 s
[09:34:52] iter:   79 | beta:  2.00 | change:   0.11250 | c:    227.32973 | v:   0.49999 | time:     53.65 s
[09:34:53] iter:   80 | beta:  2.00 | change:   0.11261 | c:    227.31571 | v:   0.49999 | time:     54.33 s
[09:34:53] iter:   81 | beta:  2.00 | change:   0.11542 | c:    227.30182 | v:   0.49999 | time:     54.98 s
[09:34:54] iter:   82 | beta:  2.00 | change:   0.11174 | c:    227.28823 | v:   0.49999 | time:     55.63 s
[09:34:55] iter:   83 | beta:  2.00 | change:   0.10706 | c:    227.27523 | v:   0.49999 | time:     56.25 s
[09:34:55] iter:   84 | beta:  2.00 | change:   0.10453 | c:    227.26250 | v:   0.49999 | time:     56.88 s
[09:34:56] iter:   85 | beta:  2.00 | change:   0.10874 | c:    227.24979 | v:   0.49999 | time:     57.54 s
[09:34:57] iter:   86 | beta:  2.00 | change:   0.10921 | c:    227.23704 | v:   0.49999 | time:     58.21 s
[09:34:57] iter:   87 | beta:  2.00 | change:   0.11084 | c:    227.22453 | v:   0.49999 | time:     58.89 s
[09:34:58] iter:   88 | beta:  2.00 | change:   0.10338 | c:    227.21252 | v:   0.49999 | time:     59.54 s
[09:34:59] iter:   89 | beta:  2.00 | change:   0.10268 | c:    227.20114 | v:   0.49999 | time:     60.21 s
[09:34:59] iter:   90 | beta:  2.00 | change:   0.10225 | c:    227.19000 | v:   0.49999 | time:     60.90 s
[09:35:00] iter:   91 | beta:  2.00 | change:   0.10164 | c:    227.17889 | v:   0.49999 | time:     61.56 s
[09:35:01] iter:   92 | beta:  2.00 | change:   0.10504 | c:    227.16770 | v:   0.49999 | time:     62.22 s
[09:35:01] iter:   93 | beta:  2.00 | change:   0.10499 | c:    227.15660 | v:   0.49999 | time:     62.96 s
[09:35:02] iter:   94 | beta:  2.00 | change:   0.09845 | c:    227.14585 | v:   0.50000 | time:     63.68 s
[09:35:03] iter:   95 | beta:  2.00 | change:   0.09931 | c:    227.13561 | v:   0.50000 | time:     64.40 s
[09:35:03] iter:   96 | beta:  2.00 | change:   0.09804 | c:    227.12558 | v:   0.50000 | time:     65.11 s
[09:35:04] iter:   97 | beta:  2.00 | change:   0.09549 | c:    227.11561 | v:   0.50000 | time:     65.82 s
[09:35:05] iter:   98 | beta:  2.00 | change:   0.09802 | c:    227.10562 | v:   0.50000 | time:     66.54 s
[09:35:06] iter:   99 | beta:  2.00 | change:   0.10263 | c:    227.09558 | v:   0.50000 | time:     67.24 s
[09:35:06] iter:  100 | beta:  2.00 | change:   0.09963 | c:    227.08553 | v:   0.50000 | time:     67.90 s
  Heaviside beta increased to 4.00
[09:35:07] iter:  101 | beta:  4.00 | change:   0.09531 | c:    211.78587 | v:   0.50484 | time:     68.54 s
[09:35:08] iter:  102 | beta:  4.00 | change:   0.18579 | c:    214.48374 | v:   0.49972 | time:     69.20 s
[09:35:08] iter:  103 | beta:  4.00 | change:   0.17250 | c:    214.30174 | v:   0.49987 | time:     69.86 s
[09:35:09] iter:  104 | beta:  4.00 | change:   0.17189 | c:    214.22596 | v:   0.49995 | time:     70.53 s
[09:35:10] iter:  105 | beta:  4.00 | change:   0.17487 | c:    214.17449 | v:   0.49997 | time:     71.20 s
[09:35:10] iter:  106 | beta:  4.00 | change:   0.16905 | c:    214.13876 | v:   0.49998 | time:     71.91 s
[09:35:11] iter:  107 | beta:  4.00 | change:   0.13460 | c:    214.11191 | v:   0.49999 | time:     72.66 s
[09:35:12] iter:  108 | beta:  4.00 | change:   0.14244 | c:    214.08868 | v:   0.49999 | time:     73.52 s
[09:35:13] iter:  109 | beta:  4.00 | change:   0.13477 | c:    214.06895 | v:   0.49999 | time:     74.34 s
[09:35:14] iter:  110 | beta:  4.00 | change:   0.11094 | c:    214.05271 | v:   0.49999 | time:     75.22 s
[09:35:14] iter:  111 | beta:  4.00 | change:   0.09152 | c:    214.03929 | v:   0.49999 | time:     76.13 s
[09:35:15] iter:  112 | beta:  4.00 | change:   0.08830 | c:    214.02764 | v:   0.49999 | time:     76.91 s
[09:35:16] iter:  113 | beta:  4.00 | change:   0.08872 | c:    214.01721 | v:   0.49999 | time:     77.66 s
[09:35:17] iter:  114 | beta:  4.00 | change:   0.09157 | c:    214.00764 | v:   0.49999 | time:     78.34 s
[09:35:17] iter:  115 | beta:  4.00 | change:   0.09164 | c:    213.99881 | v:   0.50000 | time:     79.01 s
[09:35:18] iter:  116 | beta:  4.00 | change:   0.08759 | c:    213.99058 | v:   0.50000 | time:     79.67 s
[09:35:19] iter:  117 | beta:  4.00 | change:   0.08432 | c:    213.98288 | v:   0.50000 | time:     80.29 s
[09:35:19] iter:  118 | beta:  4.00 | change:   0.08232 | c:    213.97557 | v:   0.50000 | time:     80.98 s
[09:35:20] iter:  119 | beta:  4.00 | change:   0.07877 | c:    213.96863 | v:   0.50000 | time:     81.68 s
[09:35:21] iter:  120 | beta:  4.00 | change:   0.07909 | c:    213.96199 | v:   0.50000 | time:     82.29 s
[09:35:21] iter:  121 | beta:  4.00 | change:   0.07927 | c:    213.95564 | v:   0.50000 | time:     82.95 s
[09:35:22] iter:  122 | beta:  4.00 | change:   0.07414 | c:    213.94956 | v:   0.50000 | time:     83.68 s
[09:35:23] iter:  123 | beta:  4.00 | change:   0.07454 | c:    213.94374 | v:   0.50000 | time:     84.44 s
[09:35:23] iter:  124 | beta:  4.00 | change:   0.07496 | c:    213.93816 | v:   0.50000 | time:     85.12 s
[09:35:24] iter:  125 | beta:  4.00 | change:   0.07362 | c:    213.93282 | v:   0.50000 | time:     85.76 s
[09:35:25] iter:  126 | beta:  4.00 | change:   0.07396 | c:    213.92766 | v:   0.50000 | time:     86.40 s
[09:35:25] iter:  127 | beta:  4.00 | change:   0.07423 | c:    213.92266 | v:   0.50000 | time:     87.04 s
[09:35:26] iter:  128 | beta:  4.00 | change:   0.07295 | c:    213.91777 | v:   0.50000 | time:     87.73 s
[09:35:27] iter:  129 | beta:  4.00 | change:   0.07130 | c:    213.91301 | v:   0.50000 | time:     88.42 s
[09:35:27] iter:  130 | beta:  4.00 | change:   0.07202 | c:    213.90838 | v:   0.50000 | time:     89.12 s
[09:35:28] iter:  131 | beta:  4.00 | change:   0.07191 | c:    213.90388 | v:   0.50000 | time:     89.84 s
[09:35:29] iter:  132 | beta:  4.00 | change:   0.06929 | c:    213.89946 | v:   0.50000 | time:     90.54 s
[09:35:30] iter:  133 | beta:  4.00 | change:   0.06883 | c:    213.89512 | v:   0.50000 | time:     91.22 s
[09:35:30] iter:  134 | beta:  4.00 | change:   0.06810 | c:    213.89085 | v:   0.50000 | time:     91.85 s
[09:35:31] iter:  135 | beta:  4.00 | change:   0.06560 | c:    213.88672 | v:   0.50000 | time:     92.50 s
[09:35:32] iter:  136 | beta:  4.00 | change:   0.06587 | c:    213.88268 | v:   0.50000 | time:     93.23 s
[09:35:32] iter:  137 | beta:  4.00 | change:   0.06677 | c:    213.87875 | v:   0.50000 | time:     93.95 s
[09:35:33] iter:  138 | beta:  4.00 | change:   0.06754 | c:    213.87489 | v:   0.50000 | time:     94.59 s
[09:35:34] iter:  139 | beta:  4.00 | change:   0.06907 | c:    213.87115 | v:   0.50000 | time:     95.20 s
[09:35:34] iter:  140 | beta:  4.00 | change:   0.06725 | c:    213.86746 | v:   0.50000 | time:     95.84 s
[09:35:35] iter:  141 | beta:  4.00 | change:   0.06672 | c:    213.86382 | v:   0.50000 | time:     96.49 s
[09:35:35] iter:  142 | beta:  4.00 | change:   0.06605 | c:    213.86022 | v:   0.50000 | time:     97.14 s
[09:35:36] iter:  143 | beta:  4.00 | change:   0.06545 | c:    213.85668 | v:   0.50000 | time:     97.83 s
[09:35:37] iter:  144 | beta:  4.00 | change:   0.06371 | c:    213.85318 | v:   0.50000 | time:     98.44 s
[09:35:37] iter:  145 | beta:  4.00 | change:   0.06147 | c:    213.84977 | v:   0.50000 | time:     99.05 s
[09:35:38] iter:  146 | beta:  4.00 | change:   0.06215 | c:    213.84640 | v:   0.50000 | time:     99.62 s
[09:35:39] iter:  147 | beta:  4.00 | change:   0.06157 | c:    213.84309 | v:   0.50000 | time:    100.26 s
[09:35:39] iter:  148 | beta:  4.00 | change:   0.06219 | c:    213.83981 | v:   0.50000 | time:    100.89 s
[09:35:40] iter:  149 | beta:  4.00 | change:   0.06415 | c:    213.83658 | v:   0.50000 | time:    101.49 s
[09:35:40] iter:  150 | beta:  4.00 | change:   0.06388 | c:    213.83335 | v:   0.50000 | time:    102.10 s
  Heaviside beta increased to 8.00
[09:35:41] iter:  151 | beta:  8.00 | change:   0.06370 | c:    199.22200 | v:   0.50399 | time:    102.79 s
[09:35:42] iter:  152 | beta:  8.00 | change:   0.18267 | c:    201.16600 | v:   0.49934 | time:    103.58 s
[09:35:43] iter:  153 | beta:  8.00 | change:   0.15698 | c:    200.94299 | v:   0.49985 | time:    104.34 s
[09:35:43] iter:  154 | beta:  8.00 | change:   0.15812 | c:    200.92851 | v:   0.49985 | time:    105.14 s
[09:35:44] iter:  155 | beta:  8.00 | change:   0.14940 | c:    200.89966 | v:   0.49989 | time:    105.86 s
[09:35:45] iter:  156 | beta:  8.00 | change:   0.15868 | c:    200.86053 | v:   0.49990 | time:    106.64 s
[09:35:46] iter:  157 | beta:  8.00 | change:   0.13402 | c:    200.82048 | v:   0.49995 | time:    107.38 s
[09:35:46] iter:  158 | beta:  8.00 | change:   0.12594 | c:    200.79088 | v:   0.49997 | time:    108.17 s
[09:35:47] iter:  159 | beta:  8.00 | change:   0.09456 | c:    200.77355 | v:   0.49999 | time:    109.05 s
[09:35:48] iter:  160 | beta:  8.00 | change:   0.08758 | c:    200.76380 | v:   0.49999 | time:    109.92 s
[09:35:49] iter:  161 | beta:  8.00 | change:   0.07939 | c:    200.75568 | v:   0.49999 | time:    110.75 s
[09:35:50] iter:  162 | beta:  8.00 | change:   0.07491 | c:    200.74849 | v:   0.49999 | time:    111.56 s
[09:35:51] iter:  163 | beta:  8.00 | change:   0.07343 | c:    200.74187 | v:   0.50000 | time:    112.40 s
[09:35:52] iter:  164 | beta:  8.00 | change:   0.06778 | c:    200.73572 | v:   0.50000 | time:    113.20 s
[09:35:52] iter:  165 | beta:  8.00 | change:   0.07336 | c:    200.73008 | v:   0.50000 | time:    113.99 s
[09:35:53] iter:  166 | beta:  8.00 | change:   0.07129 | c:    200.72489 | v:   0.50000 | time:    114.75 s
[09:35:54] iter:  167 | beta:  8.00 | change:   0.07226 | c:    200.72004 | v:   0.50000 | time:    115.48 s
[09:35:55] iter:  168 | beta:  8.00 | change:   0.06990 | c:    200.71553 | v:   0.50000 | time:    116.25 s
[09:35:55] iter:  169 | beta:  8.00 | change:   0.06378 | c:    200.71137 | v:   0.50000 | time:    116.96 s
[09:35:56] iter:  170 | beta:  8.00 | change:   0.05875 | c:    200.70753 | v:   0.50000 | time:    117.64 s
[09:35:57] iter:  171 | beta:  8.00 | change:   0.06445 | c:    200.70394 | v:   0.50000 | time:    118.31 s
[09:35:57] iter:  172 | beta:  8.00 | change:   0.06338 | c:    200.70058 | v:   0.50000 | time:    119.02 s
[09:35:58] iter:  173 | beta:  8.00 | change:   0.06349 | c:    200.69746 | v:   0.50000 | time:    119.67 s
[09:35:59] iter:  174 | beta:  8.00 | change:   0.06285 | c:    200.69460 | v:   0.50000 | time:    120.36 s
[09:35:59] iter:  175 | beta:  8.00 | change:   0.05743 | c:    200.69196 | v:   0.50000 | time:    121.06 s
[09:36:00] iter:  176 | beta:  8.00 | change:   0.05647 | c:    200.68948 | v:   0.50000 | time:    121.89 s
[09:36:01] iter:  177 | beta:  8.00 | change:   0.05253 | c:    200.68713 | v:   0.50000 | time:    122.58 s
[09:36:02] iter:  178 | beta:  8.00 | change:   0.05223 | c:    200.68488 | v:   0.50000 | time:    123.27 s
[09:36:02] iter:  179 | beta:  8.00 | change:   0.04902 | c:    200.68279 | v:   0.50000 | time:    123.95 s
[09:36:03] iter:  180 | beta:  8.00 | change:   0.04571 | c:    200.68077 | v:   0.50000 | time:    124.65 s
[09:36:04] iter:  181 | beta:  8.00 | change:   0.04609 | c:    200.67888 | v:   0.50000 | time:    125.32 s
[09:36:04] iter:  182 | beta:  8.00 | change:   0.04256 | c:    200.67695 | v:   0.50000 | time:    126.00 s
[09:36:05] iter:  183 | beta:  8.00 | change:   0.04377 | c:    200.67518 | v:   0.50000 | time:    126.71 s
[09:36:06] iter:  184 | beta:  8.00 | change:   0.04209 | c:    200.67339 | v:   0.50000 | time:    127.41 s
[09:36:06] iter:  185 | beta:  8.00 | change:   0.04538 | c:    200.67168 | v:   0.50000 | time:    128.09 s
[09:36:07] iter:  186 | beta:  8.00 | change:   0.04466 | c:    200.66989 | v:   0.50000 | time:    128.79 s
[09:36:08] iter:  187 | beta:  8.00 | change:   0.04719 | c:    200.66811 | v:   0.50000 | time:    129.51 s
[09:36:09] iter:  188 | beta:  8.00 | change:   0.04391 | c:    200.66632 | v:   0.50000 | time:    130.21 s
[09:36:09] iter:  189 | beta:  8.00 | change:   0.04135 | c:    200.66458 | v:   0.50000 | time:    130.95 s
[09:36:10] iter:  190 | beta:  8.00 | change:   0.04283 | c:    200.66282 | v:   0.50000 | time:    131.66 s
[09:36:11] iter:  191 | beta:  8.00 | change:   0.04306 | c:    200.66097 | v:   0.50000 | time:    132.37 s
[09:36:11] iter:  192 | beta:  8.00 | change:   0.04179 | c:    200.65907 | v:   0.50000 | time:    133.12 s
[09:36:12] iter:  193 | beta:  8.00 | change:   0.03849 | c:    200.65731 | v:   0.50000 | time:    133.85 s
[09:36:13] iter:  194 | beta:  8.00 | change:   0.03958 | c:    200.65556 | v:   0.50000 | time:    134.51 s
[09:36:14] iter:  195 | beta:  8.00 | change:   0.04044 | c:    200.65376 | v:   0.50000 | time:    135.26 s
[09:36:14] iter:  196 | beta:  8.00 | change:   0.03925 | c:    200.65186 | v:   0.50000 | time:    135.99 s
[09:36:15] iter:  197 | beta:  8.00 | change:   0.03726 | c:    200.64999 | v:   0.50000 | time:    136.67 s
[09:36:16] iter:  198 | beta:  8.00 | change:   0.03736 | c:    200.64824 | v:   0.50000 | time:    137.44 s
[09:36:16] iter:  199 | beta:  8.00 | change:   0.03838 | c:    200.64647 | v:   0.50000 | time:    138.19 s
[09:36:17] iter:  200 | beta:  8.00 | change:   0.03961 | c:    200.64467 | v:   0.50000 | time:    138.93 s
  Heaviside beta increased to 16.00
[09:36:18] iter:  201 | beta: 16.00 | change:   0.04028 | c:    193.45238 | v:   0.50158 | time:    139.65 s
[09:36:19] iter:  202 | beta: 16.00 | change:   0.17377 | c:    194.18230 | v:   0.49950 | time:    140.41 s
[09:36:20] iter:  203 | beta: 16.00 | change:   0.18154 | c:    194.17790 | v:   0.49980 | time:    141.26 s
[09:36:20] iter:  204 | beta: 16.00 | change:   0.18832 | c:    194.44050 | v:   0.49938 | time:    142.02 s
[09:36:21] iter:  205 | beta: 16.00 | change:   0.19503 | c:    194.71946 | v:   0.49885 | time:    142.74 s
[09:36:22] iter:  206 | beta: 16.00 | change:   0.19015 | c:    194.56303 | v:   0.49888 | time:    143.42 s
[09:36:22] iter:  207 | beta: 16.00 | change:   0.15466 | c:    194.26422 | v:   0.49948 | time:    144.12 s
[09:36:23] iter:  208 | beta: 16.00 | change:   0.11787 | c:    194.10187 | v:   0.49980 | time:    144.87 s
[09:36:24] iter:  209 | beta: 16.00 | change:   0.05924 | c:    194.03854 | v:   0.49999 | time:    145.58 s
[09:36:25] iter:  210 | beta: 16.00 | change:   0.07730 | c:    194.03527 | v:   0.49999 | time:    146.33 s
[09:36:25] iter:  211 | beta: 16.00 | change:   0.07099 | c:    194.03392 | v:   0.49999 | time:    147.18 s
[09:36:26] iter:  212 | beta: 16.00 | change:   0.05753 | c:    194.03263 | v:   0.50000 | time:    147.90 s
[09:36:27] iter:  213 | beta: 16.00 | change:   0.04652 | c:    194.03136 | v:   0.50000 | time:    148.58 s
[09:36:28] iter:  214 | beta: 16.00 | change:   0.04424 | c:    194.03014 | v:   0.50000 | time:    149.22 s
[09:36:28] iter:  215 | beta: 16.00 | change:   0.04088 | c:    194.02890 | v:   0.50000 | time:    149.93 s
[09:36:29] iter:  216 | beta: 16.00 | change:   0.03833 | c:    194.02750 | v:   0.50000 | time:    150.66 s
[09:36:30] iter:  217 | beta: 16.00 | change:   0.03696 | c:    194.02597 | v:   0.50000 | time:    151.37 s
[09:36:30] iter:  218 | beta: 16.00 | change:   0.03649 | c:    194.02436 | v:   0.50000 | time:    152.04 s
[09:36:31] iter:  219 | beta: 16.00 | change:   0.03743 | c:    194.02278 | v:   0.50000 | time:    152.72 s
[09:36:32] iter:  220 | beta: 16.00 | change:   0.04323 | c:    194.02117 | v:   0.50000 | time:    153.35 s
[09:36:32] iter:  221 | beta: 16.00 | change:   0.04682 | c:    194.01954 | v:   0.50000 | time:    153.97 s
[09:36:33] iter:  222 | beta: 16.00 | change:   0.04618 | c:    194.01778 | v:   0.50000 | time:    154.60 s
[09:36:34] iter:  223 | beta: 16.00 | change:   0.04627 | c:    194.01606 | v:   0.50000 | time:    155.27 s
[09:36:34] iter:  224 | beta: 16.00 | change:   0.04528 | c:    194.01421 | v:   0.50000 | time:    155.93 s
[09:36:35] iter:  225 | beta: 16.00 | change:   0.04904 | c:    194.01298 | v:   0.50000 | time:    156.56 s
[09:36:36] iter:  226 | beta: 16.00 | change:   0.04540 | c:    194.01204 | v:   0.50000 | time:    157.20 s
[09:36:36] iter:  227 | beta: 16.00 | change:   0.07945 | c:    194.01389 | v:   0.49999 | time:    157.85 s
[09:36:37] iter:  228 | beta: 16.00 | change:   0.07683 | c:    194.01337 | v:   0.49998 | time:    158.55 s
[09:36:38] iter:  229 | beta: 16.00 | change:   0.09447 | c:    194.01030 | v:   0.49999 | time:    159.23 s
[09:36:38] iter:  230 | beta: 16.00 | change:   0.04175 | c:    194.00566 | v:   0.50000 | time:    159.92 s
[09:36:39] iter:  231 | beta: 16.00 | change:   0.05295 | c:    194.00331 | v:   0.50000 | time:    160.62 s
[09:36:40] iter:  232 | beta: 16.00 | change:   0.04391 | c:    194.00180 | v:   0.50000 | time:    161.34 s
[09:36:40] iter:  233 | beta: 16.00 | change:   0.04315 | c:    194.00032 | v:   0.50000 | time:    162.05 s
[09:36:41] iter:  234 | beta: 16.00 | change:   0.03956 | c:    193.99890 | v:   0.50000 | time:    162.73 s
[09:36:42] iter:  235 | beta: 16.00 | change:   0.03967 | c:    193.99749 | v:   0.50000 | time:    163.42 s
[09:36:42] iter:  236 | beta: 16.00 | change:   0.03947 | c:    193.99615 | v:   0.50000 | time:    164.12 s
[09:36:43] iter:  237 | beta: 16.00 | change:   0.03821 | c:    193.99486 | v:   0.50000 | time:    164.76 s
[09:36:44] iter:  238 | beta: 16.00 | change:   0.03807 | c:    193.99357 | v:   0.50000 | time:    165.48 s
[09:36:44] iter:  239 | beta: 16.00 | change:   0.03809 | c:    193.99225 | v:   0.50000 | time:    166.19 s
[09:36:45] iter:  240 | beta: 16.00 | change:   0.03603 | c:    193.99093 | v:   0.50000 | time:    166.97 s
[09:36:46] iter:  241 | beta: 16.00 | change:   0.03461 | c:    193.98965 | v:   0.50000 | time:    167.69 s
[09:36:47] iter:  242 | beta: 16.00 | change:   0.03426 | c:    193.98844 | v:   0.50000 | time:    168.54 s
[09:36:48] iter:  243 | beta: 16.00 | change:   0.03416 | c:    193.98727 | v:   0.50000 | time:    169.23 s
[09:36:48] iter:  244 | beta: 16.00 | change:   0.03318 | c:    193.98610 | v:   0.50000 | time:    169.85 s
[09:36:49] iter:  245 | beta: 16.00 | change:   0.03378 | c:    193.98490 | v:   0.50000 | time:    170.49 s
[09:36:49] iter:  246 | beta: 16.00 | change:   0.03249 | c:    193.98376 | v:   0.50000 | time:    171.12 s
[09:36:50] iter:  247 | beta: 16.00 | change:   0.03202 | c:    193.98261 | v:   0.50000 | time:    171.78 s
[09:36:51] iter:  248 | beta: 16.00 | change:   0.03412 | c:    193.98168 | v:   0.50000 | time:    172.47 s
[09:36:51] iter:  249 | beta: 16.00 | change:   0.03035 | c:    193.98056 | v:   0.50000 | time:    173.12 s
[09:36:52] iter:  250 | beta: 16.00 | change:   0.04171 | c:    193.97985 | v:   0.50000 | time:    173.80 s
[09:36:53] iter:  251 | beta: 16.00 | change:   0.04262 | c:    193.97862 | v:   0.50000 | time:    174.47 s
[09:36:53] iter:  252 | beta: 16.00 | change:   0.04574 | c:    193.97759 | v:   0.50000 | time:    175.11 s
[09:36:54] iter:  253 | beta: 16.00 | change:   0.02982 | c:    193.97634 | v:   0.50000 | time:    175.78 s
[09:36:55] iter:  254 | beta: 16.00 | change:   0.03455 | c:    193.97522 | v:   0.50000 | time:    176.40 s
[09:36:55] iter:  255 | beta: 16.00 | change:   0.02923 | c:    193.97410 | v:   0.50000 | time:    177.04 s
[09:36:56] iter:  256 | beta: 16.00 | change:   0.02694 | c:    193.97297 | v:   0.50000 | time:    177.67 s
[09:36:57] iter:  257 | beta: 16.00 | change:   0.02739 | c:    193.97186 | v:   0.50000 | time:    178.33 s
[09:36:57] iter:  258 | beta: 16.00 | change:   0.02776 | c:    193.97078 | v:   0.50000 | time:    178.99 s
[09:36:58] iter:  259 | beta: 16.00 | change:   0.02731 | c:    193.96969 | v:   0.50000 | time:    179.61 s
[09:36:59] iter:  260 | beta: 16.00 | change:   0.02633 | c:    193.96859 | v:   0.50000 | time:    180.25 s
[09:36:59] iter:  261 | beta: 16.00 | change:   0.02659 | c:    193.96751 | v:   0.50000 | time:    180.90 s
[09:37:00] iter:  262 | beta: 16.00 | change:   0.02642 | c:    193.96645 | v:   0.50000 | time:    181.57 s
[09:37:01] iter:  263 | beta: 16.00 | change:   0.02540 | c:    193.96544 | v:   0.50000 | time:    182.23 s
[09:37:01] iter:  264 | beta: 16.00 | change:   0.02518 | c:    193.96442 | v:   0.50000 | time:    182.91 s
[09:37:02] iter:  265 | beta: 16.00 | change:   0.02555 | c:    193.96339 | v:   0.50000 | time:    183.62 s
[09:37:03] iter:  266 | beta: 16.00 | change:   0.02576 | c:    193.96237 | v:   0.50000 | time:    184.39 s
[09:37:03] iter:  267 | beta: 16.00 | change:   0.02604 | c:    193.96136 | v:   0.50000 | time:    185.04 s
[09:37:04] iter:  268 | beta: 16.00 | change:   0.02523 | c:    193.96037 | v:   0.50000 | time:    185.66 s
[09:37:05] iter:  269 | beta: 16.00 | change:   0.02560 | c:    193.95940 | v:   0.50000 | time:    186.32 s
[09:37:05] iter:  270 | beta: 16.00 | change:   0.02461 | c:    193.95842 | v:   0.50000 | time:    187.00 s
[09:37:06] iter:  271 | beta: 16.00 | change:   0.02391 | c:    193.95747 | v:   0.50000 | time:    187.68 s
[09:37:07] iter:  272 | beta: 16.00 | change:   0.02377 | c:    193.95647 | v:   0.50000 | time:    188.38 s
[09:37:07] iter:  273 | beta: 16.00 | change:   0.02378 | c:    193.95549 | v:   0.50000 | time:    189.07 s
[09:37:08] iter:  274 | beta: 16.00 | change:   0.02395 | c:    193.95448 | v:   0.50000 | time:    189.82 s
[09:37:09] iter:  275 | beta: 16.00 | change:   0.02410 | c:    193.95352 | v:   0.50000 | time:    190.65 s
[09:37:10] iter:  276 | beta: 16.00 | change:   0.02359 | c:    193.95251 | v:   0.50000 | time:    191.43 s
[09:37:10] iter:  277 | beta: 16.00 | change:   0.02510 | c:    193.95150 | v:   0.50000 | time:    192.16 s
[09:37:11] iter:  278 | beta: 16.00 | change:   0.02523 | c:    193.95045 | v:   0.50000 | time:    192.88 s
[09:37:12] iter:  279 | beta: 16.00 | change:   0.02480 | c:    193.94938 | v:   0.50000 | time:    193.63 s
[09:37:13] iter:  280 | beta: 16.00 | change:   0.02241 | c:    193.94832 | v:   0.50000 | time:    194.44 s
[09:37:13] iter:  281 | beta: 16.00 | change:   0.02371 | c:    193.94728 | v:   0.50000 | time:    195.14 s
[09:37:14] iter:  282 | beta: 16.00 | change:   0.02315 | c:    193.94621 | v:   0.50000 | time:    195.88 s
[09:37:15] iter:  283 | beta: 16.00 | change:   0.02380 | c:    193.94510 | v:   0.50000 | time:    196.60 s
[09:37:16] iter:  284 | beta: 16.00 | change:   0.02325 | c:    193.94399 | v:   0.50000 | time:    197.28 s
[09:37:16] iter:  285 | beta: 16.00 | change:   0.02258 | c:    193.94290 | v:   0.50000 | time:    197.95 s
[09:37:17] iter:  286 | beta: 16.00 | change:   0.02287 | c:    193.94185 | v:   0.50000 | time:    198.60 s
[09:37:18] iter:  287 | beta: 16.00 | change:   0.02332 | c:    193.94082 | v:   0.50000 | time:    199.26 s
[09:37:18] iter:  288 | beta: 16.00 | change:   0.02339 | c:    193.93973 | v:   0.50000 | time:    199.95 s
[09:37:19] iter:  289 | beta: 16.00 | change:   0.02466 | c:    193.93861 | v:   0.50000 | time:    200.64 s
[09:37:20] iter:  290 | beta: 16.00 | change:   0.02417 | c:    193.93754 | v:   0.50000 | time:    201.31 s
[09:37:20] iter:  291 | beta: 16.00 | change:   0.02572 | c:    193.93649 | v:   0.50000 | time:    201.97 s
[09:37:21] iter:  292 | beta: 16.00 | change:   0.02545 | c:    193.93549 | v:   0.50000 | time:    202.63 s
[09:37:22] iter:  293 | beta: 16.00 | change:   0.02623 | c:    193.93441 | v:   0.50000 | time:    203.29 s
[09:37:22] iter:  294 | beta: 16.00 | change:   0.02386 | c:    193.93333 | v:   0.50000 | time:    203.94 s
[09:37:23] iter:  295 | beta: 16.00 | change:   0.02441 | c:    193.93223 | v:   0.50000 | time:    204.62 s
[09:37:24] iter:  296 | beta: 16.00 | change:   0.02487 | c:    193.93118 | v:   0.50000 | time:    205.35 s
[09:37:24] iter:  297 | beta: 16.00 | change:   0.02545 | c:    193.93016 | v:   0.50000 | time:    206.04 s
[09:37:25] iter:  298 | beta: 16.00 | change:   0.02289 | c:    193.92912 | v:   0.50000 | time:    206.73 s
[09:37:26] iter:  299 | beta: 16.00 | change:   0.02351 | c:    193.92803 | v:   0.50000 | time:    207.40 s
[09:37:26] iter:  300 | beta: 16.00 | change:   0.02382 | c:    193.92693 | v:   0.50000 | time:    208.10 s
[09:37:27] iter:  301 | beta: 16.00 | change:   0.02440 | c:    193.92587 | v:   0.50000 | time:    208.75 s
[09:37:28] iter:  302 | beta: 16.00 | change:   0.02264 | c:    193.92484 | v:   0.50000 | time:    209.43 s
[09:37:28] iter:  303 | beta: 16.00 | change:   0.02225 | c:    193.92381 | v:   0.50000 | time:    210.15 s
[09:37:29] iter:  304 | beta: 16.00 | change:   0.02241 | c:    193.92276 | v:   0.50000 | time:    210.83 s
[09:37:30] iter:  305 | beta: 16.00 | change:   0.02314 | c:    193.92169 | v:   0.50000 | time:    211.60 s
[09:37:31] iter:  306 | beta: 16.00 | change:   0.02295 | c:    193.92061 | v:   0.50000 | time:    212.59 s
[09:37:32] iter:  307 | beta: 16.00 | change:   0.02212 | c:    193.91958 | v:   0.50000 | time:    213.61 s
[09:37:33] iter:  308 | beta: 16.00 | change:   0.02201 | c:    193.91856 | v:   0.50000 | time:    214.47 s
[09:37:34] iter:  309 | beta: 16.00 | change:   0.02290 | c:    193.91753 | v:   0.50000 | time:    215.31 s
[09:37:35] iter:  310 | beta: 16.00 | change:   0.02301 | c:    193.91646 | v:   0.50000 | time:    216.39 s
[09:37:35] iter:  311 | beta: 16.00 | change:   0.02098 | c:    193.91539 | v:   0.50000 | time:    217.18 s
[09:37:36] iter:  312 | beta: 16.00 | change:   0.02130 | c:    193.91435 | v:   0.50000 | time:    218.06 s
[09:37:37] iter:  313 | beta: 16.00 | change:   0.02176 | c:    193.91334 | v:   0.50000 | time:    218.83 s
[09:37:38] iter:  314 | beta: 16.00 | change:   0.02216 | c:    193.91234 | v:   0.50000 | time:    219.52 s
[09:37:38] iter:  315 | beta: 16.00 | change:   0.02263 | c:    193.91131 | v:   0.50000 | time:    220.16 s
[09:37:39] iter:  316 | beta: 16.00 | change:   0.02136 | c:    193.91026 | v:   0.50000 | time:    220.85 s
[09:37:40] iter:  317 | beta: 16.00 | change:   0.02090 | c:    193.90923 | v:   0.50000 | time:    221.56 s
[09:37:41] iter:  318 | beta: 16.00 | change:   0.02124 | c:    193.90821 | v:   0.50000 | time:    222.25 s
[09:37:41] iter:  319 | beta: 16.00 | change:   0.02176 | c:    193.90722 | v:   0.50000 | time:    222.90 s
[09:37:42] iter:  320 | beta: 16.00 | change:   0.02204 | c:    193.90621 | v:   0.50000 | time:    223.61 s
[09:37:43] iter:  321 | beta: 16.00 | change:   0.02209 | c:    193.90517 | v:   0.50000 | time:    224.31 s
[09:37:43] iter:  322 | beta: 16.00 | change:   0.01974 | c:    193.90413 | v:   0.50000 | time:    225.04 s
[09:37:44] iter:  323 | beta: 16.00 | change:   0.02031 | c:    193.90314 | v:   0.50000 | time:    225.75 s
[09:37:45] iter:  324 | beta: 16.00 | change:   0.02043 | c:    193.90213 | v:   0.50000 | time:    226.41 s
[09:37:45] iter:  325 | beta: 16.00 | change:   0.02111 | c:    193.90113 | v:   0.50000 | time:    227.07 s
[09:37:46] iter:  326 | beta: 16.00 | change:   0.02117 | c:    193.90013 | v:   0.50000 | time:    227.83 s
[09:37:47] iter:  327 | beta: 16.00 | change:   0.02179 | c:    193.89911 | v:   0.50000 | time:    228.53 s
[09:37:48] iter:  328 | beta: 16.00 | change:   0.02063 | c:    193.89809 | v:   0.50000 | time:    229.21 s
[09:37:48] iter:  329 | beta: 16.00 | change:   0.02080 | c:    193.89711 | v:   0.50000 | time:    229.89 s
[09:37:49] iter:  330 | beta: 16.00 | change:   0.02097 | c:    193.89611 | v:   0.50000 | time:    230.58 s
[09:37:50] iter:  331 | beta: 16.00 | change:   0.02113 | c:    193.89513 | v:   0.50000 | time:    231.24 s
[09:37:50] iter:  332 | beta: 16.00 | change:   0.02017 | c:    193.89411 | v:   0.50000 | time:    231.89 s
[09:37:51] iter:  333 | beta: 16.00 | change:   0.02052 | c:    193.89310 | v:   0.50000 | time:    232.58 s
[09:37:52] iter:  334 | beta: 16.00 | change:   0.02088 | c:    193.89211 | v:   0.50000 | time:    233.27 s
[09:37:52] iter:  335 | beta: 16.00 | change:   0.01976 | c:    193.89113 | v:   0.50000 | time:    233.93 s
[09:37:53] iter:  336 | beta: 16.00 | change:   0.01957 | c:    193.89014 | v:   0.50000 | time:    234.59 s
[09:37:54] iter:  337 | beta: 16.00 | change:   0.01988 | c:    193.88916 | v:   0.50000 | time:    235.27 s
[09:37:54] iter:  338 | beta: 16.00 | change:   0.01913 | c:    193.88818 | v:   0.50000 | time:    235.94 s
[09:37:55] iter:  339 | beta: 16.00 | change:   0.01939 | c:    193.88721 | v:   0.50000 | time:    236.62 s
[09:37:56] iter:  340 | beta: 16.00 | change:   0.01972 | c:    193.88624 | v:   0.50000 | time:    237.33 s
[09:37:56] iter:  341 | beta: 16.00 | change:   0.02000 | c:    193.88529 | v:   0.50000 | time:    237.99 s
[09:37:57] iter:  342 | beta: 16.00 | change:   0.01936 | c:    193.88432 | v:   0.50000 | time:    238.66 s
[09:37:58] iter:  343 | beta: 16.00 | change:   0.01971 | c:    193.88334 | v:   0.50000 | time:    239.29 s
[09:37:58] iter:  344 | beta: 16.00 | change:   0.01973 | c:    193.88239 | v:   0.50000 | time:    239.95 s
[09:37:59] iter:  345 | beta: 16.00 | change:   0.01876 | c:    193.88143 | v:   0.50000 | time:    240.63 s
[09:38:00] iter:  346 | beta: 16.00 | change:   0.01901 | c:    193.88049 | v:   0.50000 | time:    241.27 s
[09:38:00] iter:  347 | beta: 16.00 | change:   0.01858 | c:    193.87954 | v:   0.50000 | time:    241.99 s
[09:38:01] iter:  348 | beta: 16.00 | change:   0.01899 | c:    193.87857 | v:   0.50000 | time:    242.65 s
[09:38:02] iter:  349 | beta: 16.00 | change:   0.01920 | c:    193.87763 | v:   0.50000 | time:    243.40 s
[09:38:02] iter:  350 | beta: 16.00 | change:   0.01958 | c:    193.87669 | v:   0.50000 | time:    244.05 s
[09:38:03] iter:  351 | beta: 16.00 | change:   0.01877 | c:    193.87576 | v:   0.50000 | time:    244.73 s
[09:38:04] iter:  352 | beta: 16.00 | change:   0.01721 | c:    193.87483 | v:   0.50000 | time:    245.45 s
[09:38:04] iter:  353 | beta: 16.00 | change:   0.01750 | c:    193.87390 | v:   0.50000 | time:    246.12 s
[09:38:05] iter:  354 | beta: 16.00 | change:   0.01782 | c:    193.87295 | v:   0.50000 | time:    246.75 s
[09:38:06] iter:  355 | beta: 16.00 | change:   0.01808 | c:    193.87203 | v:   0.50000 | time:    247.38 s
[09:38:06] iter:  356 | beta: 16.00 | change:   0.01837 | c:    193.87112 | v:   0.50000 | time:    247.99 s
[09:38:07] iter:  357 | beta: 16.00 | change:   0.01865 | c:    193.87021 | v:   0.50000 | time:    248.60 s
[09:38:08] iter:  358 | beta: 16.00 | change:   0.01896 | c:    193.86930 | v:   0.50000 | time:    249.22 s
[09:38:08] iter:  359 | beta: 16.00 | change:   0.01925 | c:    193.86839 | v:   0.50000 | time:    249.82 s
[09:38:09] iter:  360 | beta: 16.00 | change:   0.01705 | c:    193.86747 | v:   0.50000 | time:    250.45 s
[09:38:09] iter:  361 | beta: 16.00 | change:   0.01633 | c:    193.86658 | v:   0.50000 | time:    251.10 s
[09:38:10] iter:  362 | beta: 16.00 | change:   0.01660 | c:    193.86569 | v:   0.50000 | time:    251.77 s
[09:38:11] iter:  363 | beta: 16.00 | change:   0.01687 | c:    193.86479 | v:   0.50000 | time:    252.41 s
[09:38:11] iter:  364 | beta: 16.00 | change:   0.01716 | c:    193.86389 | v:   0.50000 | time:    253.02 s
[09:38:12] iter:  365 | beta: 16.00 | change:   0.01744 | c:    193.86300 | v:   0.50000 | time:    253.65 s
[09:38:13] iter:  366 | beta: 16.00 | change:   0.01772 | c:    193.86210 | v:   0.50000 | time:    254.26 s
[09:38:13] iter:  367 | beta: 16.00 | change:   0.01797 | c:    193.86121 | v:   0.50000 | time:    254.86 s
[09:38:14] iter:  368 | beta: 16.00 | change:   0.01824 | c:    193.86034 | v:   0.50000 | time:    255.45 s
[09:38:14] iter:  369 | beta: 16.00 | change:   0.01853 | c:    193.85945 | v:   0.50000 | time:    256.06 s
[09:38:15] iter:  370 | beta: 16.00 | change:   0.01771 | c:    193.85857 | v:   0.50000 | time:    256.69 s
[09:38:16] iter:  371 | beta: 16.00 | change:   0.01651 | c:    193.85771 | v:   0.50000 | time:    257.34 s
[09:38:16] iter:  372 | beta: 16.00 | change:   0.01594 | c:    193.85684 | v:   0.50000 | time:    257.97 s
[09:38:17] iter:  373 | beta: 16.00 | change:   0.01658 | c:    193.85599 | v:   0.50000 | time:    258.60 s
[09:38:18] iter:  374 | beta: 16.00 | change:   0.01643 | c:    193.85513 | v:   0.50000 | time:    259.22 s
[09:38:18] iter:  375 | beta: 16.00 | change:   0.01678 | c:    193.85428 | v:   0.50000 | time:    259.86 s
[09:38:19] iter:  376 | beta: 16.00 | change:   0.01694 | c:    193.85342 | v:   0.50000 | time:    260.53 s
[09:38:20] iter:  377 | beta: 16.00 | change:   0.01727 | c:    193.85257 | v:   0.50000 | time:    261.35 s
[09:38:21] iter:  378 | beta: 16.00 | change:   0.01744 | c:    193.85172 | v:   0.50000 | time:    262.21 s
[09:38:21] iter:  379 | beta: 16.00 | change:   0.01771 | c:    193.85088 | v:   0.50000 | time:    263.04 s
[09:38:22] iter:  380 | beta: 16.00 | change:   0.01768 | c:    193.85005 | v:   0.50000 | time:    263.70 s
[09:38:23] iter:  381 | beta: 16.00 | change:   0.01564 | c:    193.84921 | v:   0.50000 | time:    264.39 s
[09:38:23] iter:  382 | beta: 16.00 | change:   0.01586 | c:    193.84838 | v:   0.50000 | time:    265.02 s
[09:38:24] iter:  383 | beta: 16.00 | change:   0.01610 | c:    193.84756 | v:   0.50000 | time:    265.69 s
[09:38:25] iter:  384 | beta: 16.00 | change:   0.01631 | c:    193.84673 | v:   0.50000 | time:    266.37 s
[09:38:25] iter:  385 | beta: 16.00 | change:   0.01654 | c:    193.84590 | v:   0.50000 | time:    267.10 s
[09:38:26] iter:  386 | beta: 16.00 | change:   0.01675 | c:    193.84510 | v:   0.50000 | time:    267.77 s
[09:38:27] iter:  387 | beta: 16.00 | change:   0.01700 | c:    193.84428 | v:   0.50000 | time:    268.45 s
[09:38:27] iter:  388 | beta: 16.00 | change:   0.01701 | c:    193.84347 | v:   0.50000 | time:    269.15 s
[09:38:28] iter:  389 | beta: 16.00 | change:   0.01635 | c:    193.84266 | v:   0.50000 | time:    269.84 s
[09:38:29] iter:  390 | beta: 16.00 | change:   0.01648 | c:    193.84186 | v:   0.50000 | time:    270.52 s
[09:38:30] iter:  391 | beta: 16.00 | change:   0.01599 | c:    193.84107 | v:   0.50000 | time:    271.25 s
[09:38:30] iter:  392 | beta: 16.00 | change:   0.01619 | c:    193.84030 | v:   0.50000 | time:    271.97 s
[09:38:31] iter:  393 | beta: 16.00 | change:   0.01641 | c:    193.83950 | v:   0.50000 | time:    272.65 s
[09:38:32] iter:  394 | beta: 16.00 | change:   0.01562 | c:    193.83871 | v:   0.50000 | time:    273.42 s
[09:38:32] iter:  395 | beta: 16.00 | change:   0.01583 | c:    193.83794 | v:   0.50000 | time:    274.10 s
[09:38:33] iter:  396 | beta: 16.00 | change:   0.01605 | c:    193.83717 | v:   0.50000 | time:    274.79 s
[09:38:34] iter:  397 | beta: 16.00 | change:   0.01624 | c:    193.83641 | v:   0.50000 | time:    275.41 s
[09:38:34] iter:  398 | beta: 16.00 | change:   0.01651 | c:    193.83565 | v:   0.50000 | time:    276.00 s
[09:38:35] iter:  399 | beta: 16.00 | change:   0.01573 | c:    193.83488 | v:   0.50000 | time:    276.61 s
[09:38:35] iter:  400 | beta: 16.00 | change:   0.01472 | c:    193.83412 | v:   0.50000 | time:    277.19 s
[09:38:36] iter:  401 | beta: 16.00 | change:   0.01482 | c:    193.83338 | v:   0.50000 | time:    277.75 s
[09:38:37] iter:  402 | beta: 16.00 | change:   0.01428 | c:    193.83264 | v:   0.50000 | time:    278.34 s
[09:38:37] iter:  403 | beta: 16.00 | change:   0.01449 | c:    193.83190 | v:   0.50000 | time:    278.93 s
[09:38:38] iter:  404 | beta: 16.00 | change:   0.01458 | c:    193.83116 | v:   0.50000 | time:    279.52 s
[09:38:38] iter:  405 | beta: 16.00 | change:   0.01458 | c:    193.83041 | v:   0.50000 | time:    280.14 s
[09:38:39] iter:  406 | beta: 16.00 | change:   0.01479 | c:    193.82967 | v:   0.50000 | time:    280.72 s
[09:38:40] iter:  407 | beta: 16.00 | change:   0.01497 | c:    193.82896 | v:   0.50000 | time:    281.31 s
[09:38:40] iter:  408 | beta: 16.00 | change:   0.01517 | c:    193.82824 | v:   0.50000 | time:    281.89 s
[09:38:41] iter:  409 | beta: 16.00 | change:   0.01536 | c:    193.82752 | v:   0.50000 | time:    282.45 s
[09:38:41] iter:  410 | beta: 16.00 | change:   0.01557 | c:    193.82681 | v:   0.50000 | time:    283.03 s
[09:38:42] iter:  411 | beta: 16.00 | change:   0.01576 | c:    193.82609 | v:   0.50000 | time:    283.63 s
[09:38:43] iter:  412 | beta: 16.00 | change:   0.01594 | c:    193.82538 | v:   0.50000 | time:    284.21 s
[09:38:43] iter:  413 | beta: 16.00 | change:   0.01505 | c:    193.82470 | v:   0.50000 | time:    284.78 s
[09:38:44] iter:  414 | beta: 16.00 | change:   0.01425 | c:    193.82401 | v:   0.50000 | time:    285.38 s
[09:38:44] iter:  415 | beta: 16.00 | change:   0.01344 | c:    193.82330 | v:   0.50000 | time:    285.98 s
[09:38:45] iter:  416 | beta: 16.00 | change:   0.01357 | c:    193.82261 | v:   0.50000 | time:    286.55 s
[09:38:45] iter:  417 | beta: 16.00 | change:   0.01366 | c:    193.82191 | v:   0.50000 | time:    287.13 s
[09:38:46] iter:  418 | beta: 16.00 | change:   0.01382 | c:    193.82124 | v:   0.50000 | time:    287.70 s
[09:38:47] iter:  419 | beta: 16.00 | change:   0.01382 | c:    193.82058 | v:   0.50000 | time:    288.30 s
[09:38:47] iter:  420 | beta: 16.00 | change:   0.01397 | c:    193.81991 | v:   0.50000 | time:    288.87 s
[09:38:48] iter:  421 | beta: 16.00 | change:   0.01419 | c:    193.81922 | v:   0.50000 | time:    289.44 s
[09:38:48] iter:  422 | beta: 16.00 | change:   0.01437 | c:    193.81855 | v:   0.50000 | time:    290.01 s
[09:38:49] iter:  423 | beta: 16.00 | change:   0.01456 | c:    193.81788 | v:   0.50000 | time:    290.60 s
[09:38:50] iter:  424 | beta: 16.00 | change:   0.01473 | c:    193.81723 | v:   0.50000 | time:    291.20 s
[09:38:50] iter:  425 | beta: 16.00 | change:   0.01492 | c:    193.81658 | v:   0.50000 | time:    291.81 s
[09:38:51] iter:  426 | beta: 16.00 | change:   0.01509 | c:    193.81591 | v:   0.50000 | time:    292.41 s
[09:38:51] iter:  427 | beta: 16.00 | change:   0.01529 | c:    193.81525 | v:   0.50000 | time:    293.03 s
[09:38:52] iter:  428 | beta: 16.00 | change:   0.01480 | c:    193.81461 | v:   0.50000 | time:    293.64 s
[09:38:53] iter:  429 | beta: 16.00 | change:   0.01299 | c:    193.81397 | v:   0.50000 | time:    294.24 s
[09:38:53] iter:  430 | beta: 16.00 | change:   0.01315 | c:    193.81334 | v:   0.50000 | time:    294.85 s
[09:38:54] iter:  431 | beta: 16.00 | change:   0.01330 | c:    193.81271 | v:   0.50000 | time:    295.44 s
[09:38:54] iter:  432 | beta: 16.00 | change:   0.01346 | c:    193.81207 | v:   0.50000 | time:    296.01 s
[09:38:55] iter:  433 | beta: 16.00 | change:   0.01362 | c:    193.81143 | v:   0.50000 | time:    296.59 s
[09:38:55] iter:  434 | beta: 16.00 | change:   0.01366 | c:    193.81082 | v:   0.50000 | time:    297.17 s
[09:38:56] iter:  435 | beta: 16.00 | change:   0.01383 | c:    193.81020 | v:   0.50000 | time:    297.73 s
[09:38:57] iter:  436 | beta: 16.00 | change:   0.01400 | c:    193.80959 | v:   0.50000 | time:    298.28 s
[09:38:57] iter:  437 | beta: 16.00 | change:   0.01418 | c:    193.80898 | v:   0.50000 | time:    298.91 s
[09:38:58] iter:  438 | beta: 16.00 | change:   0.01435 | c:    193.80837 | v:   0.50000 | time:    299.53 s
[09:38:58] iter:  439 | beta: 16.00 | change:   0.01453 | c:    193.80775 | v:   0.50000 | time:    300.14 s
[09:38:59] iter:  440 | beta: 16.00 | change:   0.01471 | c:    193.80716 | v:   0.50000 | time:    300.74 s
[09:39:00] iter:  441 | beta: 16.00 | change:   0.01478 | c:    193.80657 | v:   0.50000 | time:    301.35 s
[09:39:00] iter:  442 | beta: 16.00 | change:   0.01290 | c:    193.80597 | v:   0.50000 | time:    301.98 s
[09:39:01] iter:  443 | beta: 16.00 | change:   0.01305 | c:    193.80539 | v:   0.50000 | time:    302.55 s
[09:39:01] iter:  444 | beta: 16.00 | change:   0.01322 | c:    193.80478 | v:   0.50000 | time:    303.09 s
[09:39:02] iter:  445 | beta: 16.00 | change:   0.01338 | c:    193.80419 | v:   0.50000 | time:    303.64 s
[09:39:03] iter:  446 | beta: 16.00 | change:   0.01356 | c:    193.80362 | v:   0.50000 | time:    304.20 s
[09:39:03] iter:  447 | beta: 16.00 | change:   0.01370 | c:    193.80304 | v:   0.50000 | time:    304.75 s
[09:39:04] iter:  448 | beta: 16.00 | change:   0.01387 | c:    193.80246 | v:   0.50000 | time:    305.31 s
[09:39:04] iter:  449 | beta: 16.00 | change:   0.01401 | c:    193.80190 | v:   0.50000 | time:    305.84 s
[09:39:05] iter:  450 | beta: 16.00 | change:   0.01418 | c:    193.80131 | v:   0.50000 | time:    306.39 s
[09:39:05] iter:  451 | beta: 16.00 | change:   0.01432 | c:    193.80075 | v:   0.50000 | time:    306.93 s
[09:39:06] iter:  452 | beta: 16.00 | change:   0.01293 | c:    193.80021 | v:   0.50000 | time:    307.48 s
[09:39:06] iter:  453 | beta: 16.00 | change:   0.01307 | c:    193.79965 | v:   0.50000 | time:    308.05 s
[09:39:07] iter:  454 | beta: 16.00 | change:   0.01321 | c:    193.79909 | v:   0.50000 | time:    308.59 s
[09:39:07] iter:  455 | beta: 16.00 | change:   0.01335 | c:    193.79856 | v:   0.50000 | time:    309.14 s
[09:39:08] iter:  456 | beta: 16.00 | change:   0.01349 | c:    193.79800 | v:   0.50000 | time:    309.69 s
[09:39:09] iter:  457 | beta: 16.00 | change:   0.01363 | c:    193.79746 | v:   0.50000 | time:    310.25 s
[09:39:09] iter:  458 | beta: 16.00 | change:   0.01377 | c:    193.79694 | v:   0.50000 | time:    310.81 s
[09:39:10] iter:  459 | beta: 16.00 | change:   0.01289 | c:    193.79641 | v:   0.50000 | time:    311.36 s
[09:39:10] iter:  460 | beta: 16.00 | change:   0.01300 | c:    193.79587 | v:   0.50000 | time:    311.91 s
[09:39:11] iter:  461 | beta: 16.00 | change:   0.01313 | c:    193.79535 | v:   0.50000 | time:    312.46 s
[09:39:11] iter:  462 | beta: 16.00 | change:   0.01325 | c:    193.79482 | v:   0.50000 | time:    313.02 s
[09:39:12] iter:  463 | beta: 16.00 | change:   0.01276 | c:    193.79430 | v:   0.50000 | time:    313.61 s
[09:39:12] iter:  464 | beta: 16.00 | change:   0.01289 | c:    193.79379 | v:   0.50000 | time:    314.16 s
[09:39:13] iter:  465 | beta: 16.00 | change:   0.01304 | c:    193.79326 | v:   0.50000 | time:    314.70 s
[09:39:14] iter:  466 | beta: 16.00 | change:   0.01316 | c:    193.79274 | v:   0.50000 | time:    315.23 s
[09:39:14] iter:  467 | beta: 16.00 | change:   0.01331 | c:    193.79225 | v:   0.50000 | time:    315.81 s
[09:39:15] iter:  468 | beta: 16.00 | change:   0.01221 | c:    193.79172 | v:   0.50000 | time:    316.39 s
[09:39:15] iter:  469 | beta: 16.00 | change:   0.01204 | c:    193.79122 | v:   0.50000 | time:    316.98 s
[09:39:16] iter:  470 | beta: 16.00 | change:   0.01211 | c:    193.79073 | v:   0.50000 | time:    317.57 s
[09:39:16] iter:  471 | beta: 16.00 | change:   0.01175 | c:    193.79023 | v:   0.50000 | time:    318.17 s
[09:39:17] iter:  472 | beta: 16.00 | change:   0.01152 | c:    193.78973 | v:   0.50000 | time:    318.78 s
[09:39:18] iter:  473 | beta: 16.00 | change:   0.01160 | c:    193.78926 | v:   0.50000 | time:    319.40 s
[09:39:18] iter:  474 | beta: 16.00 | change:   0.01173 | c:    193.78876 | v:   0.50000 | time:    320.02 s
[09:39:19] iter:  475 | beta: 16.00 | change:   0.01177 | c:    193.78828 | v:   0.50000 | time:    320.61 s
[09:39:20] iter:  476 | beta: 16.00 | change:   0.01195 | c:    193.78781 | v:   0.50000 | time:    321.20 s
[09:39:20] iter:  477 | beta: 16.00 | change:   0.01191 | c:    193.78733 | v:   0.50000 | time:    321.74 s
[09:39:21] iter:  478 | beta: 16.00 | change:   0.01154 | c:    193.78686 | v:   0.50000 | time:    322.29 s
[09:39:21] iter:  479 | beta: 16.00 | change:   0.01159 | c:    193.78640 | v:   0.50000 | time:    322.82 s
[09:39:22] iter:  480 | beta: 16.00 | change:   0.01173 | c:    193.78591 | v:   0.50000 | time:    323.36 s
[09:39:22] iter:  481 | beta: 16.00 | change:   0.01179 | c:    193.78545 | v:   0.50000 | time:    323.90 s
[09:39:23] iter:  482 | beta: 16.00 | change:   0.01191 | c:    193.78500 | v:   0.50000 | time:    324.49 s
[09:39:23] iter:  483 | beta: 16.00 | change:   0.01204 | c:    193.78453 | v:   0.50000 | time:    325.05 s
[09:39:24] iter:  484 | beta: 16.00 | change:   0.01214 | c:    193.78407 | v:   0.50000 | time:    325.60 s
[09:39:24] iter:  485 | beta: 16.00 | change:   0.01228 | c:    193.78362 | v:   0.50000 | time:    326.14 s
[09:39:25] iter:  486 | beta: 16.00 | change:   0.01239 | c:    193.78316 | v:   0.50000 | time:    326.68 s
[09:39:26] iter:  487 | beta: 16.00 | change:   0.01252 | c:    193.78271 | v:   0.50000 | time:    327.28 s
[09:39:26] iter:  488 | beta: 16.00 | change:   0.01265 | c:    193.78227 | v:   0.50000 | time:    327.87 s
[09:39:27] iter:  489 | beta: 16.00 | change:   0.01276 | c:    193.78182 | v:   0.50000 | time:    328.47 s
[09:39:27] iter:  490 | beta: 16.00 | change:   0.01114 | c:    193.78138 | v:   0.50000 | time:    329.07 s
[09:39:28] iter:  491 | beta: 16.00 | change:   0.01067 | c:    193.78096 | v:   0.50000 | time:    329.66 s
[09:39:29] iter:  492 | beta: 16.00 | change:   0.01011 | c:    193.78051 | v:   0.50000 | time:    330.27 s
[09:39:29] iter:  493 | beta: 16.00 | change:   0.01024 | c:    193.78008 | v:   0.50000 | time:    330.86 s
[09:39:30] iter:  494 | beta: 16.00 | change:   0.01035 | c:    193.77966 | v:   0.50000 | time:    331.48 s
[09:39:30] iter:  495 | beta: 16.00 | change:   0.01046 | c:    193.77923 | v:   0.50000 | time:    332.09 s
[09:39:31] iter:  496 | beta: 16.00 | change:   0.01057 | c:    193.77881 | v:   0.50000 | time:    332.67 s
[09:39:32] iter:  497 | beta: 16.00 | change:   0.01068 | c:    193.77840 | v:   0.50000 | time:    333.26 s
[09:39:32] iter:  498 | beta: 16.00 | change:   0.01080 | c:    193.77798 | v:   0.50000 | time:    333.88 s
[09:39:33] iter:  499 | beta: 16.00 | change:   0.01091 | c:    193.77757 | v:   0.50000 | time:    334.45 s
[09:39:33] iter:  500 | beta: 16.00 | change:   0.01104 | c:    193.77717 | v:   0.50000 | time:    335.07 s
[09:39:34] iter:  501 | beta: 16.00 | change:   0.01112 | c:    193.77675 | v:   0.50000 | time:    335.70 s
[09:39:35] iter:  502 | beta: 16.00 | change:   0.01125 | c:    193.77635 | v:   0.50000 | time:    336.36 s
[09:39:35] iter:  503 | beta: 16.00 | change:   0.01135 | c:    193.77596 | v:   0.50000 | time:    336.97 s
[09:39:36] iter:  504 | beta: 16.00 | change:   0.01147 | c:    193.77555 | v:   0.50000 | time:    337.56 s
[09:39:36] iter:  505 | beta: 16.00 | change:   0.01158 | c:    193.77516 | v:   0.50000 | time:    338.17 s
[09:39:37] iter:  506 | beta: 16.00 | change:   0.01170 | c:    193.77478 | v:   0.50000 | time:    338.77 s
[09:39:38] iter:  507 | beta: 16.00 | change:   0.01180 | c:    193.77438 | v:   0.50000 | time:    339.38 s
[09:39:38] iter:  508 | beta: 16.00 | change:   0.01191 | c:    193.77399 | v:   0.50000 | time:    340.00 s
[09:39:39] iter:  509 | beta: 16.00 | change:   0.01203 | c:    193.77362 | v:   0.50000 | time:    340.63 s
[09:39:40] iter:  510 | beta: 16.00 | change:   0.01215 | c:    193.77322 | v:   0.50000 | time:    341.27 s
[09:39:40] iter:  511 | beta: 16.00 | change:   0.01088 | c:    193.77285 | v:   0.50000 | time:    341.88 s
[09:39:41] iter:  512 | beta: 16.00 | change:   0.01080 | c:    193.77248 | v:   0.50000 | time:    342.41 s
[09:39:41] iter:  513 | beta: 16.00 | change:   0.01089 | c:    193.77209 | v:   0.50000 | time:    342.97 s
[09:39:42] iter:  514 | beta: 16.00 | change:   0.01082 | c:    193.77172 | v:   0.50000 | time:    343.50 s
[09:39:42] iter:  515 | beta: 16.00 | change:   0.01020 | c:    193.77136 | v:   0.50000 | time:    344.03 s
[09:39:43] iter:  516 | beta: 16.00 | change:   0.01032 | c:    193.77098 | v:   0.50000 | time:    344.55 s
[09:39:43] iter:  517 | beta: 16.00 | change:   0.01043 | c:    193.77062 | v:   0.50000 | time:    345.07 s
[09:39:44] iter:  518 | beta: 16.00 | change:   0.01054 | c:    193.77027 | v:   0.50000 | time:    345.59 s
[09:39:44] iter:  519 | beta: 16.00 | change:   0.01065 | c:    193.76990 | v:   0.50000 | time:    346.16 s
[09:39:45] iter:  520 | beta: 16.00 | change:   0.01075 | c:    193.76954 | v:   0.50000 | time:    346.75 s
[09:39:46] iter:  521 | beta: 16.00 | change:   0.01087 | c:    193.76921 | v:   0.50000 | time:    347.26 s
[09:39:46] iter:  522 | beta: 16.00 | change:   0.01098 | c:    193.76885 | v:   0.50000 | time:    347.79 s
[09:39:47] iter:  523 | beta: 16.00 | change:   0.01110 | c:    193.76851 | v:   0.50000 | time:    348.31 s
[09:39:47] iter:  524 | beta: 16.00 | change:   0.01120 | c:    193.76817 | v:   0.50000 | time:    348.88 s
[09:39:48] iter:  525 | beta: 16.00 | change:   0.01131 | c:    193.76781 | v:   0.50000 | time:    349.40 s
[09:39:48] iter:  526 | beta: 16.00 | change:   0.01141 | c:    193.76748 | v:   0.50000 | time:    349.98 s
[09:39:49] iter:  527 | beta: 16.00 | change:   0.01152 | c:    193.76715 | v:   0.50000 | time:    350.57 s
[09:39:49] iter:  528 | beta: 16.00 | change:   0.01164 | c:    193.76680 | v:   0.50000 | time:    351.15 s
[09:39:50] iter:  529 | beta: 16.00 | change:   0.01174 | c:    193.76648 | v:   0.50000 | time:    351.75 s
[09:39:51] iter:  530 | beta: 16.00 | change:   0.01031 | c:    193.76616 | v:   0.50000 | time:    352.31 s
[09:39:51] iter:  531 | beta: 16.00 | change:   0.01002 | c:    193.76582 | v:   0.50000 | time:    352.85 s
[09:39:52] iter:  532 | beta: 16.00 | change:   0.01014 | c:    193.76549 | v:   0.50000 | time:    353.43 s
[09:39:52] iter:  533 | beta: 16.00 | change:   0.01016 | c:    193.76519 | v:   0.50000 | time:    354.02 s
[09:39:53] iter:  534 | beta: 16.00 | change:   0.01026 | c:    193.76485 | v:   0.50000 | time:    354.60 s
[09:39:53] iter:  535 | beta: 16.00 | change:   0.01037 | c:    193.76453 | v:   0.50000 | time:    355.17 s
[09:39:54] iter:  536 | beta: 16.00 | change:   0.01047 | c:    193.76422 | v:   0.50000 | time:    355.77 s
[09:39:55] iter:  537 | beta: 16.00 | change:   0.01058 | c:    193.76389 | v:   0.50000 | time:    356.36 s
[09:39:55] iter:  538 | beta: 16.00 | change:   0.01068 | c:    193.76358 | v:   0.50000 | time:    356.90 s
[09:39:56] iter:  539 | beta: 16.00 | change:   0.01080 | c:    193.76329 | v:   0.50000 | time:    357.44 s
[09:39:56] iter:  540 | beta: 16.00 | change:   0.01091 | c:    193.76296 | v:   0.50000 | time:    358.00 s
[09:39:57] iter:  541 | beta: 16.00 | change:   0.01101 | c:    193.76265 | v:   0.50000 | time:    358.54 s
[09:39:57] iter:  542 | beta: 16.00 | change:   0.01112 | c:    193.76236 | v:   0.50000 | time:    359.07 s
[09:39:58] iter:  543 | beta: 16.00 | change:   0.01122 | c:    193.76204 | v:   0.50000 | time:    359.60 s
[09:39:58] iter:  544 | beta: 16.00 | change:   0.01133 | c:    193.76175 | v:   0.50000 | time:    360.11 s
[09:39:59] iter:  545 | beta: 16.00 | change:   0.01137 | c:    193.76146 | v:   0.50000 | time:    360.62 s
[09:39:59] iter:  546 | beta: 16.00 | change:   0.01001 | c:    193.76115 | v:   0.50000 | time:    361.19 s
[09:40:00] iter:  547 | beta: 16.00 | change:   0.01009 | c:    193.76086 | v:   0.50000 | time:    361.73 s
[09:40:01] iter:  548 | beta: 16.00 | change:   0.01020 | c:    193.76058 | v:   0.50000 | time:    362.26 s
[09:40:01] iter:  549 | beta: 16.00 | change:   0.01029 | c:    193.76027 | v:   0.50000 | time:    362.80 s
[09:40:02] iter:  550 | beta: 16.00 | change:   0.01039 | c:    193.75999 | v:   0.50000 | time:    363.39 s
[09:40:02] iter:  551 | beta: 16.00 | change:   0.01049 | c:    193.75972 | v:   0.50000 | time:    363.97 s
[09:40:03] iter:  552 | beta: 16.00 | change:   0.01060 | c:    193.75942 | v:   0.50000 | time:    364.56 s
[09:40:03] iter:  553 | beta: 16.00 | change:   0.01067 | c:    193.75914 | v:   0.50000 | time:    365.13 s
[09:40:04] iter:  554 | beta: 16.00 | change:   0.01078 | c:    193.75888 | v:   0.50000 | time:    365.70 s
[09:40:05] iter:  555 | beta: 16.00 | change:   0.01086 | c:    193.75858 | v:   0.50000 | time:    366.28 s
[09:40:05] iter:  556 | beta: 16.00 | change:   0.01096 | c:    193.75831 | v:   0.50000 | time:    366.87 s
[09:40:06] iter:  557 | beta: 16.00 | change:   0.01090 | c:    193.75805 | v:   0.50000 | time:    367.44 s
[09:40:06] iter:  558 | beta: 16.00 | change:   0.01027 | c:    193.75776 | v:   0.50000 | time:    368.03 s
[09:40:07] iter:  559 | beta: 16.00 | change:   0.01035 | c:    193.75749 | v:   0.50000 | time:    368.60 s
[09:40:07] iter:  560 | beta: 16.00 | change:   0.01044 | c:    193.75724 | v:   0.50000 | time:    369.19 s
[09:40:08] iter:  561 | beta: 16.00 | change:   0.01052 | c:    193.75695 | v:   0.50000 | time:    369.78 s
[09:40:09] iter:  562 | beta: 16.00 | change:   0.01061 | c:    193.75669 | v:   0.50000 | time:    370.32 s
[09:40:09] iter:  563 | beta: 16.00 | change:   0.00972 | c:    193.75643 | v:   0.50000 | time:    370.87 s

Saved step 4 (MTOP MMA Heaviside, eta = 0.50) result data:
  C:\Users\campa\Desktop\Structural-Optimization-LUKASTIEBERT\matlab\results\mtop_mma_heaviside_eta_050.mat
  C:\Users\campa\Desktop\Structural-Optimization-LUKASTIEBERT\matlab\results\mtop_mma_heaviside_eta_050_history.csv
  C:\Users\campa\Desktop\Structural-Optimization-LUKASTIEBERT\matlab\results\mtop_mma_heaviside_eta_050_summary.txt
Saved step 4 (MTOP MMA Heaviside, eta = 0.50) figures in:
  C:\Users\campa\Desktop\Structural-Optimization-LUKASTIEBERT\matlab\figures

Step 4 (MTOP MMA Heaviside, eta = 0.50) completed.
  Iterations:           563
  Elapsed time [s]:     370.87
  Final beta:           16.0000
  MTOP compliance:      193.756432
  Fine-mesh compliance: 199.326302
  Volume fraction:      0.500000

Running assignment step 4: MTOP MMA Heaviside (eta = 0.70)
  FE mesh:       120 x 40 elements
  Density mesh:  600 x 200 cells
  Cells per FE:  5 x 5
  Volume target: 0.5000
  Penalization:  3.0000
  Filter radius: 24.0000 density cells
  Heaviside eta: 0.70
  Beta range:    1.00 -> 16.00 (doubled every 50 iters)

[09:40:17] iter:    1 | beta:  1.00 | change:   1.00000 | c:   1368.87363 | v:   0.45439 | time:      0.67 s
[09:40:18] iter:    2 | beta:  1.00 | change:   0.19998 | c:    752.23631 | v:   0.45994 | time:      1.28 s
[09:40:18] iter:    3 | beta:  1.00 | change:   0.18306 | c:    545.39262 | v:   0.48021 | time:      1.91 s
[09:40:19] iter:    4 | beta:  1.00 | change:   0.14733 | c:    451.15714 | v:   0.48881 | time:      2.54 s
[09:40:19] iter:    5 | beta:  1.00 | change:   0.12624 | c:    401.20660 | v:   0.49330 | time:      3.15 s
[09:40:20] iter:    6 | beta:  1.00 | change:   0.11792 | c:    374.16659 | v:   0.49609 | time:      3.77 s
[09:40:21] iter:    7 | beta:  1.00 | change:   0.12954 | c:    358.57322 | v:   0.49747 | time:      4.38 s
[09:40:21] iter:    8 | beta:  1.00 | change:   0.14752 | c:    348.34319 | v:   0.49815 | time:      5.01 s
[09:40:22] iter:    9 | beta:  1.00 | change:   0.16616 | c:    341.05110 | v:   0.49862 | time:      5.63 s
[09:40:22] iter:   10 | beta:  1.00 | change:   0.17927 | c:    335.53914 | v:   0.49889 | time:      6.24 s
[09:40:23] iter:   11 | beta:  1.00 | change:   0.15374 | c:    330.45380 | v:   0.49886 | time:      6.86 s
[09:40:24] iter:   12 | beta:  1.00 | change:   0.14111 | c:    324.62756 | v:   0.49862 | time:      7.44 s
[09:40:24] iter:   13 | beta:  1.00 | change:   0.16126 | c:    317.98257 | v:   0.49846 | time:      8.06 s
[09:40:25] iter:   14 | beta:  1.00 | change:   0.18839 | c:    311.12675 | v:   0.49845 | time:      8.65 s
[09:40:26] iter:   15 | beta:  1.00 | change:   0.18339 | c:    304.86814 | v:   0.49860 | time:      9.28 s
[09:40:26] iter:   16 | beta:  1.00 | change:   0.18752 | c:    298.79739 | v:   0.49860 | time:      9.89 s
[09:40:27] iter:   17 | beta:  1.00 | change:   0.19008 | c:    291.94608 | v:   0.49845 | time:     10.58 s
[09:40:28] iter:   18 | beta:  1.00 | change:   0.19342 | c:    283.82023 | v:   0.49807 | time:     11.56 s
[09:40:28] iter:   19 | beta:  1.00 | change:   0.19554 | c:    274.07776 | v:   0.49763 | time:     12.21 s
[09:40:29] iter:   20 | beta:  1.00 | change:   0.19576 | c:    264.11408 | v:   0.49757 | time:     12.86 s
[09:40:30] iter:   21 | beta:  1.00 | change:   0.19619 | c:    255.75876 | v:   0.49796 | time:     13.50 s
[09:40:30] iter:   22 | beta:  1.00 | change:   0.19666 | c:    249.93504 | v:   0.49832 | time:     14.10 s
[09:40:31] iter:   23 | beta:  1.00 | change:   0.19714 | c:    245.44805 | v:   0.49850 | time:     14.68 s
[09:40:32] iter:   24 | beta:  1.00 | change:   0.19685 | c:    241.42289 | v:   0.49875 | time:     15.28 s
[09:40:32] iter:   25 | beta:  1.00 | change:   0.19544 | c:    238.84715 | v:   0.49917 | time:     15.86 s
[09:40:33] iter:   26 | beta:  1.00 | change:   0.19392 | c:    237.40142 | v:   0.49961 | time:     16.44 s
[09:40:33] iter:   27 | beta:  1.00 | change:   0.19129 | c:    236.62605 | v:   0.49975 | time:     17.02 s
[09:40:34] iter:   28 | beta:  1.00 | change:   0.18799 | c:    236.10196 | v:   0.49982 | time:     17.59 s
[09:40:34] iter:   29 | beta:  1.00 | change:   0.18169 | c:    235.73510 | v:   0.49987 | time:     18.17 s
[09:40:35] iter:   30 | beta:  1.00 | change:   0.17580 | c:    235.46116 | v:   0.49990 | time:     18.78 s
[09:40:36] iter:   31 | beta:  1.00 | change:   0.16942 | c:    235.22927 | v:   0.49991 | time:     19.38 s
[09:40:36] iter:   32 | beta:  1.00 | change:   0.16734 | c:    235.03255 | v:   0.49993 | time:     19.95 s
[09:40:37] iter:   33 | beta:  1.00 | change:   0.17101 | c:    234.86573 | v:   0.49994 | time:     20.52 s
[09:40:37] iter:   34 | beta:  1.00 | change:   0.16260 | c:    234.72162 | v:   0.49995 | time:     21.12 s
[09:40:38] iter:   35 | beta:  1.00 | change:   0.17340 | c:    234.59745 | v:   0.49995 | time:     21.68 s
[09:40:39] iter:   36 | beta:  1.00 | change:   0.15863 | c:    234.49112 | v:   0.49996 | time:     22.29 s
[09:40:39] iter:   37 | beta:  1.00 | change:   0.15629 | c:    234.40004 | v:   0.49997 | time:     22.90 s
[09:40:40] iter:   38 | beta:  1.00 | change:   0.15119 | c:    234.32122 | v:   0.49997 | time:     23.45 s
[09:40:40] iter:   39 | beta:  1.00 | change:   0.15118 | c:    234.25167 | v:   0.49997 | time:     24.06 s
[09:40:41] iter:   40 | beta:  1.00 | change:   0.14893 | c:    234.18944 | v:   0.49998 | time:     24.65 s
[09:40:41] iter:   41 | beta:  1.00 | change:   0.14618 | c:    234.13400 | v:   0.49998 | time:     25.21 s
[09:40:42] iter:   42 | beta:  1.00 | change:   0.14768 | c:    234.08310 | v:   0.49998 | time:     25.75 s
[09:40:43] iter:   43 | beta:  1.00 | change:   0.14846 | c:    234.03586 | v:   0.49998 | time:     26.30 s
[09:40:43] iter:   44 | beta:  1.00 | change:   0.14865 | c:    233.99103 | v:   0.49998 | time:     26.86 s
[09:40:44] iter:   45 | beta:  1.00 | change:   0.14306 | c:    233.94776 | v:   0.49998 | time:     27.46 s
[09:40:44] iter:   46 | beta:  1.00 | change:   0.14902 | c:    233.90698 | v:   0.49998 | time:     28.02 s
[09:40:45] iter:   47 | beta:  1.00 | change:   0.14900 | c:    233.86958 | v:   0.49999 | time:     28.63 s
[09:40:45] iter:   48 | beta:  1.00 | change:   0.14354 | c:    233.83401 | v:   0.49999 | time:     29.21 s
[09:40:46] iter:   49 | beta:  1.00 | change:   0.14227 | c:    233.79995 | v:   0.49999 | time:     29.80 s
[09:40:47] iter:   50 | beta:  1.00 | change:   0.14508 | c:    233.76753 | v:   0.49999 | time:     30.43 s
  Heaviside beta increased to 2.00
[09:40:47] iter:   51 | beta:  2.00 | change:   0.14280 | c:    241.98986 | v:   0.47370 | time:     31.09 s
[09:40:48] iter:   52 | beta:  2.00 | change:   0.19717 | c:    229.33751 | v:   0.49971 | time:     31.75 s
[09:40:49] iter:   53 | beta:  2.00 | change:   0.19150 | c:    228.30808 | v:   0.49966 | time:     32.35 s
[09:40:49] iter:   54 | beta:  2.00 | change:   0.18686 | c:    227.76259 | v:   0.49983 | time:     33.00 s
[09:40:50] iter:   55 | beta:  2.00 | change:   0.18283 | c:    227.45887 | v:   0.49990 | time:     33.65 s
[09:40:51] iter:   56 | beta:  2.00 | change:   0.16395 | c:    227.26909 | v:   0.49994 | time:     34.30 s
[09:40:51] iter:   57 | beta:  2.00 | change:   0.14761 | c:    227.15265 | v:   0.49996 | time:     34.92 s
[09:40:52] iter:   58 | beta:  2.00 | change:   0.15191 | c:    227.08056 | v:   0.49998 | time:     35.61 s
[09:40:53] iter:   59 | beta:  2.00 | change:   0.15377 | c:    227.03288 | v:   0.49998 | time:     36.35 s
[09:40:53] iter:   60 | beta:  2.00 | change:   0.15106 | c:    226.99633 | v:   0.49999 | time:     37.15 s
[09:40:54] iter:   61 | beta:  2.00 | change:   0.14728 | c:    226.96550 | v:   0.49999 | time:     37.77 s
[09:40:55] iter:   62 | beta:  2.00 | change:   0.14292 | c:    226.93820 | v:   0.49999 | time:     38.34 s
[09:40:55] iter:   63 | beta:  2.00 | change:   0.13247 | c:    226.91417 | v:   0.49999 | time:     38.95 s
[09:40:56] iter:   64 | beta:  2.00 | change:   0.12632 | c:    226.89263 | v:   0.49999 | time:     39.58 s
[09:40:56] iter:   65 | beta:  2.00 | change:   0.12403 | c:    226.87225 | v:   0.49999 | time:     40.18 s
[09:40:57] iter:   66 | beta:  2.00 | change:   0.13847 | c:    226.85245 | v:   0.49999 | time:     40.86 s
[09:40:58] iter:   67 | beta:  2.00 | change:   0.13600 | c:    226.83325 | v:   0.49999 | time:     41.76 s
[09:40:59] iter:   68 | beta:  2.00 | change:   0.13206 | c:    226.81477 | v:   0.49999 | time:     42.44 s
[09:41:00] iter:   69 | beta:  2.00 | change:   0.12388 | c:    226.79751 | v:   0.49999 | time:     43.29 s
[09:41:00] iter:   70 | beta:  2.00 | change:   0.12085 | c:    226.78133 | v:   0.49999 | time:     44.00 s
[09:41:01] iter:   71 | beta:  2.00 | change:   0.11655 | c:    226.76576 | v:   0.49999 | time:     44.74 s
[09:41:02] iter:   72 | beta:  2.00 | change:   0.11980 | c:    226.75072 | v:   0.49999 | time:     45.44 s
[09:41:02] iter:   73 | beta:  2.00 | change:   0.11863 | c:    226.73621 | v:   0.49999 | time:     46.14 s
[09:41:03] iter:   74 | beta:  2.00 | change:   0.11658 | c:    226.72224 | v:   0.49999 | time:     46.83 s
[09:41:04] iter:   75 | beta:  2.00 | change:   0.11398 | c:    226.70856 | v:   0.49999 | time:     47.67 s
[09:41:05] iter:   76 | beta:  2.00 | change:   0.10970 | c:    226.69511 | v:   0.49999 | time:     48.37 s
[09:41:05] iter:   77 | beta:  2.00 | change:   0.11422 | c:    226.68175 | v:   0.49999 | time:     49.08 s
[09:41:06] iter:   78 | beta:  2.00 | change:   0.11434 | c:    226.66852 | v:   0.49999 | time:     49.75 s
[09:41:07] iter:   79 | beta:  2.00 | change:   0.11368 | c:    226.65563 | v:   0.49999 | time:     50.44 s
[09:41:07] iter:   80 | beta:  2.00 | change:   0.11257 | c:    226.64309 | v:   0.49999 | time:     51.12 s
[09:41:08] iter:   81 | beta:  2.00 | change:   0.10423 | c:    226.63075 | v:   0.49999 | time:     51.76 s
[09:41:09] iter:   82 | beta:  2.00 | change:   0.10720 | c:    226.61878 | v:   0.49999 | time:     52.40 s
[09:41:09] iter:   83 | beta:  2.00 | change:   0.11229 | c:    226.60680 | v:   0.49999 | time:     53.06 s
[09:41:10] iter:   84 | beta:  2.00 | change:   0.11265 | c:    226.59496 | v:   0.50000 | time:     53.70 s
[09:41:11] iter:   85 | beta:  2.00 | change:   0.10974 | c:    226.58340 | v:   0.50000 | time:     54.34 s
[09:41:11] iter:   86 | beta:  2.00 | change:   0.10688 | c:    226.57225 | v:   0.50000 | time:     54.98 s
[09:41:12] iter:   87 | beta:  2.00 | change:   0.09948 | c:    226.56133 | v:   0.50000 | time:     55.61 s
[09:41:13] iter:   88 | beta:  2.00 | change:   0.10102 | c:    226.55088 | v:   0.50000 | time:     56.27 s
[09:41:13] iter:   89 | beta:  2.00 | change:   0.10576 | c:    226.54036 | v:   0.50000 | time:     56.95 s
[09:41:14] iter:   90 | beta:  2.00 | change:   0.10689 | c:    226.52971 | v:   0.50000 | time:     57.66 s
[09:41:15] iter:   91 | beta:  2.00 | change:   0.10522 | c:    226.51913 | v:   0.50000 | time:     58.30 s
[09:41:15] iter:   92 | beta:  2.00 | change:   0.10308 | c:    226.50875 | v:   0.50000 | time:     58.93 s
[09:41:16] iter:   93 | beta:  2.00 | change:   0.10116 | c:    226.49847 | v:   0.50000 | time:     59.62 s
[09:41:17] iter:   94 | beta:  2.00 | change:   0.09852 | c:    226.48861 | v:   0.50000 | time:     60.29 s
[09:41:17] iter:   95 | beta:  2.00 | change:   0.09655 | c:    226.47901 | v:   0.50000 | time:     60.91 s
[09:41:18] iter:   96 | beta:  2.00 | change:   0.10289 | c:    226.46924 | v:   0.50000 | time:     61.55 s
[09:41:18] iter:   97 | beta:  2.00 | change:   0.10147 | c:    226.45934 | v:   0.50000 | time:     62.22 s
[09:41:19] iter:   98 | beta:  2.00 | change:   0.09970 | c:    226.44961 | v:   0.50000 | time:     62.80 s
[09:41:20] iter:   99 | beta:  2.00 | change:   0.09731 | c:    226.43980 | v:   0.50000 | time:     63.40 s
[09:41:20] iter:  100 | beta:  2.00 | change:   0.09651 | c:    226.43034 | v:   0.50000 | time:     64.02 s
  Heaviside beta increased to 4.00
[09:41:21] iter:  101 | beta:  4.00 | change:   0.09364 | c:    229.09781 | v:   0.46953 | time:     64.66 s
[09:41:22] iter:  102 | beta:  4.00 | change:   0.19803 | c:    216.80439 | v:   0.50116 | time:     65.31 s
[09:41:22] iter:  103 | beta:  4.00 | change:   0.19070 | c:    216.08195 | v:   0.49965 | time:     65.95 s
[09:41:23] iter:  104 | beta:  4.00 | change:   0.18675 | c:    215.58470 | v:   0.49981 | time:     66.58 s
[09:41:23] iter:  105 | beta:  4.00 | change:   0.18310 | c:    215.31217 | v:   0.49988 | time:     67.21 s
[09:41:24] iter:  106 | beta:  4.00 | change:   0.17060 | c:    215.13855 | v:   0.49992 | time:     67.87 s
[09:41:25] iter:  107 | beta:  4.00 | change:   0.14546 | c:    215.03345 | v:   0.49995 | time:     68.52 s
[09:41:25] iter:  108 | beta:  4.00 | change:   0.14234 | c:    214.96816 | v:   0.49997 | time:     69.17 s
[09:41:26] iter:  109 | beta:  4.00 | change:   0.14051 | c:    214.92835 | v:   0.49998 | time:     69.86 s
[09:41:27] iter:  110 | beta:  4.00 | change:   0.14051 | c:    214.90147 | v:   0.49999 | time:     70.58 s
[09:41:28] iter:  111 | beta:  4.00 | change:   0.12111 | c:    214.88247 | v:   0.49999 | time:     71.32 s
[09:41:28] iter:  112 | beta:  4.00 | change:   0.11075 | c:    214.86802 | v:   0.49999 | time:     72.05 s
[09:41:29] iter:  113 | beta:  4.00 | change:   0.10471 | c:    214.85621 | v:   0.49999 | time:     72.72 s
[09:41:30] iter:  114 | beta:  4.00 | change:   0.10067 | c:    214.84609 | v:   0.49999 | time:     73.38 s
[09:41:30] iter:  115 | beta:  4.00 | change:   0.10132 | c:    214.83715 | v:   0.50000 | time:     74.04 s
[09:41:31] iter:  116 | beta:  4.00 | change:   0.10420 | c:    214.82915 | v:   0.50000 | time:     74.69 s
[09:41:32] iter:  117 | beta:  4.00 | change:   0.09274 | c:    214.82176 | v:   0.50000 | time:     75.34 s
[09:41:32] iter:  118 | beta:  4.00 | change:   0.09284 | c:    214.81475 | v:   0.50000 | time:     76.04 s
[09:41:33] iter:  119 | beta:  4.00 | change:   0.08929 | c:    214.80804 | v:   0.50000 | time:     76.63 s
[09:41:33] iter:  120 | beta:  4.00 | change:   0.08631 | c:    214.80157 | v:   0.50000 | time:     77.24 s
[09:41:34] iter:  121 | beta:  4.00 | change:   0.08288 | c:    214.79534 | v:   0.50000 | time:     77.86 s
[09:41:35] iter:  122 | beta:  4.00 | change:   0.08221 | c:    214.78939 | v:   0.50000 | time:     78.48 s
[09:41:35] iter:  123 | beta:  4.00 | change:   0.08430 | c:    214.78360 | v:   0.50000 | time:     79.09 s
[09:41:36] iter:  124 | beta:  4.00 | change:   0.08658 | c:    214.77788 | v:   0.50000 | time:     79.70 s
[09:41:37] iter:  125 | beta:  4.00 | change:   0.08705 | c:    214.77230 | v:   0.50000 | time:     80.33 s
[09:41:37] iter:  126 | beta:  4.00 | change:   0.07699 | c:    214.76689 | v:   0.50000 | time:     81.01 s
[09:41:38] iter:  127 | beta:  4.00 | change:   0.07335 | c:    214.76170 | v:   0.50000 | time:     81.61 s
[09:41:38] iter:  128 | beta:  4.00 | change:   0.07115 | c:    214.75672 | v:   0.50000 | time:     82.23 s
[09:41:39] iter:  129 | beta:  4.00 | change:   0.07053 | c:    214.75183 | v:   0.50000 | time:     82.86 s
[09:41:40] iter:  130 | beta:  4.00 | change:   0.07282 | c:    214.74708 | v:   0.50000 | time:     83.46 s
[09:41:40] iter:  131 | beta:  4.00 | change:   0.07108 | c:    214.74242 | v:   0.50000 | time:     84.09 s
[09:41:41] iter:  132 | beta:  4.00 | change:   0.06962 | c:    214.73780 | v:   0.50000 | time:     84.79 s
[09:41:42] iter:  133 | beta:  4.00 | change:   0.06788 | c:    214.73326 | v:   0.50000 | time:     85.48 s
[09:41:42] iter:  134 | beta:  4.00 | change:   0.07139 | c:    214.72885 | v:   0.50000 | time:     86.15 s
[09:41:43] iter:  135 | beta:  4.00 | change:   0.06924 | c:    214.72443 | v:   0.50000 | time:     86.80 s
[09:41:44] iter:  136 | beta:  4.00 | change:   0.07234 | c:    214.72014 | v:   0.50000 | time:     87.43 s
[09:41:44] iter:  137 | beta:  4.00 | change:   0.07105 | c:    214.71592 | v:   0.50000 | time:     88.05 s
[09:41:45] iter:  138 | beta:  4.00 | change:   0.07000 | c:    214.71176 | v:   0.50000 | time:     88.68 s
[09:41:46] iter:  139 | beta:  4.00 | change:   0.07166 | c:    214.70765 | v:   0.50000 | time:     89.30 s
[09:41:46] iter:  140 | beta:  4.00 | change:   0.06850 | c:    214.70363 | v:   0.50000 | time:     89.93 s
[09:41:47] iter:  141 | beta:  4.00 | change:   0.07159 | c:    214.69958 | v:   0.50000 | time:     90.54 s
[09:41:47] iter:  142 | beta:  4.00 | change:   0.06881 | c:    214.69563 | v:   0.50000 | time:     91.19 s
[09:41:48] iter:  143 | beta:  4.00 | change:   0.06727 | c:    214.69175 | v:   0.50000 | time:     91.83 s
[09:41:49] iter:  144 | beta:  4.00 | change:   0.06858 | c:    214.68788 | v:   0.50000 | time:     92.49 s
[09:41:49] iter:  145 | beta:  4.00 | change:   0.06722 | c:    214.68410 | v:   0.50000 | time:     93.12 s
[09:41:50] iter:  146 | beta:  4.00 | change:   0.06565 | c:    214.68042 | v:   0.50000 | time:     93.78 s
[09:41:51] iter:  147 | beta:  4.00 | change:   0.06900 | c:    214.67674 | v:   0.50000 | time:     94.44 s
[09:41:51] iter:  148 | beta:  4.00 | change:   0.06640 | c:    214.67317 | v:   0.50000 | time:     95.07 s
[09:41:52] iter:  149 | beta:  4.00 | change:   0.06978 | c:    214.66962 | v:   0.50000 | time:     95.69 s
[09:41:53] iter:  150 | beta:  4.00 | change:   0.06651 | c:    214.66608 | v:   0.50000 | time:     96.34 s
  Heaviside beta increased to 8.00
[09:41:53] iter:  151 | beta:  8.00 | change:   0.06885 | c:    205.06550 | v:   0.49414 | time:     96.93 s
[09:41:54] iter:  152 | beta:  8.00 | change:   0.17640 | c:    203.35267 | v:   0.49997 | time:     97.61 s
[09:41:54] iter:  153 | beta:  8.00 | change:   0.16139 | c:    203.33675 | v:   0.49995 | time:     98.22 s
[09:41:55] iter:  154 | beta:  8.00 | change:   0.14906 | c:    203.31190 | v:   0.49995 | time:     98.80 s
[09:41:56] iter:  155 | beta:  8.00 | change:   0.15148 | c:    203.28938 | v:   0.49997 | time:     99.45 s
[09:41:56] iter:  156 | beta:  8.00 | change:   0.13841 | c:    203.27051 | v:   0.49997 | time:    100.08 s
[09:41:57] iter:  157 | beta:  8.00 | change:   0.12679 | c:    203.25327 | v:   0.49998 | time:    100.69 s
[09:41:58] iter:  158 | beta:  8.00 | change:   0.11099 | c:    203.23806 | v:   0.49999 | time:    101.38 s
[09:41:58] iter:  159 | beta:  8.00 | change:   0.09429 | c:    203.22910 | v:   0.49999 | time:    102.05 s
[09:41:59] iter:  160 | beta:  8.00 | change:   0.08108 | c:    203.22116 | v:   0.49999 | time:    102.77 s
[09:42:00] iter:  161 | beta:  8.00 | change:   0.07529 | c:    203.21498 | v:   0.50000 | time:    103.59 s
[09:42:01] iter:  162 | beta:  8.00 | change:   0.07821 | c:    203.20950 | v:   0.50000 | time:    104.30 s
[09:42:01] iter:  163 | beta:  8.00 | change:   0.07513 | c:    203.20465 | v:   0.50000 | time:    104.97 s
[09:42:02] iter:  164 | beta:  8.00 | change:   0.07214 | c:    203.20030 | v:   0.50000 | time:    105.62 s
[09:42:02] iter:  165 | beta:  8.00 | change:   0.07286 | c:    203.19638 | v:   0.50000 | time:    106.22 s
[09:42:03] iter:  166 | beta:  8.00 | change:   0.07358 | c:    203.19285 | v:   0.50000 | time:    106.82 s
[09:42:04] iter:  167 | beta:  8.00 | change:   0.07410 | c:    203.18950 | v:   0.50000 | time:    107.43 s
[09:42:04] iter:  168 | beta:  8.00 | change:   0.07404 | c:    203.18632 | v:   0.50000 | time:    108.05 s
[09:42:05] iter:  169 | beta:  8.00 | change:   0.05913 | c:    203.18334 | v:   0.50000 | time:    108.68 s
[09:42:06] iter:  170 | beta:  8.00 | change:   0.06011 | c:    203.18051 | v:   0.50000 | time:    109.32 s
[09:42:06] iter:  171 | beta:  8.00 | change:   0.06140 | c:    203.17773 | v:   0.50000 | time:    109.90 s
[09:42:07] iter:  172 | beta:  8.00 | change:   0.06054 | c:    203.17498 | v:   0.50000 | time:    110.50 s
[09:42:07] iter:  173 | beta:  8.00 | change:   0.05672 | c:    203.17230 | v:   0.50000 | time:    111.09 s
[09:42:08] iter:  174 | beta:  8.00 | change:   0.05757 | c:    203.16973 | v:   0.50000 | time:    111.67 s
[09:42:09] iter:  175 | beta:  8.00 | change:   0.05568 | c:    203.16720 | v:   0.50000 | time:    112.26 s
[09:42:09] iter:  176 | beta:  8.00 | change:   0.05513 | c:    203.16469 | v:   0.50000 | time:    112.85 s
[09:42:10] iter:  177 | beta:  8.00 | change:   0.05685 | c:    203.16220 | v:   0.50000 | time:    113.45 s
[09:42:10] iter:  178 | beta:  8.00 | change:   0.05765 | c:    203.15977 | v:   0.50000 | time:    114.05 s
[09:42:11] iter:  179 | beta:  8.00 | change:   0.05537 | c:    203.15735 | v:   0.50000 | time:    114.67 s
[09:42:12] iter:  180 | beta:  8.00 | change:   0.05066 | c:    203.15496 | v:   0.50000 | time:    115.27 s
[09:42:12] iter:  181 | beta:  8.00 | change:   0.05151 | c:    203.15256 | v:   0.50000 | time:    115.90 s
[09:42:13] iter:  182 | beta:  8.00 | change:   0.05162 | c:    203.15024 | v:   0.50000 | time:    116.52 s
[09:42:13] iter:  183 | beta:  8.00 | change:   0.05194 | c:    203.14786 | v:   0.50000 | time:    117.15 s
[09:42:14] iter:  184 | beta:  8.00 | change:   0.05092 | c:    203.14557 | v:   0.50000 | time:    117.78 s
[09:42:15] iter:  185 | beta:  8.00 | change:   0.04829 | c:    203.14314 | v:   0.50000 | time:    118.43 s
[09:42:15] iter:  186 | beta:  8.00 | change:   0.04605 | c:    203.14076 | v:   0.50000 | time:    119.13 s
[09:42:16] iter:  187 | beta:  8.00 | change:   0.04845 | c:    203.13824 | v:   0.50000 | time:    119.81 s
[09:42:17] iter:  188 | beta:  8.00 | change:   0.04905 | c:    203.13576 | v:   0.50000 | time:    120.53 s
[09:42:17] iter:  189 | beta:  8.00 | change:   0.05102 | c:    203.13329 | v:   0.50000 | time:    121.12 s
[09:42:18] iter:  190 | beta:  8.00 | change:   0.04957 | c:    203.13075 | v:   0.50000 | time:    121.70 s
[09:42:19] iter:  191 | beta:  8.00 | change:   0.04680 | c:    203.12804 | v:   0.50000 | time:    122.29 s
[09:42:19] iter:  192 | beta:  8.00 | change:   0.04583 | c:    203.12532 | v:   0.50000 | time:    122.87 s
[09:42:20] iter:  193 | beta:  8.00 | change:   0.04557 | c:    203.12260 | v:   0.50000 | time:    123.45 s
[09:42:20] iter:  194 | beta:  8.00 | change:   0.04380 | c:    203.11991 | v:   0.50000 | time:    124.05 s
[09:42:21] iter:  195 | beta:  8.00 | change:   0.04553 | c:    203.11719 | v:   0.50000 | time:    124.66 s
[09:42:22] iter:  196 | beta:  8.00 | change:   0.04578 | c:    203.11441 | v:   0.50000 | time:    125.29 s
[09:42:22] iter:  197 | beta:  8.00 | change:   0.04600 | c:    203.11155 | v:   0.50000 | time:    125.95 s
[09:42:23] iter:  198 | beta:  8.00 | change:   0.04406 | c:    203.10875 | v:   0.50000 | time:    126.57 s
[09:42:23] iter:  199 | beta:  8.00 | change:   0.04469 | c:    203.10597 | v:   0.50000 | time:    127.20 s
[09:42:24] iter:  200 | beta:  8.00 | change:   0.04563 | c:    203.10317 | v:   0.50000 | time:    127.85 s
  Heaviside beta increased to 16.00
[09:42:25] iter:  201 | beta: 16.00 | change:   0.04570 | c:    193.89441 | v:   0.50448 | time:    128.58 s
[09:42:25] iter:  202 | beta: 16.00 | change:   0.18467 | c:    195.95265 | v:   0.49860 | time:    129.18 s
[09:42:26] iter:  203 | beta: 16.00 | change:   0.19342 | c:    196.12498 | v:   0.49885 | time:    129.79 s
[09:42:27] iter:  204 | beta: 16.00 | change:   0.19442 | c:    196.64982 | v:   0.49816 | time:    130.41 s
[09:42:27] iter:  205 | beta: 16.00 | change:   0.19790 | c:    197.27141 | v:   0.49728 | time:    131.04 s
[09:42:28] iter:  206 | beta: 16.00 | change:   0.19440 | c:    196.74330 | v:   0.49773 | time:    131.68 s
[09:42:29] iter:  207 | beta: 16.00 | change:   0.18939 | c:    196.27259 | v:   0.49865 | time:    132.36 s
[09:42:29] iter:  208 | beta: 16.00 | change:   0.16589 | c:    195.82716 | v:   0.49903 | time:    133.06 s
[09:42:30] iter:  209 | beta: 16.00 | change:   0.09959 | c:    195.48361 | v:   0.49985 | time:    133.69 s
[09:42:31] iter:  210 | beta: 16.00 | change:   0.06784 | c:    195.43113 | v:   0.49998 | time:    134.48 s
[09:42:32] iter:  211 | beta: 16.00 | change:   0.09202 | c:    195.42248 | v:   0.49999 | time:    135.26 s
[09:42:32] iter:  212 | beta: 16.00 | change:   0.06624 | c:    195.41787 | v:   0.49999 | time:    135.96 s
[09:42:33] iter:  213 | beta: 16.00 | change:   0.05895 | c:    195.41361 | v:   0.49999 | time:    136.60 s
[09:42:34] iter:  214 | beta: 16.00 | change:   0.06037 | c:    195.40979 | v:   0.49999 | time:    137.29 s
[09:42:34] iter:  215 | beta: 16.00 | change:   0.06282 | c:    195.40635 | v:   0.49999 | time:    138.02 s
[09:42:35] iter:  216 | beta: 16.00 | change:   0.05732 | c:    195.40309 | v:   0.50000 | time:    138.71 s
[09:42:36] iter:  217 | beta: 16.00 | change:   0.05476 | c:    195.39989 | v:   0.50000 | time:    139.31 s
[09:42:36] iter:  218 | beta: 16.00 | change:   0.05187 | c:    195.39679 | v:   0.50000 | time:    139.97 s
[09:42:37] iter:  219 | beta: 16.00 | change:   0.05123 | c:    195.39387 | v:   0.50000 | time:    140.57 s
[09:42:37] iter:  220 | beta: 16.00 | change:   0.05237 | c:    195.39155 | v:   0.49999 | time:    141.20 s
[09:42:38] iter:  221 | beta: 16.00 | change:   0.05300 | c:    195.38947 | v:   0.49999 | time:    141.82 s
[09:42:39] iter:  222 | beta: 16.00 | change:   0.05396 | c:    195.38800 | v:   0.49999 | time:    142.46 s
[09:42:39] iter:  223 | beta: 16.00 | change:   0.05386 | c:    195.38397 | v:   0.49999 | time:    143.05 s
[09:42:40] iter:  224 | beta: 16.00 | change:   0.05616 | c:    195.38070 | v:   0.49999 | time:    143.67 s
[09:42:41] iter:  225 | beta: 16.00 | change:   0.05658 | c:    195.37943 | v:   0.49999 | time:    144.31 s
[09:42:41] iter:  226 | beta: 16.00 | change:   0.10687 | c:    195.38512 | v:   0.49998 | time:    144.96 s
[09:42:42] iter:  227 | beta: 16.00 | change:   0.12038 | c:    195.39803 | v:   0.49994 | time:    145.64 s
[09:42:43] iter:  228 | beta: 16.00 | change:   0.15549 | c:    195.40055 | v:   0.49993 | time:    146.28 s
[09:42:43] iter:  229 | beta: 16.00 | change:   0.10889 | c:    195.38591 | v:   0.49995 | time:    147.02 s
[09:42:44] iter:  230 | beta: 16.00 | change:   0.07605 | c:    195.36983 | v:   0.49998 | time:    147.77 s
[09:42:45] iter:  231 | beta: 16.00 | change:   0.05013 | c:    195.36302 | v:   0.50000 | time:    148.50 s
[09:42:46] iter:  232 | beta: 16.00 | change:   0.04877 | c:    195.36008 | v:   0.50000 | time:    149.30 s
[09:42:46] iter:  233 | beta: 16.00 | change:   0.04749 | c:    195.35771 | v:   0.50000 | time:    150.08 s
[09:42:47] iter:  234 | beta: 16.00 | change:   0.04399 | c:    195.35530 | v:   0.50000 | time:    150.78 s
[09:42:48] iter:  235 | beta: 16.00 | change:   0.04745 | c:    195.35289 | v:   0.50000 | time:    151.43 s
[09:42:48] iter:  236 | beta: 16.00 | change:   0.04506 | c:    195.35045 | v:   0.50000 | time:    152.06 s
[09:42:49] iter:  237 | beta: 16.00 | change:   0.04561 | c:    195.34804 | v:   0.50000 | time:    152.72 s
[09:42:50] iter:  238 | beta: 16.00 | change:   0.05103 | c:    195.34560 | v:   0.50000 | time:    153.38 s
[09:42:50] iter:  239 | beta: 16.00 | change:   0.05551 | c:    195.34315 | v:   0.50000 | time:    154.01 s
[09:42:51] iter:  240 | beta: 16.00 | change:   0.05162 | c:    195.34077 | v:   0.50000 | time:    154.65 s
[09:42:52] iter:  241 | beta: 16.00 | change:   0.04108 | c:    195.33841 | v:   0.50000 | time:    155.28 s
[09:42:52] iter:  242 | beta: 16.00 | change:   0.04154 | c:    195.33607 | v:   0.50000 | time:    155.99 s
[09:42:53] iter:  243 | beta: 16.00 | change:   0.04537 | c:    195.33377 | v:   0.50000 | time:    156.69 s
[09:42:54] iter:  244 | beta: 16.00 | change:   0.05231 | c:    195.33155 | v:   0.50000 | time:    157.31 s
[09:42:54] iter:  245 | beta: 16.00 | change:   0.05311 | c:    195.32963 | v:   0.50000 | time:    157.91 s
[09:42:55] iter:  246 | beta: 16.00 | change:   0.04511 | c:    195.32739 | v:   0.50000 | time:    158.62 s
[09:42:56] iter:  247 | beta: 16.00 | change:   0.04969 | c:    195.32520 | v:   0.50000 | time:    159.36 s
[09:42:56] iter:  248 | beta: 16.00 | change:   0.04453 | c:    195.32282 | v:   0.50000 | time:    160.13 s
[09:42:57] iter:  249 | beta: 16.00 | change:   0.06256 | c:    195.32091 | v:   0.50000 | time:    160.82 s
[09:42:58] iter:  250 | beta: 16.00 | change:   0.06542 | c:    195.31846 | v:   0.50000 | time:    161.54 s
[09:42:59] iter:  251 | beta: 16.00 | change:   0.05603 | c:    195.31574 | v:   0.50000 | time:    162.35 s
[09:42:59] iter:  252 | beta: 16.00 | change:   0.03811 | c:    195.31328 | v:   0.50000 | time:    163.03 s
[09:43:00] iter:  253 | beta: 16.00 | change:   0.04244 | c:    195.31078 | v:   0.50000 | time:    163.74 s
[09:43:01] iter:  254 | beta: 16.00 | change:   0.03993 | c:    195.30843 | v:   0.50000 | time:    164.47 s
[09:43:01] iter:  255 | beta: 16.00 | change:   0.04017 | c:    195.30609 | v:   0.50000 | time:    165.20 s
[09:43:02] iter:  256 | beta: 16.00 | change:   0.03614 | c:    195.30380 | v:   0.50000 | time:    165.92 s
[09:43:03] iter:  257 | beta: 16.00 | change:   0.03352 | c:    195.30146 | v:   0.50000 | time:    166.57 s
[09:43:03] iter:  258 | beta: 16.00 | change:   0.03419 | c:    195.29915 | v:   0.50000 | time:    167.23 s
[09:43:04] iter:  259 | beta: 16.00 | change:   0.03422 | c:    195.29676 | v:   0.50000 | time:    167.84 s
[09:43:05] iter:  260 | beta: 16.00 | change:   0.03426 | c:    195.29442 | v:   0.50000 | time:    168.43 s
[09:43:05] iter:  261 | beta: 16.00 | change:   0.03301 | c:    195.29212 | v:   0.50000 | time:    168.99 s
[09:43:06] iter:  262 | beta: 16.00 | change:   0.03400 | c:    195.28991 | v:   0.50000 | time:    169.55 s
[09:43:06] iter:  263 | beta: 16.00 | change:   0.03454 | c:    195.28761 | v:   0.50000 | time:    170.14 s
[09:43:07] iter:  264 | beta: 16.00 | change:   0.03557 | c:    195.28537 | v:   0.50000 | time:    170.72 s
[09:43:08] iter:  265 | beta: 16.00 | change:   0.03582 | c:    195.28309 | v:   0.50000 | time:    171.31 s
[09:43:08] iter:  266 | beta: 16.00 | change:   0.03712 | c:    195.28093 | v:   0.50000 | time:    171.91 s
[09:43:09] iter:  267 | beta: 16.00 | change:   0.03409 | c:    195.27875 | v:   0.50000 | time:    172.51 s
[09:43:09] iter:  268 | beta: 16.00 | change:   0.03639 | c:    195.27667 | v:   0.50000 | time:    173.24 s
[09:43:10] iter:  269 | beta: 16.00 | change:   0.03329 | c:    195.27447 | v:   0.50000 | time:    173.86 s
[09:43:11] iter:  270 | beta: 16.00 | change:   0.03312 | c:    195.27238 | v:   0.50000 | time:    174.56 s
[09:43:11] iter:  271 | beta: 16.00 | change:   0.03205 | c:    195.27020 | v:   0.50000 | time:    175.17 s
[09:43:12] iter:  272 | beta: 16.00 | change:   0.03320 | c:    195.26806 | v:   0.50000 | time:    175.85 s
[09:43:13] iter:  273 | beta: 16.00 | change:   0.02912 | c:    195.26600 | v:   0.50000 | time:    176.64 s
[09:43:14] iter:  274 | beta: 16.00 | change:   0.03219 | c:    195.26386 | v:   0.50000 | time:    177.42 s
[09:43:14] iter:  275 | beta: 16.00 | change:   0.02965 | c:    195.26175 | v:   0.50000 | time:    178.05 s
[09:43:15] iter:  276 | beta: 16.00 | change:   0.03025 | c:    195.25963 | v:   0.50000 | time:    178.65 s
[09:43:16] iter:  277 | beta: 16.00 | change:   0.03009 | c:    195.25757 | v:   0.50000 | time:    179.27 s
[09:43:16] iter:  278 | beta: 16.00 | change:   0.03076 | c:    195.25554 | v:   0.50000 | time:    179.84 s
[09:43:17] iter:  279 | beta: 16.00 | change:   0.02857 | c:    195.25350 | v:   0.50000 | time:    180.43 s
[09:43:17] iter:  280 | beta: 16.00 | change:   0.02906 | c:    195.25146 | v:   0.50000 | time:    181.04 s
[09:43:18] iter:  281 | beta: 16.00 | change:   0.02962 | c:    195.24942 | v:   0.50000 | time:    181.68 s
[09:43:19] iter:  282 | beta: 16.00 | change:   0.03008 | c:    195.24740 | v:   0.50000 | time:    182.38 s
[09:43:19] iter:  283 | beta: 16.00 | change:   0.03062 | c:    195.24542 | v:   0.50000 | time:    182.97 s
[09:43:20] iter:  284 | beta: 16.00 | change:   0.03106 | c:    195.24343 | v:   0.50000 | time:    183.55 s
[09:43:20] iter:  285 | beta: 16.00 | change:   0.03155 | c:    195.24151 | v:   0.50000 | time:    184.12 s
[09:43:21] iter:  286 | beta: 16.00 | change:   0.02881 | c:    195.23951 | v:   0.50000 | time:    184.68 s
[09:43:22] iter:  287 | beta: 16.00 | change:   0.02568 | c:    195.23758 | v:   0.50000 | time:    185.29 s
[09:43:22] iter:  288 | beta: 16.00 | change:   0.02618 | c:    195.23563 | v:   0.50000 | time:    185.86 s
[09:43:23] iter:  289 | beta: 16.00 | change:   0.02631 | c:    195.23379 | v:   0.50000 | time:    186.46 s
[09:43:23] iter:  290 | beta: 16.00 | change:   0.02481 | c:    195.23187 | v:   0.50000 | time:    187.04 s
[09:43:24] iter:  291 | beta: 16.00 | change:   0.02543 | c:    195.23001 | v:   0.50000 | time:    187.63 s
[09:43:24] iter:  292 | beta: 16.00 | change:   0.02582 | c:    195.22807 | v:   0.50000 | time:    188.23 s
[09:43:25] iter:  293 | beta: 16.00 | change:   0.02569 | c:    195.22621 | v:   0.50000 | time:    188.79 s
[09:43:26] iter:  294 | beta: 16.00 | change:   0.02586 | c:    195.22441 | v:   0.50000 | time:    189.34 s
[09:43:26] iter:  295 | beta: 16.00 | change:   0.02498 | c:    195.22263 | v:   0.50000 | time:    189.92 s
[09:43:27] iter:  296 | beta: 16.00 | change:   0.02768 | c:    195.22075 | v:   0.50000 | time:    190.47 s
[09:43:27] iter:  297 | beta: 16.00 | change:   0.02395 | c:    195.21894 | v:   0.50000 | time:    191.02 s
[09:43:28] iter:  298 | beta: 16.00 | change:   0.02876 | c:    195.21716 | v:   0.50000 | time:    191.60 s
[09:43:28] iter:  299 | beta: 16.00 | change:   0.02300 | c:    195.21545 | v:   0.50000 | time:    192.16 s
[09:43:29] iter:  300 | beta: 16.00 | change:   0.02515 | c:    195.21376 | v:   0.50000 | time:    192.81 s
[09:43:30] iter:  301 | beta: 16.00 | change:   0.02449 | c:    195.21201 | v:   0.50000 | time:    193.41 s
[09:43:30] iter:  302 | beta: 16.00 | change:   0.02474 | c:    195.21025 | v:   0.50000 | time:    193.97 s
[09:43:31] iter:  303 | beta: 16.00 | change:   0.02212 | c:    195.20856 | v:   0.50000 | time:    194.53 s
[09:43:31] iter:  304 | beta: 16.00 | change:   0.02178 | c:    195.20691 | v:   0.50000 | time:    195.09 s
[09:43:32] iter:  305 | beta: 16.00 | change:   0.02206 | c:    195.20530 | v:   0.50000 | time:    195.78 s
[09:43:33] iter:  306 | beta: 16.00 | change:   0.02169 | c:    195.20368 | v:   0.50000 | time:    196.48 s
[09:43:33] iter:  307 | beta: 16.00 | change:   0.02189 | c:    195.20199 | v:   0.50000 | time:    197.08 s
[09:43:34] iter:  308 | beta: 16.00 | change:   0.02219 | c:    195.20034 | v:   0.50000 | time:    197.66 s
[09:43:35] iter:  309 | beta: 16.00 | change:   0.02206 | c:    195.19879 | v:   0.50000 | time:    198.28 s
[09:43:35] iter:  310 | beta: 16.00 | change:   0.02117 | c:    195.19725 | v:   0.50000 | time:    198.94 s
[09:43:36] iter:  311 | beta: 16.00 | change:   0.02070 | c:    195.19570 | v:   0.50000 | time:    199.52 s
[09:43:36] iter:  312 | beta: 16.00 | change:   0.02102 | c:    195.19414 | v:   0.50000 | time:    200.14 s
[09:43:37] iter:  313 | beta: 16.00 | change:   0.02135 | c:    195.19257 | v:   0.50000 | time:    200.74 s
[09:43:38] iter:  314 | beta: 16.00 | change:   0.02179 | c:    195.19104 | v:   0.50000 | time:    201.36 s
[09:43:38] iter:  315 | beta: 16.00 | change:   0.02101 | c:    195.18961 | v:   0.50000 | time:    201.97 s
[09:43:39] iter:  316 | beta: 16.00 | change:   0.02218 | c:    195.18817 | v:   0.50000 | time:    202.57 s
[09:43:40] iter:  317 | beta: 16.00 | change:   0.02049 | c:    195.18668 | v:   0.50000 | time:    203.27 s
[09:43:40] iter:  318 | beta: 16.00 | change:   0.02114 | c:    195.18521 | v:   0.50000 | time:    203.99 s
[09:43:41] iter:  319 | beta: 16.00 | change:   0.02089 | c:    195.18372 | v:   0.50000 | time:    204.63 s
[09:43:42] iter:  320 | beta: 16.00 | change:   0.02197 | c:    195.18231 | v:   0.50000 | time:    205.32 s
[09:43:42] iter:  321 | beta: 16.00 | change:   0.02116 | c:    195.18098 | v:   0.50000 | time:    205.99 s
[09:43:43] iter:  322 | beta: 16.00 | change:   0.02264 | c:    195.17959 | v:   0.50000 | time:    206.69 s
[09:43:44] iter:  323 | beta: 16.00 | change:   0.02199 | c:    195.17817 | v:   0.50000 | time:    207.28 s
[09:43:44] iter:  324 | beta: 16.00 | change:   0.02284 | c:    195.17681 | v:   0.50000 | time:    207.87 s
[09:43:45] iter:  325 | beta: 16.00 | change:   0.02277 | c:    195.17544 | v:   0.50000 | time:    208.46 s
[09:43:45] iter:  326 | beta: 16.00 | change:   0.02317 | c:    195.17413 | v:   0.50000 | time:    209.03 s
[09:43:46] iter:  327 | beta: 16.00 | change:   0.02330 | c:    195.17289 | v:   0.50000 | time:    209.63 s
[09:43:46] iter:  328 | beta: 16.00 | change:   0.02360 | c:    195.17159 | v:   0.50000 | time:    210.22 s
[09:43:47] iter:  329 | beta: 16.00 | change:   0.02172 | c:    195.17028 | v:   0.50000 | time:    210.84 s
[09:43:48] iter:  330 | beta: 16.00 | change:   0.01959 | c:    195.16902 | v:   0.50000 | time:    211.46 s
[09:43:48] iter:  331 | beta: 16.00 | change:   0.01977 | c:    195.16778 | v:   0.50000 | time:    212.06 s
[09:43:49] iter:  332 | beta: 16.00 | change:   0.01804 | c:    195.16658 | v:   0.50000 | time:    212.67 s
[09:43:50] iter:  333 | beta: 16.00 | change:   0.01772 | c:    195.16543 | v:   0.50000 | time:    213.27 s
[09:43:50] iter:  334 | beta: 16.00 | change:   0.01805 | c:    195.16417 | v:   0.50000 | time:    213.87 s
[09:43:51] iter:  335 | beta: 16.00 | change:   0.01816 | c:    195.16297 | v:   0.50000 | time:    214.49 s
[09:43:51] iter:  336 | beta: 16.00 | change:   0.01862 | c:    195.16182 | v:   0.50000 | time:    215.16 s
[09:43:52] iter:  337 | beta: 16.00 | change:   0.01863 | c:    195.16065 | v:   0.50000 | time:    215.77 s
[09:43:53] iter:  338 | beta: 16.00 | change:   0.01918 | c:    195.15951 | v:   0.50000 | time:    216.39 s
[09:43:53] iter:  339 | beta: 16.00 | change:   0.01896 | c:    195.15842 | v:   0.50000 | time:    216.96 s
[09:43:54] iter:  340 | beta: 16.00 | change:   0.01979 | c:    195.15727 | v:   0.50000 | time:    217.55 s
[09:43:54] iter:  341 | beta: 16.00 | change:   0.01820 | c:    195.15615 | v:   0.50000 | time:    218.19 s
[09:43:55] iter:  342 | beta: 16.00 | change:   0.01859 | c:    195.15509 | v:   0.50000 | time:    218.80 s
[09:43:56] iter:  343 | beta: 16.00 | change:   0.01840 | c:    195.15400 | v:   0.50000 | time:    219.39 s
[09:43:56] iter:  344 | beta: 16.00 | change:   0.01855 | c:    195.15293 | v:   0.50000 | time:    219.97 s
[09:43:57] iter:  345 | beta: 16.00 | change:   0.01849 | c:    195.15189 | v:   0.50000 | time:    220.65 s
[09:43:58] iter:  346 | beta: 16.00 | change:   0.01883 | c:    195.15083 | v:   0.50000 | time:    221.29 s
[09:43:58] iter:  347 | beta: 16.00 | change:   0.01900 | c:    195.14981 | v:   0.50000 | time:    221.87 s
[09:43:59] iter:  348 | beta: 16.00 | change:   0.01935 | c:    195.14881 | v:   0.50000 | time:    222.45 s
[09:43:59] iter:  349 | beta: 16.00 | change:   0.01953 | c:    195.14777 | v:   0.50000 | time:    223.04 s
[09:44:00] iter:  350 | beta: 16.00 | change:   0.01999 | c:    195.14677 | v:   0.50000 | time:    223.62 s
[09:44:00] iter:  351 | beta: 16.00 | change:   0.01862 | c:    195.14582 | v:   0.50000 | time:    224.21 s
[09:44:01] iter:  352 | beta: 16.00 | change:   0.01847 | c:    195.14480 | v:   0.50000 | time:    224.78 s
[09:44:02] iter:  353 | beta: 16.00 | change:   0.01824 | c:    195.14384 | v:   0.50000 | time:    225.37 s
[09:44:02] iter:  354 | beta: 16.00 | change:   0.01905 | c:    195.14290 | v:   0.50000 | time:    225.95 s
[09:44:03] iter:  355 | beta: 16.00 | change:   0.01782 | c:    195.14193 | v:   0.50000 | time:    226.55 s
[09:44:03] iter:  356 | beta: 16.00 | change:   0.01818 | c:    195.14099 | v:   0.50000 | time:    227.13 s
[09:44:04] iter:  357 | beta: 16.00 | change:   0.01803 | c:    195.14012 | v:   0.50000 | time:    227.72 s
[09:44:05] iter:  358 | beta: 16.00 | change:   0.01841 | c:    195.13916 | v:   0.50000 | time:    228.28 s
[09:44:05] iter:  359 | beta: 16.00 | change:   0.01838 | c:    195.13824 | v:   0.50000 | time:    228.86 s
[09:44:06] iter:  360 | beta: 16.00 | change:   0.01853 | c:    195.13739 | v:   0.50000 | time:    229.44 s
[09:44:06] iter:  361 | beta: 16.00 | change:   0.01750 | c:    195.13648 | v:   0.50000 | time:    230.02 s
[09:44:07] iter:  362 | beta: 16.00 | change:   0.01852 | c:    195.13562 | v:   0.50000 | time:    230.61 s
[09:44:07] iter:  363 | beta: 16.00 | change:   0.01811 | c:    195.13478 | v:   0.50000 | time:    231.20 s
[09:44:08] iter:  364 | beta: 16.00 | change:   0.01880 | c:    195.13388 | v:   0.50000 | time:    231.82 s
[09:44:09] iter:  365 | beta: 16.00 | change:   0.01859 | c:    195.13303 | v:   0.50000 | time:    232.45 s
[09:44:09] iter:  366 | beta: 16.00 | change:   0.01814 | c:    195.13225 | v:   0.50000 | time:    233.04 s
[09:44:10] iter:  367 | beta: 16.00 | change:   0.01683 | c:    195.13139 | v:   0.50000 | time:    233.65 s
[09:44:11] iter:  368 | beta: 16.00 | change:   0.01627 | c:    195.13057 | v:   0.50000 | time:    234.27 s
[09:44:11] iter:  369 | beta: 16.00 | change:   0.01630 | c:    195.12979 | v:   0.50000 | time:    234.86 s
[09:44:12] iter:  370 | beta: 16.00 | change:   0.01648 | c:    195.12893 | v:   0.50000 | time:    235.46 s
[09:44:12] iter:  371 | beta: 16.00 | change:   0.01488 | c:    195.12816 | v:   0.50000 | time:    236.05 s
[09:44:13] iter:  372 | beta: 16.00 | change:   0.01544 | c:    195.12741 | v:   0.50000 | time:    236.64 s
[09:44:13] iter:  373 | beta: 16.00 | change:   0.01532 | c:    195.12661 | v:   0.50000 | time:    237.23 s
[09:44:14] iter:  374 | beta: 16.00 | change:   0.01573 | c:    195.12583 | v:   0.50000 | time:    237.84 s
[09:44:15] iter:  375 | beta: 16.00 | change:   0.01566 | c:    195.12511 | v:   0.50000 | time:    238.47 s
[09:44:15] iter:  376 | beta: 16.00 | change:   0.01596 | c:    195.12429 | v:   0.50000 | time:    239.09 s
[09:44:16] iter:  377 | beta: 16.00 | change:   0.01587 | c:    195.12357 | v:   0.50000 | time:    239.96 s
[09:44:17] iter:  378 | beta: 16.00 | change:   0.01637 | c:    195.12289 | v:   0.50000 | time:    240.59 s
[09:44:17] iter:  379 | beta: 16.00 | change:   0.01613 | c:    195.12212 | v:   0.50000 | time:    241.18 s
[09:44:18] iter:  380 | beta: 16.00 | change:   0.01672 | c:    195.12138 | v:   0.50000 | time:    241.78 s
[09:44:19] iter:  381 | beta: 16.00 | change:   0.01644 | c:    195.12070 | v:   0.50000 | time:    242.38 s
[09:44:19] iter:  382 | beta: 16.00 | change:   0.01692 | c:    195.11994 | v:   0.50000 | time:    243.11 s
[09:44:20] iter:  383 | beta: 16.00 | change:   0.01677 | c:    195.11927 | v:   0.50000 | time:    243.82 s
[09:44:21] iter:  384 | beta: 16.00 | change:   0.01709 | c:    195.11861 | v:   0.50000 | time:    244.48 s
[09:44:21] iter:  385 | beta: 16.00 | change:   0.01709 | c:    195.11785 | v:   0.50000 | time:    245.11 s
[09:44:22] iter:  386 | beta: 16.00 | change:   0.01728 | c:    195.11717 | v:   0.50000 | time:    245.73 s
[09:44:23] iter:  387 | beta: 16.00 | change:   0.01718 | c:    195.11652 | v:   0.50000 | time:    246.34 s
[09:44:23] iter:  388 | beta: 16.00 | change:   0.01543 | c:    195.11580 | v:   0.50000 | time:    246.92 s
[09:44:24] iter:  389 | beta: 16.00 | change:   0.01455 | c:    195.11516 | v:   0.50000 | time:    247.52 s
[09:44:24] iter:  390 | beta: 16.00 | change:   0.01486 | c:    195.11455 | v:   0.50000 | time:    248.12 s
[09:44:25] iter:  391 | beta: 16.00 | change:   0.01486 | c:    195.11383 | v:   0.50000 | time:    248.73 s
[09:44:26] iter:  392 | beta: 16.00 | change:   0.01523 | c:    195.11319 | v:   0.50000 | time:    249.37 s
[09:44:26] iter:  393 | beta: 16.00 | change:   0.01510 | c:    195.11258 | v:   0.50000 | time:    249.96 s
[09:44:27] iter:  394 | beta: 16.00 | change:   0.01513 | c:    195.11191 | v:   0.50000 | time:    250.54 s
[09:44:27] iter:  395 | beta: 16.00 | change:   0.01468 | c:    195.11131 | v:   0.50000 | time:    251.14 s
[09:44:28] iter:  396 | beta: 16.00 | change:   0.01480 | c:    195.11073 | v:   0.50000 | time:    251.74 s
[09:44:29] iter:  397 | beta: 16.00 | change:   0.01503 | c:    195.11005 | v:   0.50000 | time:    252.34 s
[09:44:29] iter:  398 | beta: 16.00 | change:   0.01510 | c:    195.10944 | v:   0.50000 | time:    252.93 s
[09:44:30] iter:  399 | beta: 16.00 | change:   0.01452 | c:    195.10887 | v:   0.50000 | time:    253.54 s
[09:44:30] iter:  400 | beta: 16.00 | change:   0.01507 | c:    195.10824 | v:   0.50000 | time:    254.16 s
[09:44:31] iter:  401 | beta: 16.00 | change:   0.01490 | c:    195.10768 | v:   0.50000 | time:    254.78 s
[09:44:32] iter:  402 | beta: 16.00 | change:   0.01525 | c:    195.10712 | v:   0.50000 | time:    255.39 s
[09:44:32] iter:  403 | beta: 16.00 | change:   0.01526 | c:    195.10647 | v:   0.50000 | time:    255.98 s
[09:44:33] iter:  404 | beta: 16.00 | change:   0.01550 | c:    195.10590 | v:   0.50000 | time:    256.56 s
[09:44:33] iter:  405 | beta: 16.00 | change:   0.01556 | c:    195.10537 | v:   0.50000 | time:    257.15 s
[09:44:34] iter:  406 | beta: 16.00 | change:   0.01568 | c:    195.10477 | v:   0.50000 | time:    257.75 s
[09:44:35] iter:  407 | beta: 16.00 | change:   0.01583 | c:    195.10424 | v:   0.50000 | time:    258.34 s
[09:44:35] iter:  408 | beta: 16.00 | change:   0.01538 | c:    195.10372 | v:   0.50000 | time:    258.95 s
[09:44:36] iter:  409 | beta: 16.00 | change:   0.01440 | c:    195.10308 | v:   0.50000 | time:    259.54 s
[09:44:36] iter:  410 | beta: 16.00 | change:   0.01454 | c:    195.10254 | v:   0.50000 | time:    260.18 s
[09:44:37] iter:  411 | beta: 16.00 | change:   0.01470 | c:    195.10204 | v:   0.50000 | time:    260.80 s
[09:44:38] iter:  412 | beta: 16.00 | change:   0.01461 | c:    195.10146 | v:   0.50000 | time:    261.38 s
[09:44:38] iter:  413 | beta: 16.00 | change:   0.01398 | c:    195.10094 | v:   0.50000 | time:    261.98 s
[09:44:39] iter:  414 | beta: 16.00 | change:   0.01427 | c:    195.10043 | v:   0.50000 | time:    262.57 s
[09:44:39] iter:  415 | beta: 16.00 | change:   0.01423 | c:    195.09981 | v:   0.50000 | time:    263.15 s
[09:44:40] iter:  416 | beta: 16.00 | change:   0.01459 | c:    195.09931 | v:   0.50000 | time:    263.75 s
[09:44:41] iter:  417 | beta: 16.00 | change:   0.01348 | c:    195.09886 | v:   0.50000 | time:    264.39 s
[09:44:41] iter:  418 | beta: 16.00 | change:   0.01330 | c:    195.09831 | v:   0.50000 | time:    265.08 s
[09:44:42] iter:  419 | beta: 16.00 | change:   0.01337 | c:    195.09781 | v:   0.50000 | time:    265.81 s
[09:44:43] iter:  420 | beta: 16.00 | change:   0.01348 | c:    195.09732 | v:   0.50000 | time:    266.45 s
[09:44:43] iter:  421 | beta: 16.00 | change:   0.01361 | c:    195.09675 | v:   0.50000 | time:    267.06 s
[09:44:44] iter:  422 | beta: 16.00 | change:   0.01369 | c:    195.09628 | v:   0.50000 | time:    267.68 s
[09:44:45] iter:  423 | beta: 16.00 | change:   0.01318 | c:    195.09585 | v:   0.50000 | time:    268.29 s
[09:44:45] iter:  424 | beta: 16.00 | change:   0.01287 | c:    195.09531 | v:   0.50000 | time:    268.95 s
[09:44:46] iter:  425 | beta: 16.00 | change:   0.01301 | c:    195.09484 | v:   0.50000 | time:    269.63 s
[09:44:47] iter:  426 | beta: 16.00 | change:   0.01312 | c:    195.09438 | v:   0.50000 | time:    270.26 s
[09:44:47] iter:  427 | beta: 16.00 | change:   0.01327 | c:    195.09382 | v:   0.50000 | time:    270.86 s
[09:44:48] iter:  428 | beta: 16.00 | change:   0.01338 | c:    195.09339 | v:   0.50000 | time:    271.48 s
[09:44:48] iter:  429 | beta: 16.00 | change:   0.01354 | c:    195.09298 | v:   0.50000 | time:    272.12 s
[09:44:49] iter:  430 | beta: 16.00 | change:   0.01366 | c:    195.09244 | v:   0.50000 | time:    272.73 s
[09:44:50] iter:  431 | beta: 16.00 | change:   0.01378 | c:    195.09198 | v:   0.50000 | time:    273.31 s
[09:44:50] iter:  432 | beta: 16.00 | change:   0.01389 | c:    195.09155 | v:   0.50000 | time:    273.92 s
[09:44:51] iter:  433 | beta: 16.00 | change:   0.01253 | c:    195.09102 | v:   0.50000 | time:    274.57 s
[09:44:51] iter:  434 | beta: 16.00 | change:   0.01179 | c:    195.09062 | v:   0.50000 | time:    275.21 s
[09:44:52] iter:  435 | beta: 16.00 | change:   0.01189 | c:    195.09022 | v:   0.50000 | time:    275.82 s
[09:44:53] iter:  436 | beta: 16.00 | change:   0.01203 | c:    195.08971 | v:   0.50000 | time:    276.41 s
[09:44:53] iter:  437 | beta: 16.00 | change:   0.01212 | c:    195.08928 | v:   0.50000 | time:    277.02 s
[09:44:54] iter:  438 | beta: 16.00 | change:   0.01226 | c:    195.08887 | v:   0.50000 | time:    277.63 s
[09:44:54] iter:  439 | beta: 16.00 | change:   0.01232 | c:    195.08836 | v:   0.50000 | time:    278.24 s
[09:44:55] iter:  440 | beta: 16.00 | change:   0.01214 | c:    195.08797 | v:   0.50000 | time:    278.86 s
[09:44:56] iter:  441 | beta: 16.00 | change:   0.01213 | c:    195.08758 | v:   0.50000 | time:    279.54 s
[09:44:56] iter:  442 | beta: 16.00 | change:   0.01244 | c:    195.08708 | v:   0.50000 | time:    280.20 s
[09:44:57] iter:  443 | beta: 16.00 | change:   0.01234 | c:    195.08668 | v:   0.50000 | time:    280.80 s
[09:44:58] iter:  444 | beta: 16.00 | change:   0.01275 | c:    195.08629 | v:   0.50000 | time:    281.41 s
[09:44:58] iter:  445 | beta: 16.00 | change:   0.01258 | c:    195.08580 | v:   0.50000 | time:    282.05 s
[09:44:59] iter:  446 | beta: 16.00 | change:   0.01295 | c:    195.08542 | v:   0.50000 | time:    282.65 s
[09:45:00] iter:  447 | beta: 16.00 | change:   0.01289 | c:    195.08505 | v:   0.50000 | time:    283.31 s
[09:45:00] iter:  448 | beta: 16.00 | change:   0.01313 | c:    195.08458 | v:   0.50000 | time:    283.92 s
[09:45:01] iter:  449 | beta: 16.00 | change:   0.01321 | c:    195.08419 | v:   0.50000 | time:    284.51 s
[09:45:01] iter:  450 | beta: 16.00 | change:   0.01338 | c:    195.08381 | v:   0.50000 | time:    285.13 s
[09:45:02] iter:  451 | beta: 16.00 | change:   0.01343 | c:    195.08332 | v:   0.50000 | time:    285.74 s
[09:45:03] iter:  452 | beta: 16.00 | change:   0.01358 | c:    195.08297 | v:   0.50000 | time:    286.33 s
[09:45:03] iter:  453 | beta: 16.00 | change:   0.01366 | c:    195.08261 | v:   0.50000 | time:    286.92 s
[09:45:04] iter:  454 | beta: 16.00 | change:   0.01380 | c:    195.08215 | v:   0.50000 | time:    287.50 s
[09:45:04] iter:  455 | beta: 16.00 | change:   0.01389 | c:    195.08178 | v:   0.50000 | time:    288.09 s
[09:45:05] iter:  456 | beta: 16.00 | change:   0.01404 | c:    195.08141 | v:   0.50000 | time:    288.69 s
[09:45:06] iter:  457 | beta: 16.00 | change:   0.01407 | c:    195.08095 | v:   0.50000 | time:    289.30 s
[09:45:06] iter:  458 | beta: 16.00 | change:   0.01421 | c:    195.08061 | v:   0.50000 | time:    289.88 s
[09:45:07] iter:  459 | beta: 16.00 | change:   0.01425 | c:    195.08026 | v:   0.50000 | time:    290.46 s
[09:45:07] iter:  460 | beta: 16.00 | change:   0.01354 | c:    195.07982 | v:   0.50000 | time:    291.03 s
[09:45:08] iter:  461 | beta: 16.00 | change:   0.01256 | c:    195.07946 | v:   0.50000 | time:    291.61 s
[09:45:08] iter:  462 | beta: 16.00 | change:   0.01264 | c:    195.07912 | v:   0.50000 | time:    292.18 s
[09:45:09] iter:  463 | beta: 16.00 | change:   0.01280 | c:    195.07868 | v:   0.50000 | time:    292.80 s
[09:45:10] iter:  464 | beta: 16.00 | change:   0.01194 | c:    195.07836 | v:   0.50000 | time:    293.39 s
[09:45:10] iter:  465 | beta: 16.00 | change:   0.01168 | c:    195.07802 | v:   0.50000 | time:    293.98 s
[09:45:11] iter:  466 | beta: 16.00 | change:   0.01178 | c:    195.07759 | v:   0.50000 | time:    294.62 s
[09:45:11] iter:  467 | beta: 16.00 | change:   0.01165 | c:    195.07726 | v:   0.50000 | time:    295.21 s
[09:45:12] iter:  468 | beta: 16.00 | change:   0.01181 | c:    195.07694 | v:   0.50000 | time:    295.80 s
[09:45:13] iter:  469 | beta: 16.00 | change:   0.01175 | c:    195.07651 | v:   0.50000 | time:    296.39 s
[09:45:13] iter:  470 | beta: 16.00 | change:   0.01188 | c:    195.07620 | v:   0.50000 | time:    296.98 s
[09:45:14] iter:  471 | beta: 16.00 | change:   0.01188 | c:    195.07588 | v:   0.50000 | time:    297.58 s
[09:45:14] iter:  472 | beta: 16.00 | change:   0.01195 | c:    195.07548 | v:   0.50000 | time:    298.18 s
[09:45:15] iter:  473 | beta: 16.00 | change:   0.01199 | c:    195.07516 | v:   0.50000 | time:    298.77 s
[09:45:16] iter:  474 | beta: 16.00 | change:   0.01204 | c:    195.07485 | v:   0.50000 | time:    299.36 s
[09:45:16] iter:  475 | beta: 16.00 | change:   0.01204 | c:    195.07444 | v:   0.50000 | time:    299.99 s
[09:45:17] iter:  476 | beta: 16.00 | change:   0.01211 | c:    195.07414 | v:   0.50000 | time:    300.59 s
[09:45:17] iter:  477 | beta: 16.00 | change:   0.01222 | c:    195.07385 | v:   0.50000 | time:    301.18 s
[09:45:18] iter:  478 | beta: 16.00 | change:   0.01231 | c:    195.07344 | v:   0.50000 | time:    301.76 s
[09:45:19] iter:  479 | beta: 16.00 | change:   0.01117 | c:    195.07314 | v:   0.50000 | time:    302.32 s
[09:45:19] iter:  480 | beta: 16.00 | change:   0.01057 | c:    195.07285 | v:   0.50000 | time:    302.91 s
[09:45:20] iter:  481 | beta: 16.00 | change:   0.01055 | c:    195.07246 | v:   0.50000 | time:    303.50 s
[09:45:20] iter:  482 | beta: 16.00 | change:   0.01066 | c:    195.07217 | v:   0.50000 | time:    304.10 s
[09:45:21] iter:  483 | beta: 16.00 | change:   0.01079 | c:    195.07189 | v:   0.50000 | time:    304.69 s
[09:45:22] iter:  484 | beta: 16.00 | change:   0.01043 | c:    195.07150 | v:   0.50000 | time:    305.28 s
[09:45:22] iter:  485 | beta: 16.00 | change:   0.01039 | c:    195.07122 | v:   0.50000 | time:    305.90 s
[09:45:23] iter:  486 | beta: 16.00 | change:   0.01040 | c:    195.07093 | v:   0.50000 | time:    306.49 s
[09:45:23] iter:  487 | beta: 16.00 | change:   0.01051 | c:    195.07056 | v:   0.50000 | time:    307.08 s
[09:45:24] iter:  488 | beta: 16.00 | change:   0.01058 | c:    195.07029 | v:   0.50000 | time:    307.68 s
[09:45:24] iter:  489 | beta: 16.00 | change:   0.01068 | c:    195.07002 | v:   0.50000 | time:    308.26 s
[09:45:25] iter:  490 | beta: 16.00 | change:   0.01076 | c:    195.06964 | v:   0.50000 | time:    308.85 s
[09:45:26] iter:  491 | beta: 16.00 | change:   0.01083 | c:    195.06937 | v:   0.50000 | time:    309.43 s
[09:45:26] iter:  492 | beta: 16.00 | change:   0.01092 | c:    195.06910 | v:   0.50000 | time:    310.03 s
[09:45:27] iter:  493 | beta: 16.00 | change:   0.01103 | c:    195.06874 | v:   0.50000 | time:    310.61 s
[09:45:27] iter:  494 | beta: 16.00 | change:   0.01109 | c:    195.06848 | v:   0.50000 | time:    311.24 s
[09:45:28] iter:  495 | beta: 16.00 | change:   0.01119 | c:    195.06822 | v:   0.50000 | time:    311.87 s
[09:45:29] iter:  496 | beta: 16.00 | change:   0.01126 | c:    195.06785 | v:   0.50000 | time:    312.48 s
[09:45:29] iter:  497 | beta: 16.00 | change:   0.01134 | c:    195.06760 | v:   0.50000 | time:    313.09 s
[09:45:30] iter:  498 | beta: 16.00 | change:   0.01141 | c:    195.06733 | v:   0.50000 | time:    313.68 s
[09:45:31] iter:  499 | beta: 16.00 | change:   0.01151 | c:    195.06699 | v:   0.50000 | time:    314.26 s
[09:45:31] iter:  500 | beta: 16.00 | change:   0.01157 | c:    195.06675 | v:   0.50000 | time:    314.85 s
[09:45:32] iter:  501 | beta: 16.00 | change:   0.01103 | c:    195.06649 | v:   0.50000 | time:    315.46 s
[09:45:32] iter:  502 | beta: 16.00 | change:   0.01115 | c:    195.06614 | v:   0.50000 | time:    316.05 s
[09:45:33] iter:  503 | beta: 16.00 | change:   0.01118 | c:    195.06590 | v:   0.50000 | time:    316.66 s
[09:45:34] iter:  504 | beta: 16.00 | change:   0.01119 | c:    195.06565 | v:   0.50000 | time:    317.27 s
[09:45:34] iter:  505 | beta: 16.00 | change:   0.01122 | c:    195.06531 | v:   0.50000 | time:    317.88 s
[09:45:35] iter:  506 | beta: 16.00 | change:   0.01095 | c:    195.06508 | v:   0.50000 | time:    318.48 s
[09:45:35] iter:  507 | beta: 16.00 | change:   0.01093 | c:    195.06483 | v:   0.50000 | time:    319.09 s
[09:45:36] iter:  508 | beta: 16.00 | change:   0.01107 | c:    195.06450 | v:   0.50000 | time:    319.68 s
[09:45:37] iter:  509 | beta: 16.00 | change:   0.01113 | c:    195.06428 | v:   0.50000 | time:    320.30 s
[09:45:37] iter:  510 | beta: 16.00 | change:   0.01124 | c:    195.06404 | v:   0.50000 | time:    320.88 s
[09:45:38] iter:  511 | beta: 16.00 | change:   0.01069 | c:    195.06371 | v:   0.50000 | time:    321.46 s
[09:45:38] iter:  512 | beta: 16.00 | change:   0.01083 | c:    195.06349 | v:   0.50000 | time:    322.04 s
[09:45:39] iter:  513 | beta: 16.00 | change:   0.01086 | c:    195.06325 | v:   0.50000 | time:    322.70 s
[09:45:40] iter:  514 | beta: 16.00 | change:   0.01098 | c:    195.06293 | v:   0.50000 | time:    323.31 s
[09:45:40] iter:  515 | beta: 16.00 | change:   0.01107 | c:    195.06272 | v:   0.50000 | time:    323.90 s
[09:45:41] iter:  516 | beta: 16.00 | change:   0.01116 | c:    195.06249 | v:   0.50000 | time:    324.49 s
[09:45:41] iter:  517 | beta: 16.00 | change:   0.01119 | c:    195.06217 | v:   0.50000 | time:    325.08 s
[09:45:42] iter:  518 | beta: 16.00 | change:   0.01132 | c:    195.06197 | v:   0.50000 | time:    325.66 s
[09:45:42] iter:  519 | beta: 16.00 | change:   0.01138 | c:    195.06174 | v:   0.50000 | time:    326.24 s
[09:45:43] iter:  520 | beta: 16.00 | change:   0.01147 | c:    195.06143 | v:   0.50000 | time:    326.80 s
[09:45:44] iter:  521 | beta: 16.00 | change:   0.01096 | c:    195.06122 | v:   0.50000 | time:    327.38 s
[09:45:44] iter:  522 | beta: 16.00 | change:   0.00998 | c:    195.06100 | v:   0.50000 | time:    327.98 s

Saved step 4 (MTOP MMA Heaviside, eta = 0.70) result data:
  C:\Users\campa\Desktop\Structural-Optimization-LUKASTIEBERT\matlab\results\mtop_mma_heaviside_eta_070.mat
  C:\Users\campa\Desktop\Structural-Optimization-LUKASTIEBERT\matlab\results\mtop_mma_heaviside_eta_070_history.csv
  C:\Users\campa\Desktop\Structural-Optimization-LUKASTIEBERT\matlab\results\mtop_mma_heaviside_eta_070_summary.txt
Saved step 4 (MTOP MMA Heaviside, eta = 0.70) figures in:
  C:\Users\campa\Desktop\Structural-Optimization-LUKASTIEBERT\matlab\figures

Step 4 (MTOP MMA Heaviside, eta = 0.70) completed.
  Iterations:           522
  Elapsed time [s]:     327.98
  Final beta:           16.0000
  MTOP compliance:      195.061004
  Fine-mesh compliance: 200.633195
  Volume fraction:      0.500000
Sensitivity verification:
  Classical (dC/drho)        max rel FD error: 5.656e-07
  MTOP      (dC/drho)        max rel FD error: 1.103e-05
  Heaviside (dC/dx full chain) max rel FD error: 5.354e-06
