
Structural Optimization MTOP assignment
Repository root: C:\Users\campa\Desktop\Structural-Optimization-LUKASTIEBERT
Results folder:  C:\Users\campa\Desktop\Structural-Optimization-LUKASTIEBERT\matlab\results
Figures folder:  C:\Users\campa\Desktop\Structural-Optimization-LUKASTIEBERT\matlab\figures

Core parameters
  Volume fraction: 0.500
  Penalization:    3.000
  Classical mesh:  600 x 200
  MTOP FE mesh:    120 x 40
  MTOP density:    5 x 5 per FE

Planned experiments
 1. classical_oc_sensitivity       | classical | oc  | sensitivity | FE  600 x 200  | density  600 x 200 
 2. mtop_oc_sensitivity            | mtop      | oc  | sensitivity | FE  120 x 40   | density  600 x 200 
 3. classical_oc_density           | classical | oc  | density     | FE  600 x 200  | density  600 x 200 
 4. mtop_oc_density                | mtop      | oc  | density     | FE  120 x 40   | density  600 x 200 
 5. mtop_mma_sensitivity           | mtop      | mma | sensitivity | FE  120 x 40   | density  600 x 200 
 6. mtop_mma_density               | mtop      | mma | density     | FE  120 x 40   | density  600 x 200 
 7. mtop_mma_heaviside_eta_030     | mtop      | mma | heaviside   | FE  120 x 40   | density  600 x 200 
 8. mtop_mma_heaviside_eta_050     | mtop      | mma | heaviside   | FE  120 x 40   | density  600 x 200 
 9. mtop_mma_heaviside_eta_070     | mtop      | mma | heaviside   | FE  120 x 40   | density  600 x 200 

Executing implemented assignment steps.

Sensitivity verification
  Classical OC formulation
    Compliance:                       891.391332
    Max abs FD error in dC/drho:      2.481e-04
    Max rel FD error in dC/drho:      5.656e-07
    Max abs FD error in dV/drho:      5.260e-11
  MTOP formulation (per-cell sensitivity)
    Compliance:                       937.749842
    Max abs FD error in dC/drho:      3.532e-04
    Max rel FD error in dC/drho:      1.520e-05
    Max abs FD error in dV/drho:      1.432e-11
  Heaviside chain (filter + projection + MTOP)
    beta = 8.00, eta = 0.50
    Compliance:                       948.981772
    Max abs FD error in dC/dx:        1.736e-04
    Max rel FD error in dC/dx:        2.825e-06
Saved sensitivity verification report:
  C:\Users\campa\Desktop\Structural-Optimization-LUKASTIEBERT\matlab\results\sensitivity_verification.mat
Step 1 result found and reused: C:\Users\campa\Desktop\Structural-Optimization-LUKASTIEBERT\matlab\results\classical_oc_sensitivity.mat
Step 1 completed.
  Iterations:       94
  Elapsed time [s]: 241.99
  Compliance:       224.596097
  Volume fraction:  0.500074

Running assignment step 2: MTOP OC sensitivity baseline
  FE mesh:       120 x 40 elements
  Density mesh:  600 x 200 cells
  Cells per FE:  5 x 5
  Volume target: 0.5000
  Penalization:  3.0000
  Filter radius: 24.0000 density cells

[10:31:53] iter:    1 | change:   0.20000 | c:   1027.43234 | v:   0.50000 | time:      0.20 s
[10:31:53] iter:    2 | change:   0.20000 | c:    590.65602 | v:   0.49991 | time:      0.41 s
[10:31:53] iter:    3 | change:   0.20000 | c:    420.44777 | v:   0.49991 | time:      0.55 s
[10:31:53] iter:    4 | change:   0.20000 | c:    354.03108 | v:   0.49989 | time:      0.69 s
[10:31:53] iter:    5 | change:   0.14431 | c:    334.97165 | v:   0.49981 | time:      0.83 s
[10:31:54] iter:    6 | change:   0.17369 | c:    324.27809 | v:   0.49999 | time:      0.99 s
[10:31:54] iter:    7 | change:   0.12326 | c:    316.65001 | v:   0.50008 | time:      1.11 s
[10:31:54] iter:    8 | change:   0.15418 | c:    310.22011 | v:   0.49978 | time:      1.23 s
[10:31:54] iter:    9 | change:   0.11738 | c:    303.20235 | v:   0.50015 | time:      1.36 s
[10:31:54] iter:   10 | change:   0.13191 | c:    297.13030 | v:   0.50016 | time:      1.49 s
[10:31:54] iter:   11 | change:   0.10971 | c:    291.79416 | v:   0.50010 | time:      1.62 s
[10:31:54] iter:   12 | change:   0.11833 | c:    287.22898 | v:   0.49981 | time:      1.74 s
[10:31:54] iter:   13 | change:   0.10041 | c:    281.54905 | v:   0.50008 | time:      1.86 s
[10:31:55] iter:   14 | change:   0.11405 | c:    275.54870 | v:   0.50012 | time:      1.98 s
[10:31:55] iter:   15 | change:   0.10935 | c:    268.55368 | v:   0.50000 | time:      2.10 s
[10:31:55] iter:   16 | change:   0.12240 | c:    260.95333 | v:   0.49976 | time:      2.23 s
[10:31:55] iter:   17 | change:   0.10316 | c:    252.52962 | v:   0.49980 | time:      2.34 s
[10:31:55] iter:   18 | change:   0.12032 | c:    244.19104 | v:   0.49983 | time:      2.46 s
[10:31:55] iter:   19 | change:   0.11322 | c:    236.17967 | v:   0.50014 | time:      2.59 s
[10:31:55] iter:   20 | change:   0.09066 | c:    229.81526 | v:   0.49991 | time:      2.72 s
[10:31:55] iter:   21 | change:   0.06350 | c:    225.49766 | v:   0.49998 | time:      2.84 s
[10:31:56] iter:   22 | change:   0.04278 | c:    223.61378 | v:   0.49989 | time:      2.97 s
[10:31:56] iter:   23 | change:   0.02737 | c:    222.81834 | v:   0.49996 | time:      3.09 s
[10:31:56] iter:   24 | change:   0.02562 | c:    222.47450 | v:   0.49989 | time:      3.22 s
[10:31:56] iter:   25 | change:   0.02509 | c:    222.06332 | v:   0.50011 | time:      3.34 s
[10:31:56] iter:   26 | change:   0.02509 | c:    221.99915 | v:   0.49998 | time:      3.46 s
[10:31:56] iter:   27 | change:   0.02441 | c:    221.79215 | v:   0.50008 | time:      3.59 s
[10:31:56] iter:   28 | change:   0.02426 | c:    221.70759 | v:   0.50006 | time:      3.70 s
[10:31:56] iter:   29 | change:   0.02382 | c:    221.59869 | v:   0.50008 | time:      3.82 s
[10:31:56] iter:   30 | change:   0.02349 | c:    221.53684 | v:   0.50005 | time:      3.94 s
[10:31:57] iter:   31 | change:   0.02308 | c:    221.46834 | v:   0.50003 | time:      4.05 s
[10:31:57] iter:   32 | change:   0.02273 | c:    221.42157 | v:   0.49999 | time:      4.17 s
[10:31:57] iter:   33 | change:   0.02235 | c:    221.37202 | v:   0.49996 | time:      4.30 s
[10:31:57] iter:   34 | change:   0.02272 | c:    221.33432 | v:   0.49991 | time:      4.43 s
[10:31:57] iter:   35 | change:   0.02155 | c:    221.14097 | v:   0.50009 | time:      4.56 s
[10:31:57] iter:   36 | change:   0.02147 | c:    221.12620 | v:   0.50004 | time:      4.69 s
[10:31:57] iter:   37 | change:   0.02096 | c:    221.06136 | v:   0.50004 | time:      4.81 s
[10:31:57] iter:   38 | change:   0.02071 | c:    221.03602 | v:   0.50000 | time:      4.93 s
[10:31:58] iter:   39 | change:   0.02032 | c:    220.99259 | v:   0.49997 | time:      5.05 s
[10:31:58] iter:   40 | change:   0.02078 | c:    220.96731 | v:   0.49992 | time:      5.19 s
[10:31:58] iter:   41 | change:   0.01967 | c:    220.77889 | v:   0.50010 | time:      5.39 s
[10:31:58] iter:   42 | change:   0.01961 | c:    220.77130 | v:   0.50005 | time:      5.53 s
[10:31:58] iter:   43 | change:   0.01918 | c:    220.70896 | v:   0.50006 | time:      5.67 s
[10:31:58] iter:   44 | change:   0.01891 | c:    220.69208 | v:   0.50002 | time:      5.81 s
[10:31:58] iter:   45 | change:   0.01857 | c:    220.65339 | v:   0.49999 | time:      5.94 s
[10:31:59] iter:   46 | change:   0.01829 | c:    220.63521 | v:   0.49994 | time:      6.07 s
[10:31:59] iter:   47 | change:   0.01875 | c:    220.60668 | v:   0.49990 | time:      6.20 s
[10:31:59] iter:   48 | change:   0.01767 | c:    220.43731 | v:   0.50008 | time:      6.34 s
[10:31:59] iter:   49 | change:   0.01766 | c:    220.43034 | v:   0.50004 | time:      6.48 s
[10:31:59] iter:   50 | change:   0.01726 | c:    220.38023 | v:   0.50005 | time:      6.62 s
[10:31:59] iter:   51 | change:   0.01709 | c:    220.36563 | v:   0.50002 | time:      6.77 s
[10:31:59] iter:   52 | change:   0.01679 | c:    220.33466 | v:   0.50000 | time:      6.91 s
[10:32:00] iter:   53 | change:   0.01657 | c:    220.31846 | v:   0.49996 | time:      7.04 s
[10:32:00] iter:   54 | change:   0.01632 | c:    220.29472 | v:   0.49993 | time:      7.17 s
[10:32:00] iter:   55 | change:   0.01682 | c:    220.27782 | v:   0.49989 | time:      7.30 s
[10:32:00] iter:   56 | change:   0.01582 | c:    220.10735 | v:   0.50008 | time:      7.44 s
[10:32:00] iter:   57 | change:   0.01574 | c:    220.10478 | v:   0.50005 | time:      7.58 s
[10:32:00] iter:   58 | change:   0.01551 | c:    220.05635 | v:   0.50007 | time:      7.71 s
[10:32:00] iter:   59 | change:   0.01522 | c:    220.04606 | v:   0.50005 | time:      7.85 s
[10:32:01] iter:   60 | change:   0.01512 | c:    220.01895 | v:   0.50004 | time:      7.98 s
[10:32:01] iter:   61 | change:   0.01481 | c:    220.00735 | v:   0.50000 | time:      8.11 s
[10:32:01] iter:   62 | change:   0.01471 | c:    219.98888 | v:   0.49998 | time:      8.24 s
[10:32:01] iter:   63 | change:   0.01445 | c:    219.97714 | v:   0.49995 | time:      8.38 s
[10:32:01] iter:   64 | change:   0.01428 | c:    219.96250 | v:   0.49992 | time:      8.51 s
[10:32:01] iter:   65 | change:   0.01485 | c:    219.95123 | v:   0.49989 | time:      8.65 s
[10:32:01] iter:   66 | change:   0.01383 | c:    219.79058 | v:   0.50008 | time:      8.85 s
[10:32:02] iter:   67 | change:   0.01384 | c:    219.79305 | v:   0.50007 | time:      9.00 s
[10:32:02] iter:   68 | change:   0.01353 | c:    219.75044 | v:   0.50010 | time:      9.15 s
[10:32:02] iter:   69 | change:   0.01342 | c:    219.74469 | v:   0.50008 | time:      9.30 s
[10:32:02] iter:   70 | change:   0.01320 | c:    219.72115 | v:   0.50008 | time:      9.44 s
[10:32:02] iter:   71 | change:   0.01305 | c:    219.71275 | v:   0.50006 | time:      9.58 s
[10:32:02] iter:   72 | change:   0.01290 | c:    219.69650 | v:   0.50004 | time:      9.72 s
[10:32:02] iter:   73 | change:   0.01272 | c:    219.68680 | v:   0.50002 | time:      9.87 s
[10:32:03] iter:   74 | change:   0.01260 | c:    219.67385 | v:   0.50000 | time:     10.02 s
[10:32:03] iter:   75 | change:   0.01244 | c:    219.66384 | v:   0.49998 | time:     10.15 s
[10:32:03] iter:   76 | change:   0.01228 | c:    219.65215 | v:   0.49996 | time:     10.29 s
[10:32:03] iter:   77 | change:   0.01215 | c:    219.64232 | v:   0.49994 | time:     10.43 s
[10:32:03] iter:   78 | change:   0.01199 | c:    219.63217 | v:   0.49992 | time:     10.56 s
[10:32:03] iter:   79 | change:   0.01262 | c:    219.62340 | v:   0.49990 | time:     10.70 s
[10:32:03] iter:   80 | change:   0.01169 | c:    219.46822 | v:   0.50010 | time:     10.83 s
[10:32:04] iter:   81 | change:   0.01140 | c:    219.47280 | v:   0.50009 | time:     10.99 s
[10:32:04] iter:   82 | change:   0.01227 | c:    219.58266 | v:   0.49991 | time:     11.14 s
[10:32:04] iter:   83 | change:   0.01120 | c:    219.42170 | v:   0.50010 | time:     11.27 s
[10:32:04] iter:   84 | change:   0.01123 | c:    219.44485 | v:   0.50007 | time:     11.41 s
[10:32:04] iter:   85 | change:   0.01104 | c:    219.40721 | v:   0.50010 | time:     11.54 s
[10:32:04] iter:   86 | change:   0.01093 | c:    219.41146 | v:   0.50008 | time:     11.67 s
[10:32:04] iter:   87 | change:   0.01078 | c:    219.39292 | v:   0.50009 | time:     11.80 s
[10:32:05] iter:   88 | change:   0.01067 | c:    219.39157 | v:   0.50007 | time:     11.96 s
[10:32:05] iter:   89 | change:   0.01054 | c:    219.38018 | v:   0.50007 | time:     12.09 s
[10:32:05] iter:   90 | change:   0.01043 | c:    219.37659 | v:   0.50005 | time:     12.22 s
[10:32:05] iter:   91 | change:   0.01031 | c:    219.36824 | v:   0.50004 | time:     12.34 s
[10:32:05] iter:   92 | change:   0.01020 | c:    219.36362 | v:   0.50003 | time:     12.46 s
[10:32:05] iter:   93 | change:   0.01008 | c:    219.35679 | v:   0.50001 | time:     12.59 s
[10:32:05] iter:   94 | change:   0.00996 | c:    219.35151 | v:   0.50000 | time:     12.70 s

Saved step 2 result data:
  C:\Users\campa\Desktop\Structural-Optimization-LUKASTIEBERT\matlab\results\mtop_oc_sensitivity.mat
  C:\Users\campa\Desktop\Structural-Optimization-LUKASTIEBERT\matlab\results\mtop_oc_sensitivity_history.csv
  C:\Users\campa\Desktop\Structural-Optimization-LUKASTIEBERT\matlab\results\mtop_oc_sensitivity_summary.txt
Saved step 2 figures in:
  C:\Users\campa\Desktop\Structural-Optimization-LUKASTIEBERT\matlab\figures

Step 2 completed.
  Iterations:              94
  Elapsed time [s]:        12.70
  MTOP compliance:         219.351513
  Fine-mesh compliance:    224.731076
  Volume fraction:         0.500001
  Speedup vs classical:    19.05
Step 3 (classical density) result found and reused: C:\Users\campa\Desktop\Structural-Optimization-LUKASTIEBERT\matlab\results\classical_oc_density.mat
Step 3 (classical density) completed.
  Iterations:       300
  Elapsed time [s]: 867.92
  Compliance:       240.976293
  Volume fraction:  0.500000

Running assignment step 3: MTOP OC density baseline
  FE mesh:       120 x 40 elements
  Density mesh:  600 x 200 cells
  Cells per FE:  5 x 5
  Volume target: 0.5000
  Penalization:  3.0000
  Filter radius: 24.0000 density cells (density filter)

[10:32:33] iter:    1 | change:   0.20000 | c:   1027.43234 | v:   0.50000 | time:      0.48 s
[10:32:34] iter:    2 | change:   0.20000 | c:    585.96785 | v:   0.50006 | time:      0.93 s
[10:32:34] iter:    3 | change:   0.20000 | c:    423.68238 | v:   0.49993 | time:      1.36 s
[10:32:34] iter:    4 | change:   0.20000 | c:    360.54861 | v:   0.50027 | time:      1.85 s
[10:32:35] iter:    5 | change:   0.15721 | c:    344.02831 | v:   0.50013 | time:      2.29 s
[10:32:35] iter:    6 | change:   0.19406 | c:    333.85759 | v:   0.49987 | time:      2.74 s
[10:32:36] iter:    7 | change:   0.14114 | c:    326.44392 | v:   0.50004 | time:      3.18 s
[10:32:36] iter:    8 | change:   0.17068 | c:    319.90623 | v:   0.50009 | time:      3.61 s
[10:32:37] iter:    9 | change:   0.14533 | c:    314.49366 | v:   0.50003 | time:      4.09 s
[10:32:37] iter:   10 | change:   0.14732 | c:    309.18401 | v:   0.49994 | time:      4.53 s
[10:32:38] iter:   11 | change:   0.17826 | c:    303.80913 | v:   0.50005 | time:      4.98 s
[10:32:38] iter:   12 | change:   0.15148 | c:    299.00453 | v:   0.49998 | time:      5.42 s
[10:32:38] iter:   13 | change:   0.17988 | c:    294.76892 | v:   0.49982 | time:      5.85 s
[10:32:39] iter:   14 | change:   0.17284 | c:    290.19464 | v:   0.50007 | time:      6.29 s
[10:32:39] iter:   15 | change:   0.18907 | c:    285.63305 | v:   0.50012 | time:      6.75 s
[10:32:40] iter:   16 | change:   0.20000 | c:    280.81146 | v:   0.50018 | time:      7.22 s
[10:32:40] iter:   17 | change:   0.20000 | c:    276.12768 | v:   0.50005 | time:      7.69 s
[10:32:41] iter:   18 | change:   0.20000 | c:    271.78076 | v:   0.49999 | time:      8.16 s
[10:32:41] iter:   19 | change:   0.20000 | c:    267.67291 | v:   0.50008 | time:      8.59 s
[10:32:42] iter:   20 | change:   0.20000 | c:    264.06268 | v:   0.50001 | time:      9.04 s
[10:32:42] iter:   21 | change:   0.20000 | c:    260.62063 | v:   0.50000 | time:      9.50 s
[10:32:43] iter:   22 | change:   0.20000 | c:    257.22192 | v:   0.50002 | time:      9.94 s
[10:32:43] iter:   23 | change:   0.20000 | c:    253.78272 | v:   0.50007 | time:     10.41 s
[10:32:43] iter:   24 | change:   0.20000 | c:    250.39565 | v:   0.50002 | time:     10.87 s
[10:32:44] iter:   25 | change:   0.20000 | c:    247.25757 | v:   0.49995 | time:     11.32 s
[10:32:44] iter:   26 | change:   0.20000 | c:    244.71101 | v:   0.50004 | time:     11.80 s
[10:32:45] iter:   27 | change:   0.20000 | c:    242.87423 | v:   0.50003 | time:     12.27 s
[10:32:45] iter:   28 | change:   0.20000 | c:    241.61307 | v:   0.49996 | time:     12.78 s
[10:32:46] iter:   29 | change:   0.20000 | c:    240.73708 | v:   0.50003 | time:     13.25 s
[10:32:46] iter:   30 | change:   0.20000 | c:    240.17901 | v:   0.49997 | time:     13.70 s
[10:32:47] iter:   31 | change:   0.20000 | c:    239.67406 | v:   0.50002 | time:     14.17 s
[10:32:47] iter:   32 | change:   0.16871 | c:    239.28362 | v:   0.50001 | time:     14.64 s
[10:32:48] iter:   33 | change:   0.18391 | c:    238.98757 | v:   0.49999 | time:     15.10 s
[10:32:48] iter:   34 | change:   0.19148 | c:    238.70941 | v:   0.50003 | time:     15.55 s
[10:32:49] iter:   35 | change:   0.20000 | c:    238.49445 | v:   0.50001 | time:     16.01 s
[10:32:49] iter:   36 | change:   0.20000 | c:    238.31059 | v:   0.49999 | time:     16.46 s
[10:32:50] iter:   37 | change:   0.20000 | c:    238.11847 | v:   0.50000 | time:     16.93 s
[10:32:50] iter:   38 | change:   0.13724 | c:    237.96132 | v:   0.50001 | time:     17.38 s
[10:32:50] iter:   39 | change:   0.14583 | c:    237.84868 | v:   0.49999 | time:     17.83 s
[10:32:51] iter:   40 | change:   0.15165 | c:    237.74111 | v:   0.49999 | time:     18.30 s
[10:32:51] iter:   41 | change:   0.15615 | c:    237.63403 | v:   0.50000 | time:     18.83 s
[10:32:52] iter:   42 | change:   0.16068 | c:    237.55353 | v:   0.49998 | time:     19.28 s
[10:32:52] iter:   43 | change:   0.16456 | c:    237.46691 | v:   0.49998 | time:     19.77 s
[10:32:53] iter:   44 | change:   0.17992 | c:    237.37358 | v:   0.50000 | time:     20.24 s
[10:32:53] iter:   45 | change:   0.18357 | c:    237.29828 | v:   0.49999 | time:     20.72 s
[10:32:54] iter:   46 | change:   0.17928 | c:    237.23093 | v:   0.49998 | time:     21.22 s
[10:32:54] iter:   47 | change:   0.10282 | c:    237.16596 | v:   0.49999 | time:     21.71 s
[10:32:55] iter:   48 | change:   0.10342 | c:    237.10448 | v:   0.50002 | time:     22.18 s
[10:32:55] iter:   49 | change:   0.10700 | c:    237.07768 | v:   0.49999 | time:     22.66 s
[10:32:56] iter:   50 | change:   0.11106 | c:    237.02929 | v:   0.50000 | time:     23.22 s
[10:32:56] iter:   51 | change:   0.11409 | c:    236.98354 | v:   0.50001 | time:     23.73 s
[10:32:57] iter:   52 | change:   0.11739 | c:    236.95770 | v:   0.49999 | time:     24.25 s
[10:32:57] iter:   53 | change:   0.11992 | c:    236.90738 | v:   0.50001 | time:     24.72 s
[10:32:58] iter:   54 | change:   0.12389 | c:    236.87789 | v:   0.50000 | time:     25.18 s
[10:32:58] iter:   55 | change:   0.12507 | c:    236.84377 | v:   0.50000 | time:     25.65 s
[10:32:59] iter:   56 | change:   0.12773 | c:    236.80483 | v:   0.50001 | time:     26.11 s
[10:32:59] iter:   57 | change:   0.14012 | c:    236.77828 | v:   0.49999 | time:     26.56 s
[10:33:00] iter:   58 | change:   0.14447 | c:    236.74357 | v:   0.49999 | time:     27.02 s
[10:33:00] iter:   59 | change:   0.13910 | c:    236.70841 | v:   0.50000 | time:     27.48 s
[10:33:01] iter:   60 | change:   0.14033 | c:    236.68138 | v:   0.50000 | time:     27.99 s
[10:33:01] iter:   61 | change:   0.13918 | c:    236.66271 | v:   0.49999 | time:     28.43 s
[10:33:01] iter:   62 | change:   0.07895 | c:    236.63622 | v:   0.50000 | time:     28.88 s
[10:33:02] iter:   63 | change:   0.07874 | c:    236.61875 | v:   0.49999 | time:     29.37 s
[10:33:02] iter:   64 | change:   0.07991 | c:    236.60438 | v:   0.49999 | time:     29.88 s
[10:33:03] iter:   65 | change:   0.07765 | c:    236.57424 | v:   0.50001 | time:     30.34 s
[10:33:03] iter:   66 | change:   0.07614 | c:    236.56092 | v:   0.50001 | time:     30.79 s
[10:33:04] iter:   67 | change:   0.07049 | c:    236.54680 | v:   0.50000 | time:     31.25 s
[10:33:04] iter:   68 | change:   0.07181 | c:    236.53317 | v:   0.50000 | time:     31.73 s
[10:33:05] iter:   69 | change:   0.07051 | c:    236.51838 | v:   0.50000 | time:     32.19 s
[10:33:05] iter:   70 | change:   0.07300 | c:    236.50392 | v:   0.50000 | time:     32.66 s
[10:33:06] iter:   71 | change:   0.07362 | c:    236.48747 | v:   0.50000 | time:     33.12 s
[10:33:06] iter:   72 | change:   0.07523 | c:    236.46969 | v:   0.50000 | time:     33.58 s
[10:33:07] iter:   73 | change:   0.07591 | c:    236.45121 | v:   0.50001 | time:     34.06 s
[10:33:07] iter:   74 | change:   0.07852 | c:    236.44551 | v:   0.50000 | time:     34.52 s
[10:33:08] iter:   75 | change:   0.07825 | c:    236.42277 | v:   0.50001 | time:     35.00 s
[10:33:08] iter:   76 | change:   0.07942 | c:    236.41218 | v:   0.50000 | time:     35.47 s
[10:33:09] iter:   77 | change:   0.08048 | c:    236.39981 | v:   0.50000 | time:     35.98 s
[10:33:09] iter:   78 | change:   0.08149 | c:    236.38534 | v:   0.50000 | time:     36.46 s
[10:33:09] iter:   79 | change:   0.08309 | c:    236.36858 | v:   0.50001 | time:     36.91 s
[10:33:10] iter:   80 | change:   0.08583 | c:    236.36218 | v:   0.49999 | time:     37.37 s
[10:33:10] iter:   81 | change:   0.09062 | c:    236.33905 | v:   0.50001 | time:     37.85 s
[10:33:11] iter:   82 | change:   0.10074 | c:    236.32666 | v:   0.50001 | time:     38.31 s
[10:33:11] iter:   83 | change:   0.10407 | c:    236.31185 | v:   0.50001 | time:     38.76 s
[10:33:12] iter:   84 | change:   0.10347 | c:    236.30792 | v:   0.49999 | time:     39.22 s
[10:33:12] iter:   85 | change:   0.09690 | c:    236.29190 | v:   0.50000 | time:     39.67 s
[10:33:13] iter:   86 | change:   0.09757 | c:    236.27649 | v:   0.50000 | time:     40.14 s
[10:33:13] iter:   87 | change:   0.09759 | c:    236.26297 | v:   0.50000 | time:     40.62 s
[10:33:14] iter:   88 | change:   0.09726 | c:    236.25193 | v:   0.50000 | time:     41.07 s
[10:33:14] iter:   89 | change:   0.09870 | c:    236.24478 | v:   0.50000 | time:     41.52 s
[10:33:15] iter:   90 | change:   0.09401 | c:    236.22997 | v:   0.50001 | time:     41.99 s
[10:33:15] iter:   91 | change:   0.09686 | c:    236.23066 | v:   0.49999 | time:     42.45 s
[10:33:15] iter:   92 | change:   0.06020 | c:    236.22386 | v:   0.49999 | time:     42.90 s
[10:33:16] iter:   93 | change:   0.06012 | c:    236.21044 | v:   0.50000 | time:     43.35 s
[10:33:16] iter:   94 | change:   0.06052 | c:    236.20942 | v:   0.49999 | time:     43.82 s
[10:33:17] iter:   95 | change:   0.06221 | c:    236.19833 | v:   0.50000 | time:     44.26 s
[10:33:17] iter:   96 | change:   0.05999 | c:    236.18772 | v:   0.50001 | time:     44.71 s
[10:33:18] iter:   97 | change:   0.06361 | c:    236.18829 | v:   0.50000 | time:     45.18 s
[10:33:18] iter:   98 | change:   0.06356 | c:    236.17874 | v:   0.50000 | time:     45.63 s
[10:33:19] iter:   99 | change:   0.06242 | c:    236.16982 | v:   0.50001 | time:     46.15 s
[10:33:19] iter:  100 | change:   0.06457 | c:    236.17136 | v:   0.49999 | time:     46.60 s
[10:33:20] iter:  101 | change:   0.06734 | c:    236.16299 | v:   0.50000 | time:     47.05 s
[10:33:20] iter:  102 | change:   0.06747 | c:    236.15555 | v:   0.50000 | time:     47.51 s
[10:33:21] iter:  103 | change:   0.06666 | c:    236.14958 | v:   0.50000 | time:     47.97 s
[10:33:21] iter:  104 | change:   0.06766 | c:    236.14455 | v:   0.50000 | time:     48.44 s
[10:33:21] iter:  105 | change:   0.06838 | c:    236.13986 | v:   0.50000 | time:     48.89 s
[10:33:22] iter:  106 | change:   0.06852 | c:    236.13525 | v:   0.50000 | time:     49.34 s
[10:33:22] iter:  107 | change:   0.06783 | c:    236.13077 | v:   0.50000 | time:     49.81 s
[10:33:23] iter:  108 | change:   0.06995 | c:    236.12601 | v:   0.49999 | time:     50.29 s
[10:33:23] iter:  109 | change:   0.07223 | c:    236.12124 | v:   0.49999 | time:     50.75 s
[10:33:24] iter:  110 | change:   0.06962 | c:    236.11626 | v:   0.49999 | time:     51.24 s
[10:33:24] iter:  111 | change:   0.06771 | c:    236.11176 | v:   0.49999 | time:     51.73 s
[10:33:25] iter:  112 | change:   0.07227 | c:    236.09857 | v:   0.50001 | time:     52.21 s
[10:33:25] iter:  113 | change:   0.06819 | c:    236.09442 | v:   0.50001 | time:     52.66 s
[10:33:26] iter:  114 | change:   0.07432 | c:    236.09006 | v:   0.50000 | time:     53.12 s
[10:33:26] iter:  115 | change:   0.06963 | c:    236.08588 | v:   0.50000 | time:     53.57 s
[10:33:27] iter:  116 | change:   0.06538 | c:    236.08171 | v:   0.50000 | time:     54.03 s
[10:33:27] iter:  117 | change:   0.07117 | c:    236.07750 | v:   0.50000 | time:     54.56 s
[10:33:28] iter:  118 | change:   0.06716 | c:    236.07313 | v:   0.50000 | time:     55.00 s
[10:33:28] iter:  119 | change:   0.06683 | c:    236.06886 | v:   0.50000 | time:     55.46 s
[10:33:28] iter:  120 | change:   0.06952 | c:    236.06429 | v:   0.50000 | time:     55.92 s
[10:33:29] iter:  121 | change:   0.06729 | c:    236.05961 | v:   0.50000 | time:     56.38 s
[10:33:29] iter:  122 | change:   0.06693 | c:    236.05460 | v:   0.50000 | time:     56.85 s
[10:33:30] iter:  123 | change:   0.05079 | c:    236.04958 | v:   0.50000 | time:     57.31 s
[10:33:30] iter:  124 | change:   0.05135 | c:    236.04508 | v:   0.50000 | time:     57.76 s
[10:33:31] iter:  125 | change:   0.05189 | c:    236.04018 | v:   0.50000 | time:     58.22 s
[10:33:31] iter:  126 | change:   0.05247 | c:    236.03485 | v:   0.50000 | time:     58.68 s
[10:33:32] iter:  127 | change:   0.05156 | c:    236.02896 | v:   0.50001 | time:     59.13 s
[10:33:32] iter:  128 | change:   0.05385 | c:    236.03057 | v:   0.50000 | time:     59.60 s
[10:33:33] iter:  129 | change:   0.05297 | c:    236.02254 | v:   0.50000 | time:     60.07 s
[10:33:33] iter:  130 | change:   0.05523 | c:    236.02247 | v:   0.49999 | time:     60.54 s
[10:33:34] iter:  131 | change:   0.05447 | c:    236.01390 | v:   0.50000 | time:     61.00 s
[10:33:34] iter:  132 | change:   0.05464 | c:    236.01234 | v:   0.50000 | time:     61.45 s
[10:33:34] iter:  133 | change:   0.05405 | c:    236.00159 | v:   0.50001 | time:     61.88 s
[10:33:35] iter:  134 | change:   0.05498 | c:    235.99848 | v:   0.50000 | time:     62.36 s
[10:33:35] iter:  135 | change:   0.05594 | c:    235.99391 | v:   0.50000 | time:     62.84 s
[10:33:36] iter:  136 | change:   0.05547 | c:    235.98799 | v:   0.50001 | time:     63.29 s
[10:33:36] iter:  137 | change:   0.05613 | c:    235.98869 | v:   0.50000 | time:     63.73 s
[10:33:37] iter:  138 | change:   0.05594 | c:    235.98034 | v:   0.50000 | time:     64.19 s
[10:33:37] iter:  139 | change:   0.05902 | c:    235.97968 | v:   0.50000 | time:     64.69 s
[10:33:38] iter:  140 | change:   0.05768 | c:    235.96977 | v:   0.50000 | time:     65.20 s
[10:33:38] iter:  141 | change:   0.05852 | c:    235.96689 | v:   0.50000 | time:     65.69 s
[10:33:39] iter:  142 | change:   0.06010 | c:    235.96330 | v:   0.50000 | time:     66.16 s
[10:33:39] iter:  143 | change:   0.06163 | c:    235.95899 | v:   0.50000 | time:     66.63 s
[10:33:40] iter:  144 | change:   0.06369 | c:    235.95390 | v:   0.50000 | time:     67.10 s
[10:33:40] iter:  145 | change:   0.06485 | c:    235.94812 | v:   0.50000 | time:     67.55 s
[10:33:41] iter:  146 | change:   0.06668 | c:    235.94196 | v:   0.50000 | time:     68.03 s
[10:33:41] iter:  147 | change:   0.06616 | c:    235.93542 | v:   0.50000 | time:     68.49 s
[10:33:42] iter:  148 | change:   0.06805 | c:    235.93712 | v:   0.49999 | time:     68.94 s
[10:33:42] iter:  149 | change:   0.06746 | c:    235.93070 | v:   0.50000 | time:     69.41 s
[10:33:42] iter:  150 | change:   0.06404 | c:    235.92387 | v:   0.50000 | time:     69.86 s
[10:33:43] iter:  151 | change:   0.07086 | c:    235.92366 | v:   0.49999 | time:     70.31 s
[10:33:43] iter:  152 | change:   0.06578 | c:    235.91540 | v:   0.50000 | time:     70.75 s
[10:33:44] iter:  153 | change:   0.06271 | c:    235.91416 | v:   0.50000 | time:     71.20 s
[10:33:44] iter:  154 | change:   0.06637 | c:    235.90488 | v:   0.50000 | time:     71.67 s
[10:33:45] iter:  155 | change:   0.06123 | c:    235.90250 | v:   0.50000 | time:     72.13 s
[10:33:45] iter:  156 | change:   0.06621 | c:    235.89945 | v:   0.50000 | time:     72.58 s
[10:33:46] iter:  157 | change:   0.06075 | c:    235.89612 | v:   0.50000 | time:     73.01 s
[10:33:46] iter:  158 | change:   0.06569 | c:    235.89226 | v:   0.50000 | time:     73.53 s
[10:33:47] iter:  159 | change:   0.06393 | c:    235.88856 | v:   0.49999 | time:     73.99 s
[10:33:47] iter:  160 | change:   0.06500 | c:    235.88437 | v:   0.50000 | time:     74.43 s
[10:33:47] iter:  161 | change:   0.06648 | c:    235.87984 | v:   0.50000 | time:     74.88 s
[10:33:48] iter:  162 | change:   0.06563 | c:    235.87617 | v:   0.50000 | time:     75.33 s
[10:33:48] iter:  163 | change:   0.06616 | c:    235.86662 | v:   0.50001 | time:     75.80 s
[10:33:49] iter:  164 | change:   0.06537 | c:    235.86607 | v:   0.50000 | time:     76.25 s
[10:33:49] iter:  165 | change:   0.06037 | c:    235.86020 | v:   0.50001 | time:     76.70 s
[10:33:50] iter:  166 | change:   0.06674 | c:    235.86216 | v:   0.50000 | time:     77.15 s
[10:33:50] iter:  167 | change:   0.06593 | c:    235.85770 | v:   0.50000 | time:     77.60 s
[10:33:51] iter:  168 | change:   0.05748 | c:    235.85426 | v:   0.50000 | time:     78.07 s
[10:33:51] iter:  169 | change:   0.05492 | c:    235.85223 | v:   0.50000 | time:     78.53 s
[10:33:52] iter:  170 | change:   0.05567 | c:    235.85087 | v:   0.50000 | time:     79.01 s
[10:33:52] iter:  171 | change:   0.05646 | c:    235.84946 | v:   0.50000 | time:     79.51 s
[10:33:53] iter:  172 | change:   0.05177 | c:    235.84175 | v:   0.50000 | time:     79.95 s
[10:33:53] iter:  173 | change:   0.04589 | c:    235.84103 | v:   0.50000 | time:     80.44 s
[10:33:53] iter:  174 | change:   0.05017 | c:    235.84083 | v:   0.50000 | time:     80.88 s
[10:33:54] iter:  175 | change:   0.05168 | c:    235.83396 | v:   0.50001 | time:     81.33 s
[10:33:54] iter:  176 | change:   0.04798 | c:    235.83354 | v:   0.50000 | time:     81.77 s
[10:33:55] iter:  177 | change:   0.05101 | c:    235.83332 | v:   0.50000 | time:     82.24 s
[10:33:55] iter:  178 | change:   0.04439 | c:    235.83305 | v:   0.49999 | time:     82.70 s
[10:33:56] iter:  179 | change:   0.04523 | c:    235.82684 | v:   0.50000 | time:     83.31 s
[10:33:56] iter:  180 | change:   0.04181 | c:    235.82743 | v:   0.50000 | time:     83.84 s
[10:33:57] iter:  181 | change:   0.04310 | c:    235.82188 | v:   0.50000 | time:     84.36 s
[10:33:57] iter:  182 | change:   0.04715 | c:    235.82293 | v:   0.50000 | time:     84.91 s
[10:33:58] iter:  183 | change:   0.04861 | c:    235.81759 | v:   0.50000 | time:     85.36 s
[10:33:58] iter:  184 | change:   0.05316 | c:    235.81849 | v:   0.50000 | time:     85.81 s
[10:33:59] iter:  185 | change:   0.04386 | c:    235.81312 | v:   0.50000 | time:     86.27 s
[10:33:59] iter:  186 | change:   0.04789 | c:    235.81391 | v:   0.50000 | time:     86.74 s
[10:34:00] iter:  187 | change:   0.04918 | c:    235.80820 | v:   0.50000 | time:     87.22 s
[10:34:00] iter:  188 | change:   0.04606 | c:    235.80837 | v:   0.50000 | time:     87.68 s
[10:34:01] iter:  189 | change:   0.04733 | c:    235.80200 | v:   0.50001 | time:     88.13 s
[10:34:01] iter:  190 | change:   0.05016 | c:    235.80174 | v:   0.50000 | time:     88.59 s
[10:34:02] iter:  191 | change:   0.04955 | c:    235.80125 | v:   0.50000 | time:     89.06 s
[10:34:02] iter:  192 | change:   0.05127 | c:    235.79475 | v:   0.50001 | time:     89.54 s
[10:34:03] iter:  193 | change:   0.04555 | c:    235.79440 | v:   0.50000 | time:     90.04 s
[10:34:03] iter:  194 | change:   0.04734 | c:    235.79403 | v:   0.50000 | time:     90.52 s
[10:34:04] iter:  195 | change:   0.04857 | c:    235.78771 | v:   0.50000 | time:     91.00 s
[10:34:04] iter:  196 | change:   0.05160 | c:    235.78722 | v:   0.50000 | time:     91.46 s
[10:34:05] iter:  197 | change:   0.05019 | c:    235.78640 | v:   0.50000 | time:     91.94 s
[10:34:05] iter:  198 | change:   0.05179 | c:    235.78545 | v:   0.50000 | time:     92.41 s
[10:34:05] iter:  199 | change:   0.05068 | c:    235.77843 | v:   0.50000 | time:     92.87 s
[10:34:06] iter:  200 | change:   0.05208 | c:    235.77749 | v:   0.50000 | time:     93.36 s
[10:34:06] iter:  201 | change:   0.05256 | c:    235.77610 | v:   0.50000 | time:     93.82 s
[10:34:07] iter:  202 | change:   0.05439 | c:    235.77415 | v:   0.50000 | time:     94.31 s
[10:34:07] iter:  203 | change:   0.05893 | c:    235.77200 | v:   0.50000 | time:     94.77 s
[10:34:08] iter:  204 | change:   0.06048 | c:    235.76414 | v:   0.50000 | time:     95.27 s
[10:34:08] iter:  205 | change:   0.06467 | c:    235.76233 | v:   0.50000 | time:     95.76 s
[10:34:09] iter:  206 | change:   0.06900 | c:    235.76048 | v:   0.50000 | time:     96.22 s
[10:34:09] iter:  207 | change:   0.07187 | c:    235.75873 | v:   0.50000 | time:     96.69 s
[10:34:10] iter:  208 | change:   0.07398 | c:    235.75346 | v:   0.50000 | time:     97.17 s
[10:34:10] iter:  209 | change:   0.07497 | c:    235.75183 | v:   0.50000 | time:     97.66 s
[10:34:11] iter:  210 | change:   0.07365 | c:    235.75060 | v:   0.50000 | time:     98.15 s
[10:34:11] iter:  211 | change:   0.07012 | c:    235.74990 | v:   0.50000 | time:     98.66 s
[10:34:12] iter:  212 | change:   0.07608 | c:    235.74921 | v:   0.50000 | time:     99.17 s
[10:34:12] iter:  213 | change:   0.07222 | c:    235.74836 | v:   0.50000 | time:     99.67 s
[10:34:13] iter:  214 | change:   0.07689 | c:    235.74252 | v:   0.50000 | time:    100.13 s
[10:34:13] iter:  215 | change:   0.07083 | c:    235.74199 | v:   0.50000 | time:    100.59 s
[10:34:14] iter:  216 | change:   0.07690 | c:    235.74164 | v:   0.50000 | time:    101.08 s
[10:34:14] iter:  217 | change:   0.07160 | c:    235.74129 | v:   0.50000 | time:    101.54 s
[10:34:15] iter:  218 | change:   0.07616 | c:    235.73610 | v:   0.50000 | time:    102.02 s
[10:34:15] iter:  219 | change:   0.06989 | c:    235.73653 | v:   0.50000 | time:    102.47 s
[10:34:15] iter:  220 | change:   0.07428 | c:    235.73220 | v:   0.50000 | time:    102.91 s
[10:34:16] iter:  221 | change:   0.06789 | c:    235.73288 | v:   0.50000 | time:    103.38 s
[10:34:16] iter:  222 | change:   0.07204 | c:    235.72820 | v:   0.50000 | time:    103.83 s
[10:34:17] iter:  223 | change:   0.06683 | c:    235.72901 | v:   0.50000 | time:    104.30 s
[10:34:17] iter:  224 | change:   0.07078 | c:    235.72497 | v:   0.50000 | time:    104.74 s
[10:34:18] iter:  225 | change:   0.06862 | c:    235.72688 | v:   0.50000 | time:    105.20 s
[10:34:18] iter:  226 | change:   0.07254 | c:    235.72360 | v:   0.50000 | time:    105.65 s
[10:34:19] iter:  227 | change:   0.04705 | c:    235.72077 | v:   0.50000 | time:    106.20 s
[10:34:19] iter:  228 | change:   0.04828 | c:    235.71882 | v:   0.50000 | time:    106.75 s
[10:34:20] iter:  229 | change:   0.05154 | c:    235.72215 | v:   0.50000 | time:    107.27 s
[10:34:20] iter:  230 | change:   0.05057 | c:    235.72025 | v:   0.50000 | time:    107.78 s
[10:34:21] iter:  231 | change:   0.05373 | c:    235.71871 | v:   0.50000 | time:    108.26 s
[10:34:21] iter:  232 | change:   0.04619 | c:    235.71714 | v:   0.50000 | time:    108.74 s
[10:34:22] iter:  233 | change:   0.04513 | c:    235.71547 | v:   0.50000 | time:    109.20 s
[10:34:22] iter:  234 | change:   0.04787 | c:    235.71374 | v:   0.50000 | time:    109.65 s
[10:34:23] iter:  235 | change:   0.05077 | c:    235.71194 | v:   0.50000 | time:    110.11 s
[10:34:23] iter:  236 | change:   0.05384 | c:    235.71007 | v:   0.50000 | time:    110.59 s
[10:34:24] iter:  237 | change:   0.05163 | c:    235.70815 | v:   0.50000 | time:    111.11 s
[10:34:24] iter:  238 | change:   0.05485 | c:    235.70670 | v:   0.50000 | time:    111.61 s
[10:34:25] iter:  239 | change:   0.05068 | c:    235.70514 | v:   0.50000 | time:    112.22 s
[10:34:25] iter:  240 | change:   0.04098 | c:    235.70854 | v:   0.50000 | time:    112.71 s
[10:34:26] iter:  241 | change:   0.04457 | c:    235.70751 | v:   0.50000 | time:    113.19 s
[10:34:26] iter:  242 | change:   0.03614 | c:    235.70222 | v:   0.50000 | time:    113.69 s
[10:34:27] iter:  243 | change:   0.03813 | c:    235.70156 | v:   0.50000 | time:    114.16 s
[10:34:27] iter:  244 | change:   0.04025 | c:    235.70080 | v:   0.50000 | time:    114.66 s
[10:34:28] iter:  245 | change:   0.04249 | c:    235.69975 | v:   0.50000 | time:    115.15 s
[10:34:28] iter:  246 | change:   0.04485 | c:    235.69878 | v:   0.50000 | time:    115.63 s
[10:34:29] iter:  247 | change:   0.04734 | c:    235.69768 | v:   0.50000 | time:    116.09 s
[10:34:29] iter:  248 | change:   0.04997 | c:    235.69638 | v:   0.50000 | time:    116.55 s
[10:34:30] iter:  249 | change:   0.05224 | c:    235.69493 | v:   0.50000 | time:    117.02 s
[10:34:30] iter:  250 | change:   0.04767 | c:    235.69382 | v:   0.50000 | time:    117.54 s
[10:34:31] iter:  251 | change:   0.03778 | c:    235.69275 | v:   0.50000 | time:    118.01 s
[10:34:31] iter:  252 | change:   0.03812 | c:    235.69176 | v:   0.50000 | time:    118.47 s
[10:34:32] iter:  253 | change:   0.04038 | c:    235.69096 | v:   0.50000 | time:    118.93 s
[10:34:32] iter:  254 | change:   0.04277 | c:    235.69002 | v:   0.50000 | time:    119.43 s
[10:34:32] iter:  255 | change:   0.04530 | c:    235.68895 | v:   0.50000 | time:    119.89 s
[10:34:33] iter:  256 | change:   0.04798 | c:    235.68768 | v:   0.50000 | time:    120.34 s
[10:34:33] iter:  257 | change:   0.04928 | c:    235.68614 | v:   0.50000 | time:    120.82 s
[10:34:34] iter:  258 | change:   0.05064 | c:    235.68878 | v:   0.50000 | time:    121.36 s
[10:34:34] iter:  259 | change:   0.05344 | c:    235.68685 | v:   0.50000 | time:    121.84 s
[10:34:35] iter:  260 | change:   0.04208 | c:    235.68501 | v:   0.50000 | time:    122.28 s
[10:34:35] iter:  261 | change:   0.04461 | c:    235.68340 | v:   0.50000 | time:    122.73 s
[10:34:36] iter:  262 | change:   0.04730 | c:    235.68190 | v:   0.50000 | time:    123.25 s
[10:34:36] iter:  263 | change:   0.05016 | c:    235.68036 | v:   0.50000 | time:    123.71 s
[10:34:37] iter:  264 | change:   0.05159 | c:    235.67889 | v:   0.50000 | time:    124.15 s
[10:34:37] iter:  265 | change:   0.04703 | c:    235.68156 | v:   0.50000 | time:    124.60 s
[10:34:38] iter:  266 | change:   0.04052 | c:    235.67973 | v:   0.50000 | time:    125.04 s
[10:34:38] iter:  267 | change:   0.04285 | c:    235.67784 | v:   0.50000 | time:    125.48 s
[10:34:39] iter:  268 | change:   0.04530 | c:    235.67577 | v:   0.50000 | time:    125.93 s
[10:34:39] iter:  269 | change:   0.04642 | c:    235.67342 | v:   0.50000 | time:    126.38 s
[10:34:39] iter:  270 | change:   0.05059 | c:    235.67490 | v:   0.50000 | time:    126.82 s
[10:34:40] iter:  271 | change:   0.04196 | c:    235.67176 | v:   0.50000 | time:    127.30 s
[10:34:40] iter:  272 | change:   0.04584 | c:    235.67261 | v:   0.50000 | time:    127.75 s
[10:34:41] iter:  273 | change:   0.04721 | c:    235.66900 | v:   0.50000 | time:    128.19 s
[10:34:41] iter:  274 | change:   0.05005 | c:    235.66924 | v:   0.50000 | time:    128.66 s
[10:34:42] iter:  275 | change:   0.05310 | c:    235.66908 | v:   0.50000 | time:    129.11 s
[10:34:42] iter:  276 | change:   0.03955 | c:    235.66858 | v:   0.50000 | time:    129.55 s
[10:34:43] iter:  277 | change:   0.04052 | c:    235.66375 | v:   0.50000 | time:    129.99 s
[10:34:43] iter:  278 | change:   0.04282 | c:    235.66274 | v:   0.50000 | time:    130.42 s
[10:34:43] iter:  279 | change:   0.04526 | c:    235.66110 | v:   0.50000 | time:    130.88 s
[10:34:44] iter:  280 | change:   0.04632 | c:    235.65881 | v:   0.50000 | time:    131.35 s
[10:34:44] iter:  281 | change:   0.05053 | c:    235.66043 | v:   0.50000 | time:    131.78 s
[10:34:45] iter:  282 | change:   0.04221 | c:    235.65701 | v:   0.50000 | time:    132.22 s
[10:34:45] iter:  283 | change:   0.04594 | c:    235.65817 | v:   0.50000 | time:    132.66 s
[10:34:46] iter:  284 | change:   0.04394 | c:    235.65461 | v:   0.50000 | time:    133.12 s
[10:34:46] iter:  285 | change:   0.04552 | c:    235.65060 | v:   0.50000 | time:    133.56 s
[10:34:47] iter:  286 | change:   0.04850 | c:    235.65077 | v:   0.50000 | time:    134.02 s
[10:34:47] iter:  287 | change:   0.05169 | c:    235.65028 | v:   0.50000 | time:    134.47 s
[10:34:48] iter:  288 | change:   0.05511 | c:    235.64897 | v:   0.50000 | time:    134.95 s
[10:34:48] iter:  289 | change:   0.05552 | c:    235.64686 | v:   0.50000 | time:    135.44 s
[10:34:48] iter:  290 | change:   0.05957 | c:    235.64423 | v:   0.50000 | time:    135.89 s
[10:34:49] iter:  291 | change:   0.06385 | c:    235.64090 | v:   0.50000 | time:    136.35 s
[10:34:49] iter:  292 | change:   0.06681 | c:    235.63679 | v:   0.50000 | time:    136.78 s
[10:34:50] iter:  293 | change:   0.07076 | c:    235.63688 | v:   0.50000 | time:    137.23 s
[10:34:50] iter:  294 | change:   0.06861 | c:    235.63185 | v:   0.50000 | time:    137.68 s
[10:34:51] iter:  295 | change:   0.06702 | c:    235.63234 | v:   0.50000 | time:    138.12 s
[10:34:51] iter:  296 | change:   0.06567 | c:    235.62819 | v:   0.50000 | time:    138.56 s
[10:34:52] iter:  297 | change:   0.06740 | c:    235.62874 | v:   0.50000 | time:    139.00 s
[10:34:52] iter:  298 | change:   0.06812 | c:    235.62447 | v:   0.50000 | time:    139.47 s
[10:34:53] iter:  299 | change:   0.06578 | c:    235.61993 | v:   0.50000 | time:    139.93 s
[10:34:53] iter:  300 | change:   0.07305 | c:    235.62067 | v:   0.50000 | time:    140.37 s
[Warning: Maximum iteration count reached before the change tolerance was met.] 
[> In run_mtop_oc_density>solve_mtop_mbb_oc_density (line 215)
In run_mtop_oc_density (line 48)
In run_assignment (line 78)] 

Saved step 3 (MTOP) result data:
  C:\Users\campa\Desktop\Structural-Optimization-LUKASTIEBERT\matlab\results\mtop_oc_density.mat
  C:\Users\campa\Desktop\Structural-Optimization-LUKASTIEBERT\matlab\results\mtop_oc_density_history.csv
  C:\Users\campa\Desktop\Structural-Optimization-LUKASTIEBERT\matlab\results\mtop_oc_density_summary.txt
Saved step 3 (MTOP) figures in:
  C:\Users\campa\Desktop\Structural-Optimization-LUKASTIEBERT\matlab\figures

Step 3 (MTOP density) completed.
  Iterations:              300
  Elapsed time [s]:        140.37
  MTOP compliance:         235.620671
  Fine-mesh compliance:    241.028078
  Volume fraction:         0.499999
  Speedup vs classical:    6.18

Running assignment step 4: MTOP MMA sensitivity
  FE mesh:       120 x 40 elements
  Density mesh:  600 x 200 cells
  Cells per FE:  5 x 5
  Volume target: 0.5000
  Penalization:  3.0000
  Filter radius: 24.0000 density cells (sensitivity filter)

[10:35:07] iter:    1 | change:   1.00000 | c:   1027.43234 | v:   0.50000 | time:      0.84 s
[10:35:08] iter:    2 | change:   0.19997 | c:    752.63829 | v:   0.47225 | time:      1.39 s
[10:35:08] iter:    3 | change:   0.17093 | c:    561.16939 | v:   0.48152 | time:      1.94 s
[10:35:09] iter:    4 | change:   0.15126 | c:    457.95576 | v:   0.48834 | time:      2.49 s
[10:35:10] iter:    5 | change:   0.13529 | c:    400.89612 | v:   0.49298 | time:      3.11 s
[10:35:10] iter:    6 | change:   0.11871 | c:    370.81183 | v:   0.49648 | time:      3.69 s
[10:35:11] iter:    7 | change:   0.11811 | c:    354.12019 | v:   0.49796 | time:      4.23 s
[10:35:11] iter:    8 | change:   0.19086 | c:    344.84658 | v:   0.49832 | time:      4.76 s
[10:35:12] iter:    9 | change:   0.19937 | c:    337.36301 | v:   0.49826 | time:      5.32 s
[10:35:12] iter:   10 | change:   0.19907 | c:    329.42056 | v:   0.49849 | time:      5.85 s
[10:35:13] iter:   11 | change:   0.19975 | c:    324.25534 | v:   0.49858 | time:      6.37 s
[10:35:13] iter:   12 | change:   0.19976 | c:    320.61680 | v:   0.49829 | time:      6.90 s
[10:35:14] iter:   13 | change:   0.19995 | c:    315.99883 | v:   0.49792 | time:      7.44 s
[10:35:15] iter:   14 | change:   0.19984 | c:    309.29689 | v:   0.49805 | time:      7.99 s
[10:35:15] iter:   15 | change:   0.19991 | c:    303.42685 | v:   0.49835 | time:      8.52 s
[10:35:16] iter:   16 | change:   0.19989 | c:    298.38163 | v:   0.49806 | time:      9.07 s
[10:35:16] iter:   17 | change:   0.19989 | c:    293.62498 | v:   0.49763 | time:      9.59 s
[10:35:17] iter:   18 | change:   0.19993 | c:    286.71389 | v:   0.49649 | time:     10.11 s
[10:35:17] iter:   19 | change:   0.19993 | c:    283.73612 | v:   0.49466 | time:     10.62 s
[10:35:18] iter:   20 | change:   0.19995 | c:    276.42297 | v:   0.49294 | time:     11.15 s
[10:35:18] iter:   21 | change:   0.19996 | c:    273.36824 | v:   0.49299 | time:     11.67 s
[10:35:19] iter:   22 | change:   0.19997 | c:    265.38225 | v:   0.49335 | time:     12.22 s
[10:35:19] iter:   23 | change:   0.19995 | c:    260.97282 | v:   0.49405 | time:     12.75 s
[10:35:20] iter:   24 | change:   0.19992 | c:    254.12363 | v:   0.49520 | time:     13.36 s
[10:35:21] iter:   25 | change:   0.19991 | c:    248.77619 | v:   0.49646 | time:     13.96 s
[10:35:21] iter:   26 | change:   0.19991 | c:    242.89505 | v:   0.49699 | time:     14.55 s
[10:35:22] iter:   27 | change:   0.19983 | c:    238.06125 | v:   0.49790 | time:     15.17 s
[10:35:22] iter:   28 | change:   0.19984 | c:    235.31945 | v:   0.49828 | time:     15.79 s
[10:35:23] iter:   29 | change:   0.19982 | c:    233.01997 | v:   0.49843 | time:     16.44 s
[10:35:24] iter:   30 | change:   0.19988 | c:    231.81565 | v:   0.49821 | time:     17.11 s
[10:35:24] iter:   31 | change:   0.19992 | c:    230.68330 | v:   0.49836 | time:     17.75 s
[10:35:25] iter:   32 | change:   0.19971 | c:    229.54524 | v:   0.49853 | time:     18.56 s
[10:35:26] iter:   33 | change:   0.19979 | c:    227.90123 | v:   0.49889 | time:     19.23 s
[10:35:27] iter:   34 | change:   0.19983 | c:    226.70765 | v:   0.49934 | time:     19.98 s
[10:35:27] iter:   35 | change:   0.19986 | c:    226.25510 | v:   0.49947 | time:     20.67 s
[10:35:28] iter:   36 | change:   0.19990 | c:    225.76753 | v:   0.49956 | time:     21.38 s
[10:35:29] iter:   37 | change:   0.19984 | c:    225.45215 | v:   0.49958 | time:     22.04 s
[10:35:29] iter:   38 | change:   0.19988 | c:    225.04788 | v:   0.49963 | time:     22.68 s
[10:35:30] iter:   39 | change:   0.19980 | c:    224.79859 | v:   0.49964 | time:     23.37 s
[10:35:31] iter:   40 | change:   0.19983 | c:    224.51507 | v:   0.49962 | time:     24.01 s
[10:35:31] iter:   41 | change:   0.19988 | c:    224.60669 | v:   0.49960 | time:     24.64 s
[10:35:32] iter:   42 | change:   0.19990 | c:    223.98760 | v:   0.49959 | time:     25.26 s
[10:35:33] iter:   43 | change:   0.19990 | c:    224.44246 | v:   0.49946 | time:     25.97 s
[10:35:33] iter:   44 | change:   0.19990 | c:    223.89457 | v:   0.49947 | time:     26.63 s
[10:35:34] iter:   45 | change:   0.19990 | c:    223.83893 | v:   0.49947 | time:     27.34 s
[10:35:35] iter:   46 | change:   0.19985 | c:    223.91874 | v:   0.49943 | time:     28.06 s
[10:35:35] iter:   47 | change:   0.19989 | c:    223.46581 | v:   0.49950 | time:     28.80 s
[10:35:36] iter:   48 | change:   0.19966 | c:    223.30887 | v:   0.49964 | time:     29.55 s
[10:35:37] iter:   49 | change:   0.19954 | c:    223.08769 | v:   0.49980 | time:     30.33 s
[10:35:38] iter:   50 | change:   0.19954 | c:    222.92671 | v:   0.49989 | time:     31.05 s
[10:35:38] iter:   51 | change:   0.19973 | c:    222.83755 | v:   0.49993 | time:     31.78 s
[10:35:39] iter:   52 | change:   0.19764 | c:    222.74824 | v:   0.49994 | time:     32.50 s
[10:35:40] iter:   53 | change:   0.19845 | c:    222.67450 | v:   0.49996 | time:     33.26 s
[10:35:41] iter:   54 | change:   0.19765 | c:    222.57865 | v:   0.49996 | time:     34.00 s
[10:35:41] iter:   55 | change:   0.19951 | c:    222.51307 | v:   0.49996 | time:     34.74 s
[10:35:42] iter:   56 | change:   0.19938 | c:    222.42850 | v:   0.49995 | time:     35.44 s
[10:35:43] iter:   57 | change:   0.19972 | c:    222.45385 | v:   0.49992 | time:     36.10 s
[10:35:43] iter:   58 | change:   0.19984 | c:    222.32053 | v:   0.49984 | time:     36.78 s
[10:35:44] iter:   59 | change:   0.19986 | c:    222.93503 | v:   0.49961 | time:     37.53 s
[10:35:45] iter:   60 | change:   0.19989 | c:    222.62074 | v:   0.49950 | time:     38.30 s
[10:35:46] iter:   61 | change:   0.19989 | c:    222.99894 | v:   0.49944 | time:     39.03 s
[10:35:46] iter:   62 | change:   0.19992 | c:    222.51675 | v:   0.49952 | time:     39.76 s
[10:35:47] iter:   63 | change:   0.19982 | c:    222.70293 | v:   0.49967 | time:     40.51 s
[10:35:48] iter:   64 | change:   0.19981 | c:    222.18400 | v:   0.49974 | time:     41.27 s
[10:35:49] iter:   65 | change:   0.19987 | c:    222.27476 | v:   0.49985 | time:     42.02 s
[10:35:49] iter:   66 | change:   0.19805 | c:    222.05192 | v:   0.49992 | time:     42.78 s
[10:35:50] iter:   67 | change:   0.19797 | c:    222.05081 | v:   0.49996 | time:     43.53 s
[10:35:51] iter:   68 | change:   0.19857 | c:    221.97109 | v:   0.49997 | time:     44.23 s
[10:35:51] iter:   69 | change:   0.18472 | c:    221.95317 | v:   0.49998 | time:     44.93 s
[10:35:52] iter:   70 | change:   0.14039 | c:    221.89082 | v:   0.49998 | time:     45.67 s
[10:35:53] iter:   71 | change:   0.11954 | c:    221.84481 | v:   0.49998 | time:     46.43 s
[10:35:54] iter:   72 | change:   0.19838 | c:    221.80392 | v:   0.49998 | time:     47.16 s
[10:35:54] iter:   73 | change:   0.19934 | c:    221.76225 | v:   0.49997 | time:     47.85 s
[10:35:55] iter:   74 | change:   0.19975 | c:    221.76872 | v:   0.49993 | time:     48.55 s
[10:35:56] iter:   75 | change:   0.19976 | c:    221.81733 | v:   0.49985 | time:     49.22 s
[10:35:56] iter:   76 | change:   0.19983 | c:    222.10318 | v:   0.49967 | time:     49.85 s
[10:35:57] iter:   77 | change:   0.19988 | c:    222.10343 | v:   0.49952 | time:     50.60 s
[10:35:58] iter:   78 | change:   0.19990 | c:    222.16162 | v:   0.49945 | time:     51.31 s
[10:35:59] iter:   79 | change:   0.19990 | c:    222.15659 | v:   0.49953 | time:     52.00 s
[10:35:59] iter:   80 | change:   0.19992 | c:    221.89187 | v:   0.49965 | time:     52.70 s
[10:36:00] iter:   81 | change:   0.19989 | c:    221.70756 | v:   0.49982 | time:     53.30 s
[10:36:00] iter:   82 | change:   0.19978 | c:    221.58594 | v:   0.49991 | time:     53.94 s
[10:36:01] iter:   83 | change:   0.19931 | c:    221.50379 | v:   0.49996 | time:     54.70 s
[10:36:02] iter:   84 | change:   0.19595 | c:    221.47585 | v:   0.49998 | time:     55.44 s
[10:36:03] iter:   85 | change:   0.17789 | c:    221.45925 | v:   0.49999 | time:     56.11 s
[10:36:03] iter:   86 | change:   0.11837 | c:    221.44590 | v:   0.49999 | time:     56.78 s
[10:36:04] iter:   87 | change:   0.11678 | c:    221.42799 | v:   0.49999 | time:     57.45 s
[10:36:05] iter:   88 | change:   0.05861 | c:    221.40302 | v:   0.49999 | time:     58.13 s
[10:36:05] iter:   89 | change:   0.05391 | c:    221.38269 | v:   0.49999 | time:     58.86 s
[10:36:06] iter:   90 | change:   0.07139 | c:    221.35684 | v:   0.49999 | time:     59.55 s
[10:36:07] iter:   91 | change:   0.19077 | c:    221.34463 | v:   0.49999 | time:     60.22 s
[10:36:07] iter:   92 | change:   0.19866 | c:    221.31979 | v:   0.49998 | time:     60.90 s
[10:36:08] iter:   93 | change:   0.19963 | c:    221.39687 | v:   0.49994 | time:     61.61 s
[10:36:09] iter:   94 | change:   0.19977 | c:    221.46553 | v:   0.49987 | time:     62.35 s
[10:36:10] iter:   95 | change:   0.19989 | c:    221.70043 | v:   0.49957 | time:     63.09 s
[10:36:10] iter:   96 | change:   0.19991 | c:    222.50098 | v:   0.49924 | time:     63.78 s
[10:36:11] iter:   97 | change:   0.19992 | c:    222.09424 | v:   0.49900 | time:     64.43 s
[10:36:12] iter:   98 | change:   0.19991 | c:    222.27959 | v:   0.49911 | time:     65.08 s
[10:36:12] iter:   99 | change:   0.19988 | c:    222.05818 | v:   0.49933 | time:     65.75 s
[10:36:13] iter:  100 | change:   0.19988 | c:    221.52923 | v:   0.49973 | time:     66.41 s
[10:36:14] iter:  101 | change:   0.19960 | c:    221.33905 | v:   0.49991 | time:     67.09 s
[10:36:14] iter:  102 | change:   0.19053 | c:    221.23808 | v:   0.49997 | time:     67.72 s
[10:36:15] iter:  103 | change:   0.19350 | c:    221.24843 | v:   0.49999 | time:     68.35 s
[10:36:16] iter:  104 | change:   0.11606 | c:    221.25397 | v:   0.49999 | time:     69.04 s
[10:36:16] iter:  105 | change:   0.04353 | c:    221.25848 | v:   0.50000 | time:     69.69 s
[10:36:17] iter:  106 | change:   0.01963 | c:    221.26195 | v:   0.50000 | time:     70.33 s
[10:36:18] iter:  107 | change:   0.02246 | c:    221.25529 | v:   0.50000 | time:     70.98 s
[10:36:18] iter:  108 | change:   0.05249 | c:    221.24689 | v:   0.50000 | time:     71.63 s
[10:36:19] iter:  109 | change:   0.07244 | c:    221.22875 | v:   0.50000 | time:     72.31 s
[10:36:20] iter:  110 | change:   0.19943 | c:    221.21504 | v:   0.49999 | time:     73.03 s
[10:36:20] iter:  111 | change:   0.19951 | c:    221.20913 | v:   0.49999 | time:     73.74 s
[10:36:21] iter:  112 | change:   0.19975 | c:    221.18482 | v:   0.49996 | time:     74.46 s
[10:36:22] iter:  113 | change:   0.19988 | c:    221.36816 | v:   0.49991 | time:     75.17 s
[10:36:22] iter:  114 | change:   0.19991 | c:    221.22144 | v:   0.49983 | time:     75.90 s
[10:36:23] iter:  115 | change:   0.19991 | c:    221.58401 | v:   0.49963 | time:     76.63 s
[10:36:24] iter:  116 | change:   0.19980 | c:    222.02796 | v:   0.49934 | time:     77.32 s
[10:36:25] iter:  117 | change:   0.19991 | c:    221.82385 | v:   0.49931 | time:     78.07 s
[10:36:25] iter:  118 | change:   0.19991 | c:    221.77585 | v:   0.49941 | time:     78.79 s
[10:36:26] iter:  119 | change:   0.19980 | c:    221.57860 | v:   0.49958 | time:     79.52 s
[10:36:27] iter:  120 | change:   0.19985 | c:    221.30991 | v:   0.49976 | time:     80.29 s
[10:36:28] iter:  121 | change:   0.19957 | c:    221.21858 | v:   0.49990 | time:     80.99 s
[10:36:28] iter:  122 | change:   0.19953 | c:    221.13198 | v:   0.49997 | time:     81.69 s
[10:36:29] iter:  123 | change:   0.19522 | c:    221.10075 | v:   0.49999 | time:     82.39 s
[10:36:30] iter:  124 | change:   0.12443 | c:    221.09739 | v:   0.50000 | time:     83.11 s
[10:36:30] iter:  125 | change:   0.04777 | c:    221.09704 | v:   0.50000 | time:     83.84 s
[10:36:31] iter:  126 | change:   0.03047 | c:    221.09570 | v:   0.50000 | time:     84.52 s
[10:36:32] iter:  127 | change:   0.06369 | c:    221.09651 | v:   0.50000 | time:     85.23 s
[10:36:32] iter:  128 | change:   0.05790 | c:    221.09023 | v:   0.50000 | time:     85.94 s
[10:36:33] iter:  129 | change:   0.07465 | c:    221.08592 | v:   0.50000 | time:     86.69 s
[10:36:34] iter:  130 | change:   0.09985 | c:    221.08106 | v:   0.50000 | time:     87.41 s
[10:36:35] iter:  131 | change:   0.19928 | c:    221.06954 | v:   0.49999 | time:     88.14 s
[10:36:35] iter:  132 | change:   0.19951 | c:    221.12958 | v:   0.49997 | time:     88.89 s
[10:36:36] iter:  133 | change:   0.19959 | c:    221.07105 | v:   0.49995 | time:     89.64 s
[10:36:37] iter:  134 | change:   0.19988 | c:    221.20653 | v:   0.49987 | time:     90.38 s
[10:36:38] iter:  135 | change:   0.19985 | c:    221.35427 | v:   0.49978 | time:     91.16 s
[10:36:38] iter:  136 | change:   0.19990 | c:    221.38884 | v:   0.49967 | time:     91.89 s
[10:36:39] iter:  137 | change:   0.19992 | c:    221.47029 | v:   0.49957 | time:     92.62 s
[10:36:40] iter:  138 | change:   0.19984 | c:    221.75537 | v:   0.49952 | time:     93.32 s
[10:36:41] iter:  139 | change:   0.19988 | c:    221.26654 | v:   0.49971 | time:     94.05 s
[10:36:41] iter:  140 | change:   0.19981 | c:    221.16704 | v:   0.49989 | time:     94.76 s
[10:36:42] iter:  141 | change:   0.19987 | c:    221.05367 | v:   0.49996 | time:     95.48 s
[10:36:43] iter:  142 | change:   0.18426 | c:    221.03422 | v:   0.49999 | time:     96.21 s
[10:36:44] iter:  143 | change:   0.19844 | c:    221.03448 | v:   0.49999 | time:     96.97 s
[10:36:44] iter:  144 | change:   0.11066 | c:    221.03800 | v:   0.50000 | time:     97.67 s
[10:36:45] iter:  145 | change:   0.04406 | c:    221.04476 | v:   0.50000 | time:     98.34 s
[10:36:46] iter:  146 | change:   0.03575 | c:    221.04834 | v:   0.50000 | time:     99.04 s
[10:36:46] iter:  147 | change:   0.03597 | c:    221.04940 | v:   0.50000 | time:     99.72 s
[10:36:47] iter:  148 | change:   0.04195 | c:    221.05200 | v:   0.50000 | time:    100.47 s
[10:36:48] iter:  149 | change:   0.12008 | c:    221.04393 | v:   0.50000 | time:    101.14 s
[10:36:48] iter:  150 | change:   0.19638 | c:    221.05124 | v:   0.49999 | time:    101.85 s
[10:36:49] iter:  151 | change:   0.16454 | c:    221.05108 | v:   0.49999 | time:    102.59 s
[10:36:50] iter:  152 | change:   0.19981 | c:    221.03166 | v:   0.49997 | time:    103.29 s
[10:36:51] iter:  153 | change:   0.19969 | c:    221.23237 | v:   0.49993 | time:    103.99 s
[10:36:51] iter:  154 | change:   0.19991 | c:    221.02479 | v:   0.49984 | time:    104.69 s
[10:36:52] iter:  155 | change:   0.19988 | c:    221.81629 | v:   0.49959 | time:    105.39 s
[10:36:53] iter:  156 | change:   0.19991 | c:    221.62990 | v:   0.49931 | time:    106.06 s
[10:36:53] iter:  157 | change:   0.19990 | c:    221.98962 | v:   0.49926 | time:    106.73 s
[10:36:54] iter:  158 | change:   0.19992 | c:    221.70365 | v:   0.49933 | time:    107.42 s
[10:36:55] iter:  159 | change:   0.19991 | c:    221.49897 | v:   0.49955 | time:    108.18 s
[10:36:55] iter:  160 | change:   0.19984 | c:    221.24358 | v:   0.49980 | time:    108.83 s
[10:36:56] iter:  161 | change:   0.19905 | c:    221.09068 | v:   0.49994 | time:    109.54 s
[10:36:57] iter:  162 | change:   0.18953 | c:    221.03941 | v:   0.49998 | time:    110.21 s
[10:36:57] iter:  163 | change:   0.16284 | c:    221.04014 | v:   0.49999 | time:    110.91 s
[10:36:58] iter:  164 | change:   0.10642 | c:    221.04941 | v:   0.50000 | time:    111.61 s
[10:36:59] iter:  165 | change:   0.05400 | c:    221.05490 | v:   0.50000 | time:    112.29 s
[10:37:00] iter:  166 | change:   0.04585 | c:    221.06323 | v:   0.50000 | time:    112.96 s
[10:37:00] iter:  167 | change:   0.04516 | c:    221.06578 | v:   0.50000 | time:    113.68 s
[10:37:01] iter:  168 | change:   0.01279 | c:    221.06917 | v:   0.50000 | time:    114.38 s
[10:37:02] iter:  169 | change:   0.03084 | c:    221.06991 | v:   0.50000 | time:    115.11 s
[10:37:02] iter:  170 | change:   0.08219 | c:    221.06991 | v:   0.50000 | time:    115.86 s
[10:37:03] iter:  171 | change:   0.18082 | c:    221.06840 | v:   0.50000 | time:    116.76 s
[10:37:04] iter:  172 | change:   0.19881 | c:    221.07972 | v:   0.49999 | time:    117.59 s
[10:37:05] iter:  173 | change:   0.19965 | c:    221.06283 | v:   0.49998 | time:    118.37 s
[10:37:06] iter:  174 | change:   0.19978 | c:    221.19042 | v:   0.49995 | time:    119.14 s
[10:37:06] iter:  175 | change:   0.19989 | c:    221.07249 | v:   0.49987 | time:    119.89 s
[10:37:07] iter:  176 | change:   0.19990 | c:    221.80982 | v:   0.49963 | time:    120.65 s
[10:37:08] iter:  177 | change:   0.19992 | c:    221.52200 | v:   0.49932 | time:    121.41 s
[10:37:09] iter:  178 | change:   0.19992 | c:    222.69202 | v:   0.49886 | time:    122.13 s
[10:37:09] iter:  179 | change:   0.19992 | c:    222.29714 | v:   0.49901 | time:    122.86 s
[10:37:10] iter:  180 | change:   0.19991 | c:    221.50533 | v:   0.49934 | time:    123.57 s
[10:37:11] iter:  181 | change:   0.19979 | c:    221.49026 | v:   0.49969 | time:    124.36 s
[10:37:12] iter:  182 | change:   0.19963 | c:    221.13112 | v:   0.49990 | time:    125.11 s
[10:37:12] iter:  183 | change:   0.19750 | c:    221.06128 | v:   0.49997 | time:    125.83 s
[10:37:13] iter:  184 | change:   0.12539 | c:    221.05610 | v:   0.49999 | time:    126.57 s
[10:37:14] iter:  185 | change:   0.17694 | c:    221.06312 | v:   0.50000 | time:    127.33 s
[10:37:15] iter:  186 | change:   0.19508 | c:    221.07133 | v:   0.50000 | time:    128.09 s
[10:37:15] iter:  187 | change:   0.11095 | c:    221.07972 | v:   0.50000 | time:    128.81 s
[10:37:16] iter:  188 | change:   0.00692 | c:    221.08514 | v:   0.50000 | time:    129.51 s

Saved step 4 (MTOP MMA sensitivity) result data:
  C:\Users\campa\Desktop\Structural-Optimization-LUKASTIEBERT\matlab\results\mtop_mma_sensitivity.mat
  C:\Users\campa\Desktop\Structural-Optimization-LUKASTIEBERT\matlab\results\mtop_mma_sensitivity_history.csv
  C:\Users\campa\Desktop\Structural-Optimization-LUKASTIEBERT\matlab\results\mtop_mma_sensitivity_summary.txt
Saved step 4 (MTOP MMA sensitivity) figures in:
  C:\Users\campa\Desktop\Structural-Optimization-LUKASTIEBERT\matlab\figures

Step 4 (MTOP MMA sensitivity) completed.
  Iterations:           188
  Elapsed time [s]:     129.51
  MTOP compliance:      221.085142
  Fine-mesh compliance: 226.452318
  Volume fraction:      0.499999

Running assignment step 4: MTOP MMA density
  FE mesh:       120 x 40 elements
  Density mesh:  600 x 200 cells
  Cells per FE:  5 x 5
  Volume target: 0.5000
  Penalization:  3.0000
  Filter radius: 24.0000 density cells (density filter)

[10:37:25] iter:    1 | change:   1.00000 | c:   1027.43234 | v:   0.50000 | time:      0.66 s
[10:37:26] iter:    2 | change:   0.19996 | c:    763.84206 | v:   0.47191 | time:      1.17 s
[10:37:26] iter:    3 | change:   0.16750 | c:    573.90637 | v:   0.48060 | time:      1.69 s
[10:37:27] iter:    4 | change:   0.15174 | c:    470.05857 | v:   0.48717 | time:      2.26 s
[10:37:28] iter:    5 | change:   0.13678 | c:    411.41571 | v:   0.49204 | time:      2.87 s
[10:37:28] iter:    6 | change:   0.12267 | c:    380.40424 | v:   0.49574 | time:      3.49 s
[10:37:29] iter:    7 | change:   0.13142 | c:    363.72825 | v:   0.49740 | time:      4.05 s
[10:37:29] iter:    8 | change:   0.14291 | c:    352.98953 | v:   0.49808 | time:      4.60 s
[10:37:30] iter:    9 | change:   0.16226 | c:    345.11388 | v:   0.49849 | time:      5.16 s
[10:37:30] iter:   10 | change:   0.16835 | c:    338.84210 | v:   0.49874 | time:      5.72 s
[10:37:31] iter:   11 | change:   0.16098 | c:    332.71609 | v:   0.49867 | time:      6.27 s
[10:37:31] iter:   12 | change:   0.16485 | c:    326.34264 | v:   0.49851 | time:      6.80 s
[10:37:32] iter:   13 | change:   0.18140 | c:    320.06509 | v:   0.49853 | time:      7.33 s
[10:37:33] iter:   14 | change:   0.17173 | c:    313.97133 | v:   0.49858 | time:      7.91 s
[10:37:33] iter:   15 | change:   0.17661 | c:    308.19614 | v:   0.49863 | time:      8.51 s
[10:37:34] iter:   16 | change:   0.18823 | c:    302.46649 | v:   0.49865 | time:      9.10 s
[10:37:34] iter:   17 | change:   0.19196 | c:    296.71794 | v:   0.49863 | time:      9.69 s
[10:37:35] iter:   18 | change:   0.19372 | c:    290.44348 | v:   0.49838 | time:     10.25 s
[10:37:35] iter:   19 | change:   0.19634 | c:    283.82779 | v:   0.49784 | time:     10.80 s
[10:37:36] iter:   20 | change:   0.19621 | c:    277.50444 | v:   0.49687 | time:     11.36 s
[10:37:37] iter:   21 | change:   0.19819 | c:    271.79983 | v:   0.49513 | time:     11.95 s
[10:37:37] iter:   22 | change:   0.19813 | c:    262.66688 | v:   0.49628 | time:     12.56 s
[10:37:38] iter:   23 | change:   0.19769 | c:    256.57047 | v:   0.49827 | time:     13.21 s
[10:37:39] iter:   24 | change:   0.19671 | c:    252.94855 | v:   0.49892 | time:     13.87 s
[10:37:39] iter:   25 | change:   0.19630 | c:    250.25772 | v:   0.49899 | time:     14.58 s
[10:37:40] iter:   26 | change:   0.19557 | c:    248.16333 | v:   0.49933 | time:     15.18 s
[10:37:41] iter:   27 | change:   0.19445 | c:    246.70400 | v:   0.49948 | time:     15.84 s
[10:37:41] iter:   28 | change:   0.19180 | c:    245.40843 | v:   0.49949 | time:     16.44 s
[10:37:42] iter:   29 | change:   0.19087 | c:    244.07185 | v:   0.49945 | time:     17.05 s
[10:37:42] iter:   30 | change:   0.18711 | c:    242.69256 | v:   0.49940 | time:     17.67 s
[10:37:43] iter:   31 | change:   0.18761 | c:    241.45331 | v:   0.49953 | time:     18.28 s
[10:37:44] iter:   32 | change:   0.18385 | c:    240.57901 | v:   0.49965 | time:     18.90 s
[10:37:44] iter:   33 | change:   0.18251 | c:    239.85845 | v:   0.49971 | time:     19.54 s
[10:37:45] iter:   34 | change:   0.18302 | c:    239.28762 | v:   0.49979 | time:     20.17 s
[10:37:45] iter:   35 | change:   0.18322 | c:    238.84864 | v:   0.49984 | time:     20.80 s
[10:37:46] iter:   36 | change:   0.18312 | c:    238.48962 | v:   0.49986 | time:     21.43 s
[10:37:47] iter:   37 | change:   0.17318 | c:    238.18658 | v:   0.49989 | time:     22.05 s
[10:37:47] iter:   38 | change:   0.17205 | c:    237.94406 | v:   0.49991 | time:     22.76 s
[10:37:48] iter:   39 | change:   0.17351 | c:    237.75164 | v:   0.49993 | time:     23.42 s
[10:37:49] iter:   40 | change:   0.17713 | c:    237.59083 | v:   0.49994 | time:     24.04 s
[10:37:49] iter:   41 | change:   0.16631 | c:    237.45361 | v:   0.49995 | time:     24.64 s
[10:37:50] iter:   42 | change:   0.17172 | c:    237.33882 | v:   0.49996 | time:     25.26 s
[10:37:51] iter:   43 | change:   0.16734 | c:    237.24312 | v:   0.49997 | time:     25.85 s
[10:37:51] iter:   44 | change:   0.16597 | c:    237.15944 | v:   0.49997 | time:     26.44 s
[10:37:52] iter:   45 | change:   0.16268 | c:    237.08515 | v:   0.49997 | time:     27.03 s
[10:37:52] iter:   46 | change:   0.16442 | c:    237.02077 | v:   0.49998 | time:     27.58 s
[10:37:53] iter:   47 | change:   0.16464 | c:    236.96448 | v:   0.49998 | time:     28.17 s
[10:37:53] iter:   48 | change:   0.15164 | c:    236.91282 | v:   0.49998 | time:     28.76 s
[10:37:54] iter:   49 | change:   0.15594 | c:    236.86323 | v:   0.49998 | time:     29.33 s
[10:37:55] iter:   50 | change:   0.15133 | c:    236.81985 | v:   0.49998 | time:     29.97 s
[10:37:55] iter:   51 | change:   0.14995 | c:    236.78175 | v:   0.49999 | time:     30.62 s
[10:37:56] iter:   52 | change:   0.14930 | c:    236.74411 | v:   0.49999 | time:     31.29 s
[10:37:57] iter:   53 | change:   0.15486 | c:    236.70615 | v:   0.49999 | time:     31.87 s
[10:37:57] iter:   54 | change:   0.14758 | c:    236.66998 | v:   0.49999 | time:     32.44 s
[10:37:58] iter:   55 | change:   0.14764 | c:    236.63722 | v:   0.49999 | time:     33.03 s
[10:37:58] iter:   56 | change:   0.14816 | c:    236.60562 | v:   0.49999 | time:     33.63 s
[10:37:59] iter:   57 | change:   0.14258 | c:    236.57446 | v:   0.49999 | time:     34.26 s
[10:38:00] iter:   58 | change:   0.14295 | c:    236.54423 | v:   0.49999 | time:     34.86 s
[10:38:00] iter:   59 | change:   0.14333 | c:    236.51499 | v:   0.49999 | time:     35.46 s
[10:38:01] iter:   60 | change:   0.14536 | c:    236.48646 | v:   0.49999 | time:     36.11 s
[10:38:01] iter:   61 | change:   0.14020 | c:    236.45919 | v:   0.49999 | time:     36.79 s
[10:38:02] iter:   62 | change:   0.13857 | c:    236.43287 | v:   0.49999 | time:     37.50 s
[10:38:03] iter:   63 | change:   0.13884 | c:    236.40671 | v:   0.49999 | time:     38.20 s
[10:38:04] iter:   64 | change:   0.14071 | c:    236.38125 | v:   0.49999 | time:     38.87 s
[10:38:04] iter:   65 | change:   0.13691 | c:    236.35715 | v:   0.49999 | time:     39.48 s
[10:38:05] iter:   66 | change:   0.13453 | c:    236.33403 | v:   0.49999 | time:     40.28 s
[10:38:06] iter:   67 | change:   0.13482 | c:    236.31067 | v:   0.49999 | time:     41.05 s
[10:38:06] iter:   68 | change:   0.13481 | c:    236.28742 | v:   0.49999 | time:     41.69 s
[10:38:07] iter:   69 | change:   0.13505 | c:    236.26518 | v:   0.49999 | time:     42.39 s
[10:38:08] iter:   70 | change:   0.13126 | c:    236.24416 | v:   0.49999 | time:     43.04 s
[10:38:08] iter:   71 | change:   0.12936 | c:    236.22352 | v:   0.49999 | time:     43.74 s
[10:38:09] iter:   72 | change:   0.13023 | c:    236.20279 | v:   0.49999 | time:     44.40 s
[10:38:10] iter:   73 | change:   0.13216 | c:    236.18230 | v:   0.49999 | time:     45.06 s
[10:38:10] iter:   74 | change:   0.12849 | c:    236.16299 | v:   0.49999 | time:     45.73 s
[10:38:11] iter:   75 | change:   0.12759 | c:    236.14467 | v:   0.49999 | time:     46.38 s
[10:38:12] iter:   76 | change:   0.12458 | c:    236.12662 | v:   0.49999 | time:     47.02 s
[10:38:12] iter:   77 | change:   0.12461 | c:    236.10848 | v:   0.49999 | time:     47.64 s
[10:38:13] iter:   78 | change:   0.12735 | c:    236.09014 | v:   0.49999 | time:     48.26 s
[10:38:14] iter:   79 | change:   0.12559 | c:    236.07240 | v:   0.49999 | time:     48.88 s
[10:38:14] iter:   80 | change:   0.12164 | c:    236.05565 | v:   0.49999 | time:     49.48 s
[10:38:15] iter:   81 | change:   0.12266 | c:    236.03933 | v:   0.49999 | time:     50.07 s
[10:38:15] iter:   82 | change:   0.12065 | c:    236.02307 | v:   0.49999 | time:     50.60 s
[10:38:16] iter:   83 | change:   0.12132 | c:    236.00667 | v:   0.49999 | time:     51.17 s
[10:38:16] iter:   84 | change:   0.12238 | c:    235.99039 | v:   0.49999 | time:     51.74 s
[10:38:17] iter:   85 | change:   0.11928 | c:    235.97494 | v:   0.49999 | time:     52.28 s
[10:38:17] iter:   86 | change:   0.11709 | c:    235.96029 | v:   0.49999 | time:     52.81 s
[10:38:18] iter:   87 | change:   0.11416 | c:    235.94581 | v:   0.49999 | time:     53.39 s
[10:38:19] iter:   88 | change:   0.11443 | c:    235.93126 | v:   0.49999 | time:     54.03 s
[10:38:19] iter:   89 | change:   0.11713 | c:    235.91665 | v:   0.49999 | time:     54.60 s
[10:38:20] iter:   90 | change:   0.11772 | c:    235.90210 | v:   0.49999 | time:     55.18 s
[10:38:20] iter:   91 | change:   0.11486 | c:    235.88796 | v:   0.49999 | time:     55.78 s
[10:38:21] iter:   92 | change:   0.11435 | c:    235.87434 | v:   0.49999 | time:     56.36 s
[10:38:22] iter:   93 | change:   0.11263 | c:    235.86090 | v:   0.49999 | time:     56.93 s
[10:38:22] iter:   94 | change:   0.11246 | c:    235.84757 | v:   0.49999 | time:     57.50 s
[10:38:23] iter:   95 | change:   0.11257 | c:    235.83427 | v:   0.49999 | time:     58.07 s
[10:38:23] iter:   96 | change:   0.11363 | c:    235.82112 | v:   0.49999 | time:     58.64 s
[10:38:24] iter:   97 | change:   0.11392 | c:    235.80816 | v:   0.49999 | time:     59.22 s
[10:38:24] iter:   98 | change:   0.11152 | c:    235.79547 | v:   0.49999 | time:     59.80 s
[10:38:25] iter:   99 | change:   0.11003 | c:    235.78327 | v:   0.50000 | time:     60.36 s
[10:38:26] iter:  100 | change:   0.10694 | c:    235.77134 | v:   0.50000 | time:     60.94 s
[10:38:26] iter:  101 | change:   0.10792 | c:    235.75947 | v:   0.50000 | time:     61.52 s
[10:38:27] iter:  102 | change:   0.10890 | c:    235.74769 | v:   0.50000 | time:     62.10 s
[10:38:27] iter:  103 | change:   0.10931 | c:    235.73601 | v:   0.50000 | time:     62.66 s
[10:38:28] iter:  104 | change:   0.10917 | c:    235.72441 | v:   0.50000 | time:     63.23 s
[10:38:28] iter:  105 | change:   0.10519 | c:    235.71297 | v:   0.50000 | time:     63.79 s
[10:38:29] iter:  106 | change:   0.10669 | c:    235.70190 | v:   0.50000 | time:     64.36 s
[10:38:30] iter:  107 | change:   0.10265 | c:    235.69113 | v:   0.50000 | time:     64.94 s
[10:38:30] iter:  108 | change:   0.10383 | c:    235.68045 | v:   0.50000 | time:     65.52 s
[10:38:31] iter:  109 | change:   0.10737 | c:    235.66987 | v:   0.50000 | time:     66.08 s
[10:38:31] iter:  110 | change:   0.10709 | c:    235.65942 | v:   0.50000 | time:     66.64 s
[10:38:32] iter:  111 | change:   0.10671 | c:    235.64900 | v:   0.50000 | time:     67.20 s
[10:38:32] iter:  112 | change:   0.10570 | c:    235.63872 | v:   0.50000 | time:     67.78 s
[10:38:33] iter:  113 | change:   0.10261 | c:    235.62867 | v:   0.50000 | time:     68.34 s
[10:38:34] iter:  114 | change:   0.10373 | c:    235.61891 | v:   0.50000 | time:     68.94 s
[10:38:34] iter:  115 | change:   0.10336 | c:    235.60936 | v:   0.50000 | time:     69.52 s
[10:38:35] iter:  116 | change:   0.10242 | c:    235.59993 | v:   0.50000 | time:     70.10 s
[10:38:35] iter:  117 | change:   0.10356 | c:    235.59065 | v:   0.50000 | time:     70.68 s
[10:38:36] iter:  118 | change:   0.10359 | c:    235.58150 | v:   0.50000 | time:     71.25 s
[10:38:36] iter:  119 | change:   0.10298 | c:    235.57241 | v:   0.50000 | time:     71.81 s
[10:38:37] iter:  120 | change:   0.10160 | c:    235.56345 | v:   0.50000 | time:     72.37 s
[10:38:38] iter:  121 | change:   0.10126 | c:    235.55465 | v:   0.50000 | time:     72.93 s
[10:38:38] iter:  122 | change:   0.09851 | c:    235.54589 | v:   0.50000 | time:     73.49 s
[10:38:39] iter:  123 | change:   0.09739 | c:    235.53726 | v:   0.50000 | time:     74.06 s
[10:38:39] iter:  124 | change:   0.09845 | c:    235.52878 | v:   0.50000 | time:     74.63 s
[10:38:40] iter:  125 | change:   0.09854 | c:    235.52041 | v:   0.50000 | time:     75.21 s
[10:38:40] iter:  126 | change:   0.09783 | c:    235.51214 | v:   0.50000 | time:     75.80 s
[10:38:41] iter:  127 | change:   0.09888 | c:    235.50396 | v:   0.50000 | time:     76.40 s
[10:38:42] iter:  128 | change:   0.09697 | c:    235.49587 | v:   0.50000 | time:     76.98 s
[10:38:42] iter:  129 | change:   0.09815 | c:    235.48787 | v:   0.50000 | time:     77.54 s
[10:38:43] iter:  130 | change:   0.09784 | c:    235.47989 | v:   0.50000 | time:     78.11 s
[10:38:43] iter:  131 | change:   0.09760 | c:    235.47196 | v:   0.50000 | time:     78.68 s
[10:38:44] iter:  132 | change:   0.09685 | c:    235.46416 | v:   0.50000 | time:     79.25 s
[10:38:44] iter:  133 | change:   0.09563 | c:    235.45651 | v:   0.50000 | time:     79.81 s
[10:38:45] iter:  134 | change:   0.09677 | c:    235.44907 | v:   0.50000 | time:     80.38 s
[10:38:46] iter:  135 | change:   0.09470 | c:    235.44180 | v:   0.50000 | time:     80.96 s
[10:38:46] iter:  136 | change:   0.09589 | c:    235.43465 | v:   0.50000 | time:     81.57 s
[10:38:47] iter:  137 | change:   0.09380 | c:    235.42760 | v:   0.50000 | time:     82.17 s
[10:38:48] iter:  138 | change:   0.09414 | c:    235.42063 | v:   0.50000 | time:     82.88 s
[10:38:48] iter:  139 | change:   0.09228 | c:    235.41365 | v:   0.50000 | time:     83.58 s
[10:38:49] iter:  140 | change:   0.09219 | c:    235.40673 | v:   0.50000 | time:     84.24 s
[10:38:49] iter:  141 | change:   0.09071 | c:    235.39992 | v:   0.50000 | time:     84.84 s
[10:38:50] iter:  142 | change:   0.09201 | c:    235.39322 | v:   0.50000 | time:     85.42 s
[10:38:51] iter:  143 | change:   0.09037 | c:    235.38664 | v:   0.50000 | time:     86.00 s
[10:38:51] iter:  144 | change:   0.09074 | c:    235.38018 | v:   0.50000 | time:     86.55 s
[10:38:52] iter:  145 | change:   0.09149 | c:    235.37380 | v:   0.50000 | time:     87.14 s
[10:38:52] iter:  146 | change:   0.09138 | c:    235.36748 | v:   0.50000 | time:     87.68 s
[10:38:53] iter:  147 | change:   0.09005 | c:    235.36125 | v:   0.50000 | time:     88.25 s
[10:38:53] iter:  148 | change:   0.08995 | c:    235.35503 | v:   0.50000 | time:     88.80 s
[10:38:54] iter:  149 | change:   0.08977 | c:    235.34882 | v:   0.50000 | time:     89.36 s
[10:38:55] iter:  150 | change:   0.08914 | c:    235.34269 | v:   0.50000 | time:     89.92 s
[10:38:55] iter:  151 | change:   0.08779 | c:    235.33663 | v:   0.50000 | time:     90.50 s
[10:38:56] iter:  152 | change:   0.08793 | c:    235.33064 | v:   0.50000 | time:     91.08 s
[10:38:56] iter:  153 | change:   0.08866 | c:    235.32474 | v:   0.50000 | time:     91.65 s
[10:38:57] iter:  154 | change:   0.08840 | c:    235.31890 | v:   0.50000 | time:     92.20 s
[10:38:58] iter:  155 | change:   0.08692 | c:    235.31315 | v:   0.50000 | time:     92.85 s
[10:38:58] iter:  156 | change:   0.08584 | c:    235.30752 | v:   0.50000 | time:     93.44 s
[10:38:59] iter:  157 | change:   0.08563 | c:    235.30195 | v:   0.50000 | time:     93.97 s
[10:38:59] iter:  158 | change:   0.08652 | c:    235.29645 | v:   0.50000 | time:     94.52 s
[10:39:00] iter:  159 | change:   0.08643 | c:    235.29106 | v:   0.50000 | time:     95.09 s
[10:39:00] iter:  160 | change:   0.08507 | c:    235.28573 | v:   0.50000 | time:     95.63 s
[10:39:01] iter:  161 | change:   0.08475 | c:    235.28045 | v:   0.50000 | time:     96.18 s
[10:39:01] iter:  162 | change:   0.08419 | c:    235.27524 | v:   0.50000 | time:     96.74 s
[10:39:02] iter:  163 | change:   0.08392 | c:    235.27007 | v:   0.50000 | time:     97.33 s
[10:39:03] iter:  164 | change:   0.08369 | c:    235.26494 | v:   0.50000 | time:     97.90 s
[10:39:03] iter:  165 | change:   0.08333 | c:    235.25990 | v:   0.50000 | time:     98.49 s
[10:39:04] iter:  166 | change:   0.08272 | c:    235.25493 | v:   0.50000 | time:     99.04 s
[10:39:04] iter:  167 | change:   0.08176 | c:    235.25001 | v:   0.50000 | time:     99.61 s
[10:39:05] iter:  168 | change:   0.08033 | c:    235.24514 | v:   0.50000 | time:    100.17 s
[10:39:05] iter:  169 | change:   0.07900 | c:    235.24033 | v:   0.50000 | time:    100.74 s
[10:39:06] iter:  170 | change:   0.08239 | c:    235.23559 | v:   0.50000 | time:    101.37 s
[10:39:07] iter:  171 | change:   0.07990 | c:    235.23091 | v:   0.50000 | time:    101.95 s
[10:39:07] iter:  172 | change:   0.07771 | c:    235.22627 | v:   0.50000 | time:    102.49 s
[10:39:08] iter:  173 | change:   0.08132 | c:    235.22165 | v:   0.50000 | time:    103.04 s
[10:39:08] iter:  174 | change:   0.08043 | c:    235.21705 | v:   0.50000 | time:    103.61 s
[10:39:09] iter:  175 | change:   0.08005 | c:    235.21248 | v:   0.50000 | time:    104.16 s
[10:39:09] iter:  176 | change:   0.07988 | c:    235.20793 | v:   0.50000 | time:    104.71 s
[10:39:10] iter:  177 | change:   0.07793 | c:    235.20343 | v:   0.50000 | time:    105.30 s
[10:39:11] iter:  178 | change:   0.07802 | c:    235.19897 | v:   0.50000 | time:    105.91 s
[10:39:11] iter:  179 | change:   0.08007 | c:    235.19455 | v:   0.50000 | time:    106.47 s
[10:39:12] iter:  180 | change:   0.07820 | c:    235.19020 | v:   0.50000 | time:    107.04 s
[10:39:12] iter:  181 | change:   0.07869 | c:    235.18591 | v:   0.50000 | time:    107.57 s
[10:39:13] iter:  182 | change:   0.07817 | c:    235.18166 | v:   0.50000 | time:    108.11 s
[10:39:13] iter:  183 | change:   0.07701 | c:    235.17747 | v:   0.50000 | time:    108.64 s
[10:39:14] iter:  184 | change:   0.07341 | c:    235.17332 | v:   0.50000 | time:    109.20 s
[10:39:14] iter:  185 | change:   0.07740 | c:    235.16918 | v:   0.50000 | time:    109.75 s
[10:39:15] iter:  186 | change:   0.07485 | c:    235.16510 | v:   0.50000 | time:    110.30 s
[10:39:16] iter:  187 | change:   0.07710 | c:    235.16105 | v:   0.50000 | time:    110.84 s
[10:39:16] iter:  188 | change:   0.07506 | c:    235.15702 | v:   0.50000 | time:    111.39 s
[10:39:17] iter:  189 | change:   0.07613 | c:    235.15303 | v:   0.50000 | time:    111.95 s
[10:39:17] iter:  190 | change:   0.07672 | c:    235.14909 | v:   0.50000 | time:    112.51 s
[10:39:18] iter:  191 | change:   0.07476 | c:    235.14520 | v:   0.50000 | time:    113.05 s
[10:39:18] iter:  192 | change:   0.07370 | c:    235.14135 | v:   0.50000 | time:    113.60 s
[10:39:19] iter:  193 | change:   0.07613 | c:    235.13754 | v:   0.50000 | time:    114.14 s
[10:39:19] iter:  194 | change:   0.07339 | c:    235.13379 | v:   0.50000 | time:    114.70 s
[10:39:20] iter:  195 | change:   0.07228 | c:    235.13011 | v:   0.50000 | time:    115.26 s
[10:39:20] iter:  196 | change:   0.07356 | c:    235.12644 | v:   0.50000 | time:    115.80 s
[10:39:21] iter:  197 | change:   0.07144 | c:    235.12277 | v:   0.50000 | time:    116.36 s
[10:39:22] iter:  198 | change:   0.07326 | c:    235.11911 | v:   0.50000 | time:    116.93 s
[10:39:22] iter:  199 | change:   0.07030 | c:    235.11548 | v:   0.50000 | time:    117.51 s
[10:39:23] iter:  200 | change:   0.07236 | c:    235.11188 | v:   0.50000 | time:    118.08 s
[10:39:23] iter:  201 | change:   0.07260 | c:    235.10830 | v:   0.50000 | time:    118.70 s
[10:39:24] iter:  202 | change:   0.07090 | c:    235.10473 | v:   0.50000 | time:    119.30 s
[10:39:25] iter:  203 | change:   0.07182 | c:    235.10119 | v:   0.50000 | time:    119.93 s
[10:39:25] iter:  204 | change:   0.07091 | c:    235.09767 | v:   0.50000 | time:    120.59 s
[10:39:26] iter:  205 | change:   0.07273 | c:    235.09420 | v:   0.50000 | time:    121.20 s
[10:39:26] iter:  206 | change:   0.07163 | c:    235.09078 | v:   0.50000 | time:    121.78 s
[10:39:27] iter:  207 | change:   0.07049 | c:    235.08740 | v:   0.50000 | time:    122.36 s
[10:39:28] iter:  208 | change:   0.07035 | c:    235.08405 | v:   0.50000 | time:    123.00 s
[10:39:28] iter:  209 | change:   0.06815 | c:    235.08073 | v:   0.50000 | time:    123.55 s
[10:39:29] iter:  210 | change:   0.07017 | c:    235.07743 | v:   0.50000 | time:    124.10 s
[10:39:29] iter:  211 | change:   0.06769 | c:    235.07415 | v:   0.50000 | time:    124.74 s
[10:39:30] iter:  212 | change:   0.06985 | c:    235.07089 | v:   0.50000 | time:    125.31 s
[10:39:31] iter:  213 | change:   0.06873 | c:    235.06763 | v:   0.50000 | time:    125.87 s
[10:39:31] iter:  214 | change:   0.06800 | c:    235.06438 | v:   0.50000 | time:    126.43 s
[10:39:32] iter:  215 | change:   0.06901 | c:    235.06115 | v:   0.50000 | time:    126.97 s
[10:39:32] iter:  216 | change:   0.06805 | c:    235.05797 | v:   0.50000 | time:    127.52 s
[10:39:33] iter:  217 | change:   0.06938 | c:    235.05480 | v:   0.50000 | time:    128.08 s
[10:39:33] iter:  218 | change:   0.06909 | c:    235.05163 | v:   0.50000 | time:    128.64 s
[10:39:34] iter:  219 | change:   0.06782 | c:    235.04850 | v:   0.50000 | time:    129.21 s
[10:39:34] iter:  220 | change:   0.06832 | c:    235.04542 | v:   0.50000 | time:    129.77 s
[10:39:35] iter:  221 | change:   0.06774 | c:    235.04237 | v:   0.50000 | time:    130.33 s
[10:39:36] iter:  222 | change:   0.06743 | c:    235.03935 | v:   0.50000 | time:    131.00 s
[10:39:37] iter:  223 | change:   0.06733 | c:    235.03635 | v:   0.50000 | time:    131.90 s
[10:39:37] iter:  224 | change:   0.06736 | c:    235.03340 | v:   0.50000 | time:    132.62 s
[10:39:38] iter:  225 | change:   0.06649 | c:    235.03049 | v:   0.50000 | time:    133.40 s
[10:39:39] iter:  226 | change:   0.06642 | c:    235.02759 | v:   0.50000 | time:    133.99 s
[10:39:39] iter:  227 | change:   0.06520 | c:    235.02470 | v:   0.50000 | time:    134.57 s
[10:39:40] iter:  228 | change:   0.06775 | c:    235.02184 | v:   0.50000 | time:    135.15 s
[10:39:40] iter:  229 | change:   0.06591 | c:    235.01901 | v:   0.50000 | time:    135.70 s
[10:39:41] iter:  230 | change:   0.06631 | c:    235.01620 | v:   0.50000 | time:    136.26 s
[10:39:41] iter:  231 | change:   0.06481 | c:    235.01339 | v:   0.50000 | time:    136.83 s
[10:39:42] iter:  232 | change:   0.06478 | c:    235.01061 | v:   0.50000 | time:    137.42 s
[10:39:43] iter:  233 | change:   0.06670 | c:    235.00785 | v:   0.50000 | time:    137.99 s
[10:39:43] iter:  234 | change:   0.06506 | c:    235.00513 | v:   0.50000 | time:    138.55 s
[10:39:44] iter:  235 | change:   0.06482 | c:    235.00245 | v:   0.50000 | time:    139.13 s
[10:39:44] iter:  236 | change:   0.06510 | c:    234.99977 | v:   0.50000 | time:    139.69 s
[10:39:45] iter:  237 | change:   0.06430 | c:    234.99710 | v:   0.50000 | time:    140.26 s
[10:39:45] iter:  238 | change:   0.06255 | c:    234.99446 | v:   0.50000 | time:    140.83 s
[10:39:46] iter:  239 | change:   0.06502 | c:    234.99186 | v:   0.50000 | time:    141.39 s
[10:39:47] iter:  240 | change:   0.06436 | c:    234.98926 | v:   0.50000 | time:    142.01 s
[10:39:47] iter:  241 | change:   0.06251 | c:    234.98668 | v:   0.50000 | time:    142.64 s
[10:39:48] iter:  242 | change:   0.06435 | c:    234.98410 | v:   0.50000 | time:    143.25 s
[10:39:48] iter:  243 | change:   0.06255 | c:    234.98156 | v:   0.50000 | time:    143.82 s
[10:39:49] iter:  244 | change:   0.06251 | c:    234.97904 | v:   0.50000 | time:    144.39 s
[10:39:50] iter:  245 | change:   0.06320 | c:    234.97652 | v:   0.50000 | time:    144.96 s
[10:39:50] iter:  246 | change:   0.06307 | c:    234.97401 | v:   0.50000 | time:    145.53 s
[10:39:51] iter:  247 | change:   0.06291 | c:    234.97150 | v:   0.50000 | time:    146.09 s
[10:39:51] iter:  248 | change:   0.06061 | c:    234.96900 | v:   0.50000 | time:    146.68 s
[10:39:52] iter:  249 | change:   0.06169 | c:    234.96655 | v:   0.50000 | time:    147.31 s
[10:39:53] iter:  250 | change:   0.06275 | c:    234.96410 | v:   0.50000 | time:    147.95 s
[10:39:53] iter:  251 | change:   0.06223 | c:    234.96166 | v:   0.50000 | time:    148.65 s
[10:39:54] iter:  252 | change:   0.06017 | c:    234.95924 | v:   0.50000 | time:    149.30 s
[10:39:55] iter:  253 | change:   0.06184 | c:    234.95687 | v:   0.50000 | time:    149.94 s
[10:39:55] iter:  254 | change:   0.06045 | c:    234.95453 | v:   0.50000 | time:    150.61 s
[10:39:56] iter:  255 | change:   0.06110 | c:    234.95219 | v:   0.50000 | time:    151.27 s
[10:39:57] iter:  256 | change:   0.05997 | c:    234.94981 | v:   0.50000 | time:    151.92 s
[10:39:57] iter:  257 | change:   0.06135 | c:    234.94745 | v:   0.50000 | time:    152.56 s
[10:39:58] iter:  258 | change:   0.06045 | c:    234.94513 | v:   0.50000 | time:    153.20 s
[10:39:58] iter:  259 | change:   0.06107 | c:    234.94284 | v:   0.50000 | time:    153.84 s
[10:39:59] iter:  260 | change:   0.06145 | c:    234.94054 | v:   0.50000 | time:    154.45 s
[10:40:00] iter:  261 | change:   0.05838 | c:    234.93823 | v:   0.50000 | time:    155.03 s
[10:40:00] iter:  262 | change:   0.06003 | c:    234.93592 | v:   0.50000 | time:    155.62 s
[10:40:01] iter:  263 | change:   0.06181 | c:    234.93365 | v:   0.50000 | time:    156.20 s
[10:40:01] iter:  264 | change:   0.05980 | c:    234.93142 | v:   0.50000 | time:    156.79 s
[10:40:02] iter:  265 | change:   0.05979 | c:    234.92920 | v:   0.50000 | time:    157.40 s
[10:40:03] iter:  266 | change:   0.06147 | c:    234.92696 | v:   0.50000 | time:    157.99 s
[10:40:03] iter:  267 | change:   0.05766 | c:    234.92475 | v:   0.50000 | time:    158.63 s
[10:40:04] iter:  268 | change:   0.05928 | c:    234.92255 | v:   0.50000 | time:    159.29 s
[10:40:05] iter:  269 | change:   0.06065 | c:    234.92037 | v:   0.50000 | time:    160.01 s
[10:40:05] iter:  270 | change:   0.05841 | c:    234.91821 | v:   0.50000 | time:    160.64 s
[10:40:06] iter:  271 | change:   0.05854 | c:    234.91608 | v:   0.50000 | time:    161.26 s
[10:40:07] iter:  272 | change:   0.05907 | c:    234.91397 | v:   0.50000 | time:    161.88 s
[10:40:07] iter:  273 | change:   0.05904 | c:    234.91189 | v:   0.50000 | time:    162.48 s
[10:40:08] iter:  274 | change:   0.05838 | c:    234.90983 | v:   0.50000 | time:    163.08 s
[10:40:08] iter:  275 | change:   0.05756 | c:    234.90776 | v:   0.50000 | time:    163.65 s
[10:40:09] iter:  276 | change:   0.05904 | c:    234.90570 | v:   0.50000 | time:    164.22 s
[10:40:09] iter:  277 | change:   0.05650 | c:    234.90366 | v:   0.50000 | time:    164.77 s
[10:40:10] iter:  278 | change:   0.05613 | c:    234.90163 | v:   0.50000 | time:    165.36 s
[10:40:11] iter:  279 | change:   0.05755 | c:    234.89962 | v:   0.50000 | time:    165.91 s
[10:40:11] iter:  280 | change:   0.05827 | c:    234.89760 | v:   0.50000 | time:    166.47 s
[10:40:12] iter:  281 | change:   0.05711 | c:    234.89557 | v:   0.50000 | time:    167.04 s
[10:40:12] iter:  282 | change:   0.05664 | c:    234.89356 | v:   0.50000 | time:    167.59 s
[10:40:13] iter:  283 | change:   0.05726 | c:    234.89158 | v:   0.50000 | time:    168.15 s
[10:40:13] iter:  284 | change:   0.05693 | c:    234.88961 | v:   0.50000 | time:    168.71 s
[10:40:14] iter:  285 | change:   0.05715 | c:    234.88765 | v:   0.50000 | time:    169.29 s
[10:40:15] iter:  286 | change:   0.05802 | c:    234.88569 | v:   0.50000 | time:    169.85 s
[10:40:15] iter:  287 | change:   0.05616 | c:    234.88372 | v:   0.50000 | time:    170.40 s
[10:40:16] iter:  288 | change:   0.05560 | c:    234.88177 | v:   0.50000 | time:    170.99 s
[10:40:16] iter:  289 | change:   0.05700 | c:    234.87983 | v:   0.50000 | time:    171.55 s
[10:40:17] iter:  290 | change:   0.05716 | c:    234.87790 | v:   0.50000 | time:    172.11 s
[10:40:17] iter:  291 | change:   0.05605 | c:    234.87600 | v:   0.50000 | time:    172.66 s
[10:40:18] iter:  292 | change:   0.05549 | c:    234.87413 | v:   0.50000 | time:    173.22 s
[10:40:18] iter:  293 | change:   0.05658 | c:    234.87227 | v:   0.50000 | time:    173.77 s
[10:40:19] iter:  294 | change:   0.05624 | c:    234.87043 | v:   0.50000 | time:    174.31 s
[10:40:20] iter:  295 | change:   0.05605 | c:    234.86861 | v:   0.50000 | time:    174.86 s
[10:40:20] iter:  296 | change:   0.05589 | c:    234.86679 | v:   0.50000 | time:    175.41 s
[10:40:21] iter:  297 | change:   0.05586 | c:    234.86499 | v:   0.50000 | time:    175.96 s
[10:40:21] iter:  298 | change:   0.05438 | c:    234.86319 | v:   0.50000 | time:    176.54 s
[10:40:22] iter:  299 | change:   0.05475 | c:    234.86139 | v:   0.50000 | time:    177.09 s
[10:40:22] iter:  300 | change:   0.05478 | c:    234.85960 | v:   0.50000 | time:    177.64 s
[Warning: Maximum iteration count reached before the change tolerance was met.] 
[> In run_mtop_mma_density>solve_mtop_mma_density (line 181)
In run_mtop_mma_density (line 41)
In run_assignment (line 97)] 

Saved step 4 (MTOP MMA density) result data:
  C:\Users\campa\Desktop\Structural-Optimization-LUKASTIEBERT\matlab\results\mtop_mma_density.mat
  C:\Users\campa\Desktop\Structural-Optimization-LUKASTIEBERT\matlab\results\mtop_mma_density_history.csv
  C:\Users\campa\Desktop\Structural-Optimization-LUKASTIEBERT\matlab\results\mtop_mma_density_summary.txt
Saved step 4 (MTOP MMA density) figures in:
  C:\Users\campa\Desktop\Structural-Optimization-LUKASTIEBERT\matlab\figures

Step 4 (MTOP MMA density) completed.
  Iterations:           300
  Elapsed time [s]:     177.64
  MTOP compliance:      234.859601
  Fine-mesh compliance: 240.252790
  Volume fraction:      0.499999

Running assignment step 4: MTOP MMA Heaviside (eta = 0.30)
  FE mesh:       120 x 40 elements
  Density mesh:  600 x 200 cells
  Cells per FE:  5 x 5
  Volume target: 0.5000
  Penalization:  3.0000
  Filter radius: 24.0000 density cells
  Heaviside eta: 0.30
  Beta range:    1.00 -> 16.00 (doubled every 50 iters)

[10:40:31] iter:    1 | beta:  1.00 | change:   1.00000 | c:    790.72887 | v:   0.54561 | time:      0.65 s
[10:40:32] iter:    2 | beta:  1.00 | change:   0.19949 | c:    876.98776 | v:   0.46404 | time:      1.22 s
[10:40:32] iter:    3 | beta:  1.00 | change:   0.16336 | c:    603.89313 | v:   0.47324 | time:      1.79 s
[10:40:33] iter:    4 | beta:  1.00 | change:   0.17909 | c:    479.62152 | v:   0.48480 | time:      2.33 s
[10:40:33] iter:    5 | beta:  1.00 | change:   0.14115 | c:    417.65978 | v:   0.49140 | time:      2.87 s
[10:40:34] iter:    6 | beta:  1.00 | change:   0.13840 | c:    385.98610 | v:   0.49579 | time:      3.39 s
[10:40:34] iter:    7 | beta:  1.00 | change:   0.13391 | c:    369.20761 | v:   0.49733 | time:      3.88 s
[10:40:35] iter:    8 | beta:  1.00 | change:   0.14545 | c:    357.54536 | v:   0.49794 | time:      4.38 s
[10:40:35] iter:    9 | beta:  1.00 | change:   0.15865 | c:    348.49146 | v:   0.49834 | time:      4.91 s
[10:40:36] iter:   10 | beta:  1.00 | change:   0.15362 | c:    340.27189 | v:   0.49837 | time:      5.42 s
[10:40:36] iter:   11 | beta:  1.00 | change:   0.15965 | c:    332.46623 | v:   0.49829 | time:      5.93 s
[10:40:37] iter:   12 | beta:  1.00 | change:   0.14909 | c:    325.32779 | v:   0.49843 | time:      6.47 s
[10:40:38] iter:   13 | beta:  1.00 | change:   0.13799 | c:    318.86742 | v:   0.49852 | time:      7.07 s
[10:40:38] iter:   14 | beta:  1.00 | change:   0.15083 | c:    312.86589 | v:   0.49858 | time:      7.65 s
[10:40:39] iter:   15 | beta:  1.00 | change:   0.16906 | c:    307.18635 | v:   0.49863 | time:      8.23 s
[10:40:39] iter:   16 | beta:  1.00 | change:   0.18508 | c:    301.60619 | v:   0.49864 | time:      8.77 s
[10:40:40] iter:   17 | beta:  1.00 | change:   0.18995 | c:    295.93075 | v:   0.49854 | time:      9.32 s
[10:40:40] iter:   18 | beta:  1.00 | change:   0.19437 | c:    290.03536 | v:   0.49826 | time:      9.85 s
[10:40:41] iter:   19 | beta:  1.00 | change:   0.19464 | c:    285.22095 | v:   0.49709 | time:     10.39 s
[10:40:41] iter:   20 | beta:  1.00 | change:   0.19841 | c:    282.09595 | v:   0.49495 | time:     10.95 s
[10:40:42] iter:   21 | beta:  1.00 | change:   0.19824 | c:    274.85056 | v:   0.49420 | time:     11.53 s
[10:40:43] iter:   22 | beta:  1.00 | change:   0.19824 | c:    266.24018 | v:   0.49615 | time:     12.11 s
[10:40:43] iter:   23 | beta:  1.00 | change:   0.19640 | c:    260.34358 | v:   0.49839 | time:     12.78 s
[10:40:44] iter:   24 | beta:  1.00 | change:   0.19688 | c:    257.20791 | v:   0.49909 | time:     13.42 s
[10:40:45] iter:   25 | beta:  1.00 | change:   0.19488 | c:    254.92600 | v:   0.49920 | time:     14.02 s
[10:40:45] iter:   26 | beta:  1.00 | change:   0.19314 | c:    252.80568 | v:   0.49922 | time:     14.60 s
[10:40:46] iter:   27 | beta:  1.00 | change:   0.19040 | c:    250.74073 | v:   0.49920 | time:     15.21 s
[10:40:46] iter:   28 | beta:  1.00 | change:   0.19013 | c:    248.61927 | v:   0.49913 | time:     15.85 s
[10:40:47] iter:   29 | beta:  1.00 | change:   0.19013 | c:    246.56834 | v:   0.49919 | time:     16.45 s
[10:40:48] iter:   30 | beta:  1.00 | change:   0.19020 | c:    244.78924 | v:   0.49928 | time:     17.10 s
[10:40:48] iter:   31 | beta:  1.00 | change:   0.18761 | c:    243.27008 | v:   0.49939 | time:     17.73 s
[10:40:49] iter:   32 | beta:  1.00 | change:   0.18714 | c:    241.98639 | v:   0.49950 | time:     18.44 s
[10:40:50] iter:   33 | beta:  1.00 | change:   0.18551 | c:    240.94203 | v:   0.49961 | time:     19.09 s
[10:40:50] iter:   34 | beta:  1.00 | change:   0.18470 | c:    240.08801 | v:   0.49969 | time:     19.72 s
[10:40:51] iter:   35 | beta:  1.00 | change:   0.18381 | c:    239.30095 | v:   0.49970 | time:     20.31 s
[10:40:51] iter:   36 | beta:  1.00 | change:   0.18149 | c:    238.37764 | v:   0.49963 | time:     20.90 s
[10:40:52] iter:   37 | beta:  1.00 | change:   0.19392 | c:    237.29885 | v:   0.49957 | time:     21.52 s
[10:40:53] iter:   38 | beta:  1.00 | change:   0.17722 | c:    236.54608 | v:   0.49975 | time:     22.10 s
[10:40:53] iter:   39 | beta:  1.00 | change:   0.17288 | c:    236.16730 | v:   0.49986 | time:     22.67 s
[10:40:54] iter:   40 | beta:  1.00 | change:   0.17018 | c:    235.89686 | v:   0.49990 | time:     23.20 s
[10:40:54] iter:   41 | beta:  1.00 | change:   0.16565 | c:    235.69344 | v:   0.49992 | time:     23.81 s
[10:40:55] iter:   42 | beta:  1.00 | change:   0.16314 | c:    235.52767 | v:   0.49993 | time:     24.41 s
[10:40:55] iter:   43 | beta:  1.00 | change:   0.16112 | c:    235.38020 | v:   0.49994 | time:     24.98 s
[10:40:56] iter:   44 | beta:  1.00 | change:   0.16064 | c:    235.25150 | v:   0.49995 | time:     25.55 s
[10:40:57] iter:   45 | beta:  1.00 | change:   0.15766 | c:    235.14213 | v:   0.49996 | time:     26.12 s
[10:40:57] iter:   46 | beta:  1.00 | change:   0.15771 | c:    235.04723 | v:   0.49996 | time:     26.69 s
[10:40:58] iter:   47 | beta:  1.00 | change:   0.15595 | c:    234.96392 | v:   0.49997 | time:     27.26 s
[10:40:58] iter:   48 | beta:  1.00 | change:   0.15410 | c:    234.89077 | v:   0.49997 | time:     27.84 s
[10:40:59] iter:   49 | beta:  1.00 | change:   0.15002 | c:    234.82626 | v:   0.49998 | time:     28.40 s
[10:40:59] iter:   50 | beta:  1.00 | change:   0.14865 | c:    234.76975 | v:   0.49998 | time:     28.96 s
[10:41:00] iter:   51 | beta:  1.00 | change:   0.15225 | c:    234.72015 | v:   0.49998 | time:     29.56 s
  Heaviside beta increased to 2.00
[10:41:01] iter:   52 | beta:  2.00 | change:   0.14651 | c:    213.90782 | v:   0.53035 | time:     30.19 s
[10:41:01] iter:   53 | beta:  2.00 | change:   0.19704 | c:    235.21026 | v:   0.49590 | time:     30.80 s
[10:41:02] iter:   54 | beta:  2.00 | change:   0.19461 | c:    230.78176 | v:   0.49851 | time:     31.42 s
[10:41:03] iter:   55 | beta:  2.00 | change:   0.19070 | c:    229.36360 | v:   0.49946 | time:     32.02 s
[10:41:03] iter:   56 | beta:  2.00 | change:   0.18643 | c:    228.76613 | v:   0.49974 | time:     32.62 s
[10:41:04] iter:   57 | beta:  2.00 | change:   0.18246 | c:    228.41872 | v:   0.49988 | time:     33.23 s
[10:41:04] iter:   58 | beta:  2.00 | change:   0.15809 | c:    228.23504 | v:   0.49994 | time:     33.84 s
[10:41:05] iter:   59 | beta:  2.00 | change:   0.16075 | c:    228.13261 | v:   0.49996 | time:     34.44 s
[10:41:06] iter:   60 | beta:  2.00 | change:   0.16415 | c:    228.06590 | v:   0.49997 | time:     35.06 s
[10:41:06] iter:   61 | beta:  2.00 | change:   0.16439 | c:    228.01690 | v:   0.49998 | time:     35.69 s
[10:41:07] iter:   62 | beta:  2.00 | change:   0.14913 | c:    227.97895 | v:   0.49998 | time:     36.25 s
[10:41:07] iter:   63 | beta:  2.00 | change:   0.14273 | c:    227.94704 | v:   0.49999 | time:     36.85 s
[10:41:08] iter:   64 | beta:  2.00 | change:   0.13959 | c:    227.91838 | v:   0.49999 | time:     37.44 s
[10:41:09] iter:   65 | beta:  2.00 | change:   0.13170 | c:    227.89269 | v:   0.49999 | time:     38.06 s
[10:41:09] iter:   66 | beta:  2.00 | change:   0.13363 | c:    227.86919 | v:   0.49999 | time:     38.66 s
[10:41:10] iter:   67 | beta:  2.00 | change:   0.13839 | c:    227.84745 | v:   0.49999 | time:     39.25 s
[10:41:10] iter:   68 | beta:  2.00 | change:   0.14023 | c:    227.82708 | v:   0.49999 | time:     39.84 s
[10:41:11] iter:   69 | beta:  2.00 | change:   0.13651 | c:    227.80729 | v:   0.49999 | time:     40.46 s
[10:41:12] iter:   70 | beta:  2.00 | change:   0.12333 | c:    227.78775 | v:   0.49999 | time:     41.07 s
[10:41:12] iter:   71 | beta:  2.00 | change:   0.12050 | c:    227.76864 | v:   0.49999 | time:     41.67 s
[10:41:13] iter:   72 | beta:  2.00 | change:   0.11974 | c:    227.75061 | v:   0.49999 | time:     42.30 s
[10:41:13] iter:   73 | beta:  2.00 | change:   0.11630 | c:    227.73331 | v:   0.49999 | time:     42.90 s
[10:41:14] iter:   74 | beta:  2.00 | change:   0.11624 | c:    227.71639 | v:   0.49999 | time:     43.50 s
[10:41:15] iter:   75 | beta:  2.00 | change:   0.12059 | c:    227.69961 | v:   0.49999 | time:     44.11 s
[10:41:15] iter:   76 | beta:  2.00 | change:   0.11593 | c:    227.68309 | v:   0.49999 | time:     44.72 s
[10:41:16] iter:   77 | beta:  2.00 | change:   0.11638 | c:    227.66740 | v:   0.49999 | time:     45.30 s
[10:41:16] iter:   78 | beta:  2.00 | change:   0.11120 | c:    227.65236 | v:   0.49999 | time:     45.89 s
[10:41:17] iter:   79 | beta:  2.00 | change:   0.11021 | c:    227.63771 | v:   0.49999 | time:     46.52 s
[10:41:18] iter:   80 | beta:  2.00 | change:   0.11507 | c:    227.62311 | v:   0.49999 | time:     47.13 s
[10:41:18] iter:   81 | beta:  2.00 | change:   0.11367 | c:    227.60851 | v:   0.49999 | time:     47.71 s
[10:41:19] iter:   82 | beta:  2.00 | change:   0.11330 | c:    227.59440 | v:   0.49999 | time:     48.29 s
[10:41:19] iter:   83 | beta:  2.00 | change:   0.11358 | c:    227.58080 | v:   0.49999 | time:     48.88 s
[10:41:20] iter:   84 | beta:  2.00 | change:   0.10658 | c:    227.56749 | v:   0.49999 | time:     49.47 s
[10:41:21] iter:   85 | beta:  2.00 | change:   0.10844 | c:    227.55435 | v:   0.49999 | time:     50.05 s
[10:41:21] iter:   86 | beta:  2.00 | change:   0.10806 | c:    227.54130 | v:   0.49999 | time:     50.63 s
[10:41:22] iter:   87 | beta:  2.00 | change:   0.10877 | c:    227.52862 | v:   0.49999 | time:     51.22 s
[10:41:22] iter:   88 | beta:  2.00 | change:   0.10903 | c:    227.51628 | v:   0.49999 | time:     51.84 s
[10:41:23] iter:   89 | beta:  2.00 | change:   0.10862 | c:    227.50421 | v:   0.49999 | time:     52.42 s
[10:41:23] iter:   90 | beta:  2.00 | change:   0.10273 | c:    227.49245 | v:   0.49999 | time:     52.99 s
[10:41:24] iter:   91 | beta:  2.00 | change:   0.10465 | c:    227.48096 | v:   0.49999 | time:     53.58 s
[10:41:25] iter:   92 | beta:  2.00 | change:   0.10205 | c:    227.46965 | v:   0.49999 | time:     54.16 s
[10:41:25] iter:   93 | beta:  2.00 | change:   0.10074 | c:    227.45857 | v:   0.49999 | time:     54.76 s
[10:41:26] iter:   94 | beta:  2.00 | change:   0.10451 | c:    227.44759 | v:   0.49999 | time:     55.34 s
[10:41:26] iter:   95 | beta:  2.00 | change:   0.10358 | c:    227.43667 | v:   0.49999 | time:     55.93 s
[10:41:27] iter:   96 | beta:  2.00 | change:   0.09826 | c:    227.42601 | v:   0.49999 | time:     56.51 s
[10:41:28] iter:   97 | beta:  2.00 | change:   0.09823 | c:    227.41566 | v:   0.49999 | time:     57.10 s
[10:41:28] iter:   98 | beta:  2.00 | change:   0.10009 | c:    227.40546 | v:   0.49999 | time:     57.70 s
[10:41:29] iter:   99 | beta:  2.00 | change:   0.09813 | c:    227.39536 | v:   0.50000 | time:     58.29 s
[10:41:29] iter:  100 | beta:  2.00 | change:   0.09911 | c:    227.38544 | v:   0.50000 | time:     58.86 s
[10:41:30] iter:  101 | beta:  2.00 | change:   0.10002 | c:    227.37558 | v:   0.50000 | time:     59.45 s
  Heaviside beta increased to 4.00
[10:41:30] iter:  102 | beta:  4.00 | change:   0.10011 | c:    199.84985 | v:   0.53780 | time:     60.00 s
[10:41:31] iter:  103 | beta:  4.00 | change:   0.20000 | c:    228.04464 | v:   0.49077 | time:     60.59 s
[10:41:32] iter:  104 | beta:  4.00 | change:   0.19875 | c:    218.61049 | v:   0.49565 | time:     61.18 s
[10:41:32] iter:  105 | beta:  4.00 | change:   0.19369 | c:    216.63465 | v:   0.49765 | time:     61.79 s
[10:41:33] iter:  106 | beta:  4.00 | change:   0.18937 | c:    215.29469 | v:   0.49939 | time:     62.37 s
[10:41:34] iter:  107 | beta:  4.00 | change:   0.18460 | c:    214.88837 | v:   0.49970 | time:     63.03 s
[10:41:34] iter:  108 | beta:  4.00 | change:   0.14839 | c:    214.63256 | v:   0.49991 | time:     63.68 s
[10:41:35] iter:  109 | beta:  4.00 | change:   0.11817 | c:    214.52165 | v:   0.49996 | time:     64.31 s
[10:41:35] iter:  110 | beta:  4.00 | change:   0.11956 | c:    214.46126 | v:   0.49998 | time:     64.94 s
[10:41:36] iter:  111 | beta:  4.00 | change:   0.11509 | c:    214.42342 | v:   0.49998 | time:     65.55 s
[10:41:37] iter:  112 | beta:  4.00 | change:   0.10420 | c:    214.39702 | v:   0.49999 | time:     66.16 s
[10:41:37] iter:  113 | beta:  4.00 | change:   0.09104 | c:    214.37654 | v:   0.49999 | time:     66.79 s
[10:41:38] iter:  114 | beta:  4.00 | change:   0.08646 | c:    214.35927 | v:   0.49999 | time:     67.42 s
[10:41:39] iter:  115 | beta:  4.00 | change:   0.08821 | c:    214.34429 | v:   0.49999 | time:     68.08 s
[10:41:39] iter:  116 | beta:  4.00 | change:   0.09146 | c:    214.33167 | v:   0.49999 | time:     68.76 s
[10:41:40] iter:  117 | beta:  4.00 | change:   0.09427 | c:    214.32067 | v:   0.49999 | time:     69.41 s
[10:41:41] iter:  118 | beta:  4.00 | change:   0.09696 | c:    214.31083 | v:   0.49999 | time:     70.04 s
[10:41:41] iter:  119 | beta:  4.00 | change:   0.09158 | c:    214.30200 | v:   0.50000 | time:     70.65 s
[10:41:42] iter:  120 | beta:  4.00 | change:   0.08614 | c:    214.29413 | v:   0.50000 | time:     71.28 s
[10:41:42] iter:  121 | beta:  4.00 | change:   0.08030 | c:    214.28709 | v:   0.50000 | time:     71.90 s
[10:41:43] iter:  122 | beta:  4.00 | change:   0.07847 | c:    214.28072 | v:   0.50000 | time:     72.49 s
[10:41:44] iter:  123 | beta:  4.00 | change:   0.07644 | c:    214.27485 | v:   0.50000 | time:     73.09 s
[10:41:44] iter:  124 | beta:  4.00 | change:   0.07315 | c:    214.26930 | v:   0.50000 | time:     73.66 s
[10:41:45] iter:  125 | beta:  4.00 | change:   0.07282 | c:    214.26403 | v:   0.50000 | time:     74.27 s
[10:41:45] iter:  126 | beta:  4.00 | change:   0.07118 | c:    214.25907 | v:   0.50000 | time:     74.82 s
[10:41:46] iter:  127 | beta:  4.00 | change:   0.07100 | c:    214.25444 | v:   0.50000 | time:     75.39 s
[10:41:46] iter:  128 | beta:  4.00 | change:   0.06965 | c:    214.25007 | v:   0.50000 | time:     75.97 s
[10:41:47] iter:  129 | beta:  4.00 | change:   0.07040 | c:    214.24588 | v:   0.50000 | time:     76.55 s
[10:41:48] iter:  130 | beta:  4.00 | change:   0.06372 | c:    214.24183 | v:   0.50000 | time:     77.11 s
[10:41:48] iter:  131 | beta:  4.00 | change:   0.06403 | c:    214.23791 | v:   0.50000 | time:     77.67 s
[10:41:49] iter:  132 | beta:  4.00 | change:   0.06490 | c:    214.23411 | v:   0.50000 | time:     78.24 s
[10:41:49] iter:  133 | beta:  4.00 | change:   0.06366 | c:    214.23038 | v:   0.50000 | time:     78.83 s
[10:41:50] iter:  134 | beta:  4.00 | change:   0.06128 | c:    214.22677 | v:   0.50000 | time:     79.42 s
[10:41:51] iter:  135 | beta:  4.00 | change:   0.06195 | c:    214.22327 | v:   0.50000 | time:     80.08 s
[10:41:51] iter:  136 | beta:  4.00 | change:   0.06446 | c:    214.21981 | v:   0.50000 | time:     80.65 s
[10:41:52] iter:  137 | beta:  4.00 | change:   0.06237 | c:    214.21639 | v:   0.50000 | time:     81.28 s
[10:41:52] iter:  138 | beta:  4.00 | change:   0.06332 | c:    214.21299 | v:   0.50000 | time:     82.00 s
[10:41:53] iter:  139 | beta:  4.00 | change:   0.06186 | c:    214.20963 | v:   0.50000 | time:     82.67 s
[10:41:54] iter:  140 | beta:  4.00 | change:   0.06223 | c:    214.20632 | v:   0.50000 | time:     83.26 s
[10:41:54] iter:  141 | beta:  4.00 | change:   0.05908 | c:    214.20307 | v:   0.50000 | time:     83.90 s
[10:41:55] iter:  142 | beta:  4.00 | change:   0.05935 | c:    214.19989 | v:   0.50000 | time:     84.48 s
[10:41:56] iter:  143 | beta:  4.00 | change:   0.06136 | c:    214.19676 | v:   0.50000 | time:     85.08 s
[10:41:56] iter:  144 | beta:  4.00 | change:   0.05977 | c:    214.19367 | v:   0.50000 | time:     85.69 s
[10:41:57] iter:  145 | beta:  4.00 | change:   0.05962 | c:    214.19068 | v:   0.50000 | time:     86.30 s
[10:41:57] iter:  146 | beta:  4.00 | change:   0.05763 | c:    214.18776 | v:   0.50000 | time:     86.99 s
[10:41:58] iter:  147 | beta:  4.00 | change:   0.05758 | c:    214.18488 | v:   0.50000 | time:     87.62 s
[10:41:59] iter:  148 | beta:  4.00 | change:   0.05906 | c:    214.18205 | v:   0.50000 | time:     88.19 s
[10:41:59] iter:  149 | beta:  4.00 | change:   0.05723 | c:    214.17925 | v:   0.50000 | time:     88.74 s
[10:42:00] iter:  150 | beta:  4.00 | change:   0.05883 | c:    214.17644 | v:   0.50000 | time:     89.33 s
[10:42:00] iter:  151 | beta:  4.00 | change:   0.05871 | c:    214.17366 | v:   0.50000 | time:     89.90 s
  Heaviside beta increased to 8.00
[10:42:01] iter:  152 | beta:  8.00 | change:   0.05744 | c:    197.80352 | v:   0.51304 | time:     90.61 s
[10:42:02] iter:  153 | beta:  8.00 | change:   0.19020 | c:    203.42640 | v:   0.49827 | time:     91.34 s
[10:42:02] iter:  154 | beta:  8.00 | change:   0.17213 | c:    202.68398 | v:   0.49979 | time:     91.94 s
[10:42:03] iter:  155 | beta:  8.00 | change:   0.15426 | c:    202.59147 | v:   0.49991 | time:     92.62 s
[10:42:04] iter:  156 | beta:  8.00 | change:   0.14699 | c:    202.53873 | v:   0.49993 | time:     93.25 s
[10:42:04] iter:  157 | beta:  8.00 | change:   0.13097 | c:    202.49770 | v:   0.49997 | time:     93.85 s
[10:42:05] iter:  158 | beta:  8.00 | change:   0.12044 | c:    202.47159 | v:   0.49997 | time:     94.46 s
[10:42:06] iter:  159 | beta:  8.00 | change:   0.09470 | c:    202.44982 | v:   0.49998 | time:     95.05 s
[10:42:06] iter:  160 | beta:  8.00 | change:   0.08784 | c:    202.43500 | v:   0.49999 | time:     95.69 s
[10:42:07] iter:  161 | beta:  8.00 | change:   0.08056 | c:    202.42231 | v:   0.49999 | time:     96.39 s
[10:42:08] iter:  162 | beta:  8.00 | change:   0.07537 | c:    202.41247 | v:   0.49999 | time:     97.11 s
[10:42:08] iter:  163 | beta:  8.00 | change:   0.07009 | c:    202.40396 | v:   0.49999 | time:     97.73 s
[10:42:09] iter:  164 | beta:  8.00 | change:   0.06498 | c:    202.39693 | v:   0.49999 | time:     98.37 s
[10:42:09] iter:  165 | beta:  8.00 | change:   0.06105 | c:    202.39058 | v:   0.50000 | time:     98.97 s
[10:42:10] iter:  166 | beta:  8.00 | change:   0.05841 | c:    202.38509 | v:   0.50000 | time:     99.55 s
[10:42:11] iter:  167 | beta:  8.00 | change:   0.05562 | c:    202.38005 | v:   0.50000 | time:    100.12 s
[10:42:11] iter:  168 | beta:  8.00 | change:   0.05303 | c:    202.37556 | v:   0.50000 | time:    100.70 s
[10:42:12] iter:  169 | beta:  8.00 | change:   0.05310 | c:    202.37133 | v:   0.50000 | time:    101.28 s
[10:42:12] iter:  170 | beta:  8.00 | change:   0.05389 | c:    202.36732 | v:   0.50000 | time:    101.88 s
[10:42:13] iter:  171 | beta:  8.00 | change:   0.05288 | c:    202.36374 | v:   0.50000 | time:    102.48 s
[10:42:14] iter:  172 | beta:  8.00 | change:   0.05354 | c:    202.36056 | v:   0.50000 | time:    103.10 s
[10:42:14] iter:  173 | beta:  8.00 | change:   0.05119 | c:    202.35746 | v:   0.50000 | time:    103.69 s
[10:42:15] iter:  174 | beta:  8.00 | change:   0.04838 | c:    202.35435 | v:   0.50000 | time:    104.28 s
[10:42:15] iter:  175 | beta:  8.00 | change:   0.04528 | c:    202.35147 | v:   0.50000 | time:    104.85 s
[10:42:16] iter:  176 | beta:  8.00 | change:   0.04627 | c:    202.34894 | v:   0.50000 | time:    105.48 s
[10:42:17] iter:  177 | beta:  8.00 | change:   0.04656 | c:    202.34636 | v:   0.50000 | time:    106.11 s
[10:42:17] iter:  178 | beta:  8.00 | change:   0.04597 | c:    202.34373 | v:   0.50000 | time:    106.71 s
[10:42:18] iter:  179 | beta:  8.00 | change:   0.04547 | c:    202.34124 | v:   0.50000 | time:    107.32 s
[10:42:18] iter:  180 | beta:  8.00 | change:   0.04686 | c:    202.33899 | v:   0.50000 | time:    107.92 s
[10:42:19] iter:  181 | beta:  8.00 | change:   0.04810 | c:    202.33674 | v:   0.50000 | time:    108.51 s
[10:42:20] iter:  182 | beta:  8.00 | change:   0.04723 | c:    202.33437 | v:   0.50000 | time:    109.09 s
[10:42:20] iter:  183 | beta:  8.00 | change:   0.04622 | c:    202.33210 | v:   0.50000 | time:    109.68 s
[10:42:21] iter:  184 | beta:  8.00 | change:   0.04423 | c:    202.33005 | v:   0.50000 | time:    110.26 s
[10:42:21] iter:  185 | beta:  8.00 | change:   0.04517 | c:    202.32799 | v:   0.50000 | time:    110.85 s
[10:42:22] iter:  186 | beta:  8.00 | change:   0.04606 | c:    202.32577 | v:   0.50000 | time:    111.44 s
[10:42:23] iter:  187 | beta:  8.00 | change:   0.04676 | c:    202.32353 | v:   0.50000 | time:    112.01 s
[10:42:23] iter:  188 | beta:  8.00 | change:   0.04654 | c:    202.32150 | v:   0.50000 | time:    112.62 s
[10:42:24] iter:  189 | beta:  8.00 | change:   0.04368 | c:    202.31962 | v:   0.50000 | time:    113.24 s
[10:42:24] iter:  190 | beta:  8.00 | change:   0.04460 | c:    202.31758 | v:   0.50000 | time:    113.83 s
[10:42:25] iter:  191 | beta:  8.00 | change:   0.04523 | c:    202.31546 | v:   0.50000 | time:    114.40 s
[10:42:25] iter:  192 | beta:  8.00 | change:   0.04607 | c:    202.31341 | v:   0.50000 | time:    114.98 s
[10:42:26] iter:  193 | beta:  8.00 | change:   0.04662 | c:    202.31158 | v:   0.50000 | time:    115.57 s
[10:42:27] iter:  194 | beta:  8.00 | change:   0.04373 | c:    202.30975 | v:   0.50000 | time:    116.17 s
[10:42:27] iter:  195 | beta:  8.00 | change:   0.04438 | c:    202.30776 | v:   0.50000 | time:    116.73 s
[10:42:28] iter:  196 | beta:  8.00 | change:   0.03844 | c:    202.30572 | v:   0.50000 | time:    117.31 s
[10:42:28] iter:  197 | beta:  8.00 | change:   0.03550 | c:    202.30380 | v:   0.50000 | time:    117.90 s
[10:42:29] iter:  198 | beta:  8.00 | change:   0.03623 | c:    202.30205 | v:   0.50000 | time:    118.50 s
[10:42:30] iter:  199 | beta:  8.00 | change:   0.03669 | c:    202.30021 | v:   0.50000 | time:    119.10 s
[10:42:30] iter:  200 | beta:  8.00 | change:   0.03422 | c:    202.29826 | v:   0.50000 | time:    119.68 s
[10:42:31] iter:  201 | beta:  8.00 | change:   0.03414 | c:    202.29633 | v:   0.50000 | time:    120.27 s
  Heaviside beta increased to 16.00
[10:42:31] iter:  202 | beta: 16.00 | change:   0.03411 | c:    196.02785 | v:   0.49868 | time:    120.85 s
[10:42:32] iter:  203 | beta: 16.00 | change:   0.15309 | c:    195.84194 | v:   0.49983 | time:    121.44 s
[10:42:33] iter:  204 | beta: 16.00 | change:   0.11474 | c:    195.85518 | v:   0.49993 | time:    122.02 s
[10:42:33] iter:  205 | beta: 16.00 | change:   0.13370 | c:    195.91607 | v:   0.49985 | time:    122.62 s
[10:42:34] iter:  206 | beta: 16.00 | change:   0.14315 | c:    195.96829 | v:   0.49981 | time:    123.19 s
[10:42:34] iter:  207 | beta: 16.00 | change:   0.14752 | c:    195.97321 | v:   0.49976 | time:    123.77 s
[10:42:35] iter:  208 | beta: 16.00 | change:   0.14082 | c:    195.90187 | v:   0.49985 | time:    124.42 s
[10:42:36] iter:  209 | beta: 16.00 | change:   0.10320 | c:    195.84706 | v:   0.49993 | time:    125.02 s
[10:42:36] iter:  210 | beta: 16.00 | change:   0.08166 | c:    195.82079 | v:   0.49998 | time:    125.67 s
[10:42:37] iter:  211 | beta: 16.00 | change:   0.06105 | c:    195.81630 | v:   0.49999 | time:    126.28 s
[10:42:37] iter:  212 | beta: 16.00 | change:   0.04916 | c:    195.81632 | v:   0.50000 | time:    126.93 s
[10:42:38] iter:  213 | beta: 16.00 | change:   0.04702 | c:    195.81723 | v:   0.50000 | time:    127.74 s
[10:42:39] iter:  214 | beta: 16.00 | change:   0.04543 | c:    195.81819 | v:   0.50000 | time:    128.41 s
[10:42:40] iter:  215 | beta: 16.00 | change:   0.04003 | c:    195.81919 | v:   0.50000 | time:    129.03 s
[10:42:40] iter:  216 | beta: 16.00 | change:   0.03732 | c:    195.82014 | v:   0.50000 | time:    129.65 s
[10:42:41] iter:  217 | beta: 16.00 | change:   0.03722 | c:    195.82096 | v:   0.50000 | time:    130.29 s
[10:42:41] iter:  218 | beta: 16.00 | change:   0.04149 | c:    195.82160 | v:   0.50000 | time:    130.90 s
[10:42:42] iter:  219 | beta: 16.00 | change:   0.04212 | c:    195.82195 | v:   0.50000 | time:    131.50 s
[10:42:43] iter:  220 | beta: 16.00 | change:   0.04288 | c:    195.82197 | v:   0.50000 | time:    132.10 s
[10:42:43] iter:  221 | beta: 16.00 | change:   0.04355 | c:    195.82165 | v:   0.50000 | time:    132.69 s
[10:42:44] iter:  222 | beta: 16.00 | change:   0.04653 | c:    195.82100 | v:   0.50000 | time:    133.27 s
[10:42:44] iter:  223 | beta: 16.00 | change:   0.04687 | c:    195.82005 | v:   0.50000 | time:    133.90 s
[10:42:45] iter:  224 | beta: 16.00 | change:   0.04757 | c:    195.81886 | v:   0.50000 | time:    134.52 s
[10:42:46] iter:  225 | beta: 16.00 | change:   0.04475 | c:    195.81745 | v:   0.50000 | time:    135.14 s
[10:42:46] iter:  226 | beta: 16.00 | change:   0.03982 | c:    195.81596 | v:   0.50000 | time:    135.76 s
[10:42:47] iter:  227 | beta: 16.00 | change:   0.04159 | c:    195.81429 | v:   0.50000 | time:    136.39 s
[10:42:48] iter:  228 | beta: 16.00 | change:   0.04529 | c:    195.81289 | v:   0.50000 | time:    137.07 s
[10:42:48] iter:  229 | beta: 16.00 | change:   0.04523 | c:    195.81125 | v:   0.50000 | time:    137.69 s
[10:42:49] iter:  230 | beta: 16.00 | change:   0.05717 | c:    195.81121 | v:   0.50000 | time:    138.27 s
[10:42:49] iter:  231 | beta: 16.00 | change:   0.04465 | c:    195.80999 | v:   0.49999 | time:    138.86 s
[10:42:50] iter:  232 | beta: 16.00 | change:   0.08312 | c:    195.80921 | v:   0.49999 | time:    139.48 s
[10:42:51] iter:  233 | beta: 16.00 | change:   0.04535 | c:    195.80628 | v:   0.50000 | time:    140.08 s
[10:42:51] iter:  234 | beta: 16.00 | change:   0.04254 | c:    195.80360 | v:   0.50000 | time:    140.72 s
[10:42:52] iter:  235 | beta: 16.00 | change:   0.03565 | c:    195.80194 | v:   0.50000 | time:    141.41 s
[10:42:52] iter:  236 | beta: 16.00 | change:   0.03462 | c:    195.80014 | v:   0.50000 | time:    142.01 s
[10:42:53] iter:  237 | beta: 16.00 | change:   0.03400 | c:    195.79851 | v:   0.50000 | time:    142.59 s
[10:42:54] iter:  238 | beta: 16.00 | change:   0.03414 | c:    195.79700 | v:   0.50000 | time:    143.18 s
[10:42:54] iter:  239 | beta: 16.00 | change:   0.03727 | c:    195.79557 | v:   0.50000 | time:    143.80 s
[10:42:55] iter:  240 | beta: 16.00 | change:   0.03520 | c:    195.79397 | v:   0.50000 | time:    144.47 s
[10:42:56] iter:  241 | beta: 16.00 | change:   0.03384 | c:    195.79221 | v:   0.50000 | time:    145.11 s
[10:42:56] iter:  242 | beta: 16.00 | change:   0.03359 | c:    195.79052 | v:   0.50000 | time:    145.76 s
[10:42:57] iter:  243 | beta: 16.00 | change:   0.03615 | c:    195.78904 | v:   0.50000 | time:    146.40 s
[10:42:58] iter:  244 | beta: 16.00 | change:   0.03553 | c:    195.78773 | v:   0.50000 | time:    147.04 s
[10:42:58] iter:  245 | beta: 16.00 | change:   0.03547 | c:    195.78626 | v:   0.50000 | time:    147.63 s
[10:42:59] iter:  246 | beta: 16.00 | change:   0.03376 | c:    195.78465 | v:   0.50000 | time:    148.23 s
[10:42:59] iter:  247 | beta: 16.00 | change:   0.03322 | c:    195.78312 | v:   0.50000 | time:    148.83 s
[10:43:00] iter:  248 | beta: 16.00 | change:   0.02879 | c:    195.78182 | v:   0.50000 | time:    149.43 s
[10:43:01] iter:  249 | beta: 16.00 | change:   0.02939 | c:    195.78066 | v:   0.50000 | time:    150.01 s
[10:43:01] iter:  250 | beta: 16.00 | change:   0.02826 | c:    195.77934 | v:   0.50000 | time:    150.59 s
[10:43:02] iter:  251 | beta: 16.00 | change:   0.02854 | c:    195.77792 | v:   0.50000 | time:    151.17 s
[10:43:02] iter:  252 | beta: 16.00 | change:   0.02674 | c:    195.77649 | v:   0.50000 | time:    151.77 s
[10:43:03] iter:  253 | beta: 16.00 | change:   0.03028 | c:    195.77541 | v:   0.50000 | time:    152.39 s
[10:43:04] iter:  254 | beta: 16.00 | change:   0.02486 | c:    195.77428 | v:   0.50000 | time:    153.01 s
[10:43:04] iter:  255 | beta: 16.00 | change:   0.03158 | c:    195.77309 | v:   0.50000 | time:    153.62 s
[10:43:05] iter:  256 | beta: 16.00 | change:   0.02456 | c:    195.77165 | v:   0.50000 | time:    154.21 s
[10:43:05] iter:  257 | beta: 16.00 | change:   0.02744 | c:    195.77021 | v:   0.50000 | time:    154.81 s
[10:43:06] iter:  258 | beta: 16.00 | change:   0.02397 | c:    195.76892 | v:   0.50000 | time:    155.41 s
[10:43:06] iter:  259 | beta: 16.00 | change:   0.02521 | c:    195.76770 | v:   0.50000 | time:    156.00 s
[10:43:07] iter:  260 | beta: 16.00 | change:   0.02531 | c:    195.76628 | v:   0.50000 | time:    156.58 s
[10:43:08] iter:  261 | beta: 16.00 | change:   0.02392 | c:    195.76476 | v:   0.50000 | time:    157.16 s
[10:43:08] iter:  262 | beta: 16.00 | change:   0.02427 | c:    195.76326 | v:   0.50000 | time:    157.76 s
[10:43:09] iter:  263 | beta: 16.00 | change:   0.02256 | c:    195.76191 | v:   0.50000 | time:    158.34 s
[10:43:09] iter:  264 | beta: 16.00 | change:   0.02242 | c:    195.76066 | v:   0.50000 | time:    158.91 s
[10:43:10] iter:  265 | beta: 16.00 | change:   0.02191 | c:    195.75930 | v:   0.50000 | time:    159.50 s
[10:43:11] iter:  266 | beta: 16.00 | change:   0.02105 | c:    195.75785 | v:   0.50000 | time:    160.08 s
[10:43:11] iter:  267 | beta: 16.00 | change:   0.02071 | c:    195.75639 | v:   0.50000 | time:    160.65 s
[10:43:12] iter:  268 | beta: 16.00 | change:   0.02107 | c:    195.75508 | v:   0.50000 | time:    161.25 s
[10:43:12] iter:  269 | beta: 16.00 | change:   0.02183 | c:    195.75385 | v:   0.50000 | time:    161.83 s
[10:43:13] iter:  270 | beta: 16.00 | change:   0.02142 | c:    195.75255 | v:   0.50000 | time:    162.42 s
[10:43:13] iter:  271 | beta: 16.00 | change:   0.02204 | c:    195.75116 | v:   0.50000 | time:    163.00 s
[10:43:14] iter:  272 | beta: 16.00 | change:   0.02296 | c:    195.74974 | v:   0.50000 | time:    163.61 s
[10:43:15] iter:  273 | beta: 16.00 | change:   0.02285 | c:    195.74841 | v:   0.50000 | time:    164.19 s
[10:43:15] iter:  274 | beta: 16.00 | change:   0.02219 | c:    195.74720 | v:   0.50000 | time:    164.76 s
[10:43:16] iter:  275 | beta: 16.00 | change:   0.02180 | c:    195.74595 | v:   0.50000 | time:    165.32 s
[10:43:16] iter:  276 | beta: 16.00 | change:   0.02277 | c:    195.74461 | v:   0.50000 | time:    165.88 s
[10:43:17] iter:  277 | beta: 16.00 | change:   0.02419 | c:    195.74314 | v:   0.50000 | time:    166.44 s
[10:43:17] iter:  278 | beta: 16.00 | change:   0.02501 | c:    195.74183 | v:   0.50000 | time:    167.00 s
[10:43:18] iter:  279 | beta: 16.00 | change:   0.02693 | c:    195.74047 | v:   0.50000 | time:    167.57 s
[10:43:19] iter:  280 | beta: 16.00 | change:   0.02730 | c:    195.73925 | v:   0.50000 | time:    168.14 s
[10:43:19] iter:  281 | beta: 16.00 | change:   0.02825 | c:    195.73777 | v:   0.50000 | time:    168.76 s
[10:43:20] iter:  282 | beta: 16.00 | change:   0.02917 | c:    195.73623 | v:   0.50000 | time:    169.35 s
[10:43:20] iter:  283 | beta: 16.00 | change:   0.03087 | c:    195.73474 | v:   0.50000 | time:    169.94 s
[10:43:21] iter:  284 | beta: 16.00 | change:   0.03202 | c:    195.73332 | v:   0.50000 | time:    170.52 s
[10:43:22] iter:  285 | beta: 16.00 | change:   0.03198 | c:    195.73193 | v:   0.50000 | time:    171.09 s
[10:43:22] iter:  286 | beta: 16.00 | change:   0.03329 | c:    195.73043 | v:   0.50000 | time:    171.63 s
[10:43:23] iter:  287 | beta: 16.00 | change:   0.03464 | c:    195.72880 | v:   0.50000 | time:    172.19 s
[10:43:23] iter:  288 | beta: 16.00 | change:   0.03373 | c:    195.72719 | v:   0.50000 | time:    172.77 s
[10:43:24] iter:  289 | beta: 16.00 | change:   0.03482 | c:    195.72566 | v:   0.50000 | time:    173.35 s
[10:43:24] iter:  290 | beta: 16.00 | change:   0.03359 | c:    195.72421 | v:   0.50000 | time:    173.95 s
[10:43:25] iter:  291 | beta: 16.00 | change:   0.03427 | c:    195.72272 | v:   0.50000 | time:    174.60 s
[10:43:26] iter:  292 | beta: 16.00 | change:   0.03336 | c:    195.72108 | v:   0.50000 | time:    175.18 s
[10:43:26] iter:  293 | beta: 16.00 | change:   0.03367 | c:    195.71946 | v:   0.50000 | time:    175.76 s
[10:43:27] iter:  294 | beta: 16.00 | change:   0.03365 | c:    195.71791 | v:   0.50000 | time:    176.32 s
[10:43:27] iter:  295 | beta: 16.00 | change:   0.03206 | c:    195.71646 | v:   0.50000 | time:    176.89 s
[10:43:28] iter:  296 | beta: 16.00 | change:   0.03165 | c:    195.71502 | v:   0.50000 | time:    177.45 s
[10:43:29] iter:  297 | beta: 16.00 | change:   0.03041 | c:    195.71347 | v:   0.50000 | time:    178.03 s
[10:43:29] iter:  298 | beta: 16.00 | change:   0.02867 | c:    195.71190 | v:   0.50000 | time:    178.58 s
[10:43:30] iter:  299 | beta: 16.00 | change:   0.02843 | c:    195.71041 | v:   0.50000 | time:    179.15 s
[10:43:30] iter:  300 | beta: 16.00 | change:   0.02604 | c:    195.70898 | v:   0.50000 | time:    179.78 s
[10:43:31] iter:  301 | beta: 16.00 | change:   0.02526 | c:    195.70764 | v:   0.50000 | time:    180.37 s
[10:43:31] iter:  302 | beta: 16.00 | change:   0.02451 | c:    195.70616 | v:   0.50000 | time:    180.96 s
[10:43:32] iter:  303 | beta: 16.00 | change:   0.02245 | c:    195.70469 | v:   0.50000 | time:    181.53 s
[10:43:33] iter:  304 | beta: 16.00 | change:   0.02353 | c:    195.70319 | v:   0.50000 | time:    182.09 s
[10:43:33] iter:  305 | beta: 16.00 | change:   0.02110 | c:    195.70177 | v:   0.50000 | time:    182.66 s
[10:43:34] iter:  306 | beta: 16.00 | change:   0.02111 | c:    195.70045 | v:   0.50000 | time:    183.23 s
[10:43:34] iter:  307 | beta: 16.00 | change:   0.02067 | c:    195.69913 | v:   0.50000 | time:    183.82 s
[10:43:35] iter:  308 | beta: 16.00 | change:   0.02103 | c:    195.69775 | v:   0.50000 | time:    184.39 s
[10:43:35] iter:  309 | beta: 16.00 | change:   0.02137 | c:    195.69633 | v:   0.50000 | time:    184.99 s
[10:43:36] iter:  310 | beta: 16.00 | change:   0.02170 | c:    195.69493 | v:   0.50000 | time:    185.61 s
[10:43:37] iter:  311 | beta: 16.00 | change:   0.01966 | c:    195.69363 | v:   0.50000 | time:    186.19 s
[10:43:37] iter:  312 | beta: 16.00 | change:   0.01751 | c:    195.69237 | v:   0.50000 | time:    186.77 s
[10:43:38] iter:  313 | beta: 16.00 | change:   0.01688 | c:    195.69106 | v:   0.50000 | time:    187.42 s
[10:43:39] iter:  314 | beta: 16.00 | change:   0.01645 | c:    195.68969 | v:   0.50000 | time:    188.09 s
[10:43:39] iter:  315 | beta: 16.00 | change:   0.01642 | c:    195.68830 | v:   0.50000 | time:    188.67 s
[10:43:40] iter:  316 | beta: 16.00 | change:   0.01642 | c:    195.68700 | v:   0.50000 | time:    189.34 s
[10:43:40] iter:  317 | beta: 16.00 | change:   0.01604 | c:    195.68578 | v:   0.50000 | time:    189.95 s
[10:43:41] iter:  318 | beta: 16.00 | change:   0.01613 | c:    195.68455 | v:   0.50000 | time:    190.63 s
[10:43:42] iter:  319 | beta: 16.00 | change:   0.01600 | c:    195.68328 | v:   0.50000 | time:    191.25 s
[10:43:42] iter:  320 | beta: 16.00 | change:   0.01545 | c:    195.68193 | v:   0.50000 | time:    191.89 s
[10:43:43] iter:  321 | beta: 16.00 | change:   0.01487 | c:    195.68064 | v:   0.50000 | time:    192.48 s
[10:43:44] iter:  322 | beta: 16.00 | change:   0.01466 | c:    195.67942 | v:   0.50000 | time:    193.11 s
[10:43:44] iter:  323 | beta: 16.00 | change:   0.01388 | c:    195.67824 | v:   0.50000 | time:    193.72 s
[10:43:45] iter:  324 | beta: 16.00 | change:   0.01401 | c:    195.67700 | v:   0.50000 | time:    194.39 s
[10:43:45] iter:  325 | beta: 16.00 | change:   0.01408 | c:    195.67573 | v:   0.50000 | time:    194.99 s
[10:43:46] iter:  326 | beta: 16.00 | change:   0.01421 | c:    195.67443 | v:   0.50000 | time:    195.56 s
[10:43:47] iter:  327 | beta: 16.00 | change:   0.01429 | c:    195.67320 | v:   0.50000 | time:    196.18 s
[10:43:47] iter:  328 | beta: 16.00 | change:   0.01441 | c:    195.67203 | v:   0.50000 | time:    196.80 s
[10:43:48] iter:  329 | beta: 16.00 | change:   0.01449 | c:    195.67086 | v:   0.50000 | time:    197.41 s
[10:43:49] iter:  330 | beta: 16.00 | change:   0.01444 | c:    195.66963 | v:   0.50000 | time:    198.01 s
[10:43:49] iter:  331 | beta: 16.00 | change:   0.01404 | c:    195.66837 | v:   0.50000 | time:    198.63 s
[10:43:50] iter:  332 | beta: 16.00 | change:   0.01355 | c:    195.66713 | v:   0.50000 | time:    199.22 s
[10:43:50] iter:  333 | beta: 16.00 | change:   0.01365 | c:    195.66597 | v:   0.50000 | time:    199.80 s
[10:43:51] iter:  334 | beta: 16.00 | change:   0.01366 | c:    195.66484 | v:   0.50000 | time:    200.38 s
[10:43:51] iter:  335 | beta: 16.00 | change:   0.01371 | c:    195.66369 | v:   0.50000 | time:    200.97 s
[10:43:52] iter:  336 | beta: 16.00 | change:   0.01383 | c:    195.66247 | v:   0.50000 | time:    201.55 s
[10:43:53] iter:  337 | beta: 16.00 | change:   0.01387 | c:    195.66128 | v:   0.50000 | time:    202.14 s
[10:43:53] iter:  338 | beta: 16.00 | change:   0.01391 | c:    195.66012 | v:   0.50000 | time:    202.73 s
[10:43:54] iter:  339 | beta: 16.00 | change:   0.01394 | c:    195.65900 | v:   0.50000 | time:    203.30 s
[10:43:54] iter:  340 | beta: 16.00 | change:   0.01400 | c:    195.65788 | v:   0.50000 | time:    203.86 s
[10:43:55] iter:  341 | beta: 16.00 | change:   0.01402 | c:    195.65676 | v:   0.50000 | time:    204.42 s
[10:43:55] iter:  342 | beta: 16.00 | change:   0.01408 | c:    195.65561 | v:   0.50000 | time:    205.00 s
[10:43:56] iter:  343 | beta: 16.00 | change:   0.01406 | c:    195.65449 | v:   0.50000 | time:    205.56 s
[10:43:57] iter:  344 | beta: 16.00 | change:   0.01414 | c:    195.65337 | v:   0.50000 | time:    206.12 s
[10:43:57] iter:  345 | beta: 16.00 | change:   0.01404 | c:    195.65229 | v:   0.50000 | time:    206.69 s
[10:43:58] iter:  346 | beta: 16.00 | change:   0.01423 | c:    195.65122 | v:   0.50000 | time:    207.27 s
[10:43:58] iter:  347 | beta: 16.00 | change:   0.01401 | c:    195.65012 | v:   0.50000 | time:    207.87 s
[10:43:59] iter:  348 | beta: 16.00 | change:   0.01430 | c:    195.64900 | v:   0.50000 | time:    208.46 s
[10:44:00] iter:  349 | beta: 16.00 | change:   0.01403 | c:    195.64792 | v:   0.50000 | time:    209.03 s
[10:44:00] iter:  350 | beta: 16.00 | change:   0.01430 | c:    195.64685 | v:   0.50000 | time:    209.58 s
[10:44:01] iter:  351 | beta: 16.00 | change:   0.01405 | c:    195.64581 | v:   0.50000 | time:    210.15 s
[10:44:01] iter:  352 | beta: 16.00 | change:   0.01422 | c:    195.64476 | v:   0.50000 | time:    210.72 s
[10:44:02] iter:  353 | beta: 16.00 | change:   0.01410 | c:    195.64371 | v:   0.50000 | time:    211.30 s
[10:44:02] iter:  354 | beta: 16.00 | change:   0.01423 | c:    195.64267 | v:   0.50000 | time:    211.90 s
[10:44:03] iter:  355 | beta: 16.00 | change:   0.01420 | c:    195.64164 | v:   0.50000 | time:    212.47 s
[10:44:04] iter:  356 | beta: 16.00 | change:   0.01425 | c:    195.64061 | v:   0.50000 | time:    213.10 s
[10:44:04] iter:  357 | beta: 16.00 | change:   0.01420 | c:    195.63959 | v:   0.50000 | time:    213.71 s
[10:44:05] iter:  358 | beta: 16.00 | change:   0.01425 | c:    195.63860 | v:   0.50000 | time:    214.28 s
[10:44:05] iter:  359 | beta: 16.00 | change:   0.01426 | c:    195.63762 | v:   0.50000 | time:    214.86 s
[10:44:06] iter:  360 | beta: 16.00 | change:   0.01437 | c:    195.63659 | v:   0.50000 | time:    215.42 s
[10:44:06] iter:  361 | beta: 16.00 | change:   0.01333 | c:    195.63561 | v:   0.50000 | time:    215.99 s
[10:44:07] iter:  362 | beta: 16.00 | change:   0.01177 | c:    195.63464 | v:   0.50000 | time:    216.56 s
[10:44:08] iter:  363 | beta: 16.00 | change:   0.01021 | c:    195.63368 | v:   0.50000 | time:    217.12 s
[10:44:08] iter:  364 | beta: 16.00 | change:   0.00897 | c:    195.63274 | v:   0.50000 | time:    217.68 s

Saved step 4 (MTOP MMA Heaviside, eta = 0.30) result data:
  C:\Users\campa\Desktop\Structural-Optimization-LUKASTIEBERT\matlab\results\mtop_mma_heaviside_eta_030.mat
  C:\Users\campa\Desktop\Structural-Optimization-LUKASTIEBERT\matlab\results\mtop_mma_heaviside_eta_030_history.csv
  C:\Users\campa\Desktop\Structural-Optimization-LUKASTIEBERT\matlab\results\mtop_mma_heaviside_eta_030_summary.txt
Saved step 4 (MTOP MMA Heaviside, eta = 0.30) figures in:
  C:\Users\campa\Desktop\Structural-Optimization-LUKASTIEBERT\matlab\figures

Step 4 (MTOP MMA Heaviside, eta = 0.30) completed.
  Iterations:           364
  Elapsed time [s]:     217.68
  Final beta:           16.0000
  MTOP compliance:      195.632742
  Fine-mesh compliance: 200.129017
  Volume fraction:      0.499999

Running assignment step 4: MTOP MMA Heaviside (eta = 0.50)
  FE mesh:       120 x 40 elements
  Density mesh:  600 x 200 cells
  Cells per FE:  5 x 5
  Volume target: 0.5000
  Penalization:  3.0000
  Filter radius: 24.0000 density cells
  Heaviside eta: 0.50
  Beta range:    1.00 -> 16.00 (doubled every 50 iters)

[10:44:18] iter:    1 | beta:  1.00 | change:   1.00000 | c:   1027.43234 | v:   0.50000 | time:      0.58 s
[10:44:19] iter:    2 | beta:  1.00 | change:   0.19997 | c:    748.45034 | v:   0.46886 | time:      1.18 s
[10:44:19] iter:    3 | beta:  1.00 | change:   0.16625 | c:    557.04156 | v:   0.48008 | time:      1.73 s
[10:44:20] iter:    4 | beta:  1.00 | change:   0.15139 | c:    459.59889 | v:   0.48755 | time:      2.26 s
[10:44:20] iter:    5 | beta:  1.00 | change:   0.13190 | c:    406.06931 | v:   0.49242 | time:      2.84 s
[10:44:21] iter:    6 | beta:  1.00 | change:   0.12059 | c:    377.15978 | v:   0.49590 | time:      3.41 s
[10:44:21] iter:    7 | beta:  1.00 | change:   0.13103 | c:    361.08064 | v:   0.49745 | time:      3.96 s
[10:44:22] iter:    8 | beta:  1.00 | change:   0.14452 | c:    350.52357 | v:   0.49811 | time:      4.48 s
[10:44:22] iter:    9 | beta:  1.00 | change:   0.16318 | c:    342.74031 | v:   0.49853 | time:      5.01 s
[10:44:23] iter:   10 | beta:  1.00 | change:   0.16914 | c:    336.33757 | v:   0.49872 | time:      5.54 s
[10:44:23] iter:   11 | beta:  1.00 | change:   0.14781 | c:    329.96960 | v:   0.49864 | time:      6.07 s
[10:44:24] iter:   12 | beta:  1.00 | change:   0.17589 | c:    323.55652 | v:   0.49851 | time:      6.60 s
[10:44:25] iter:   13 | beta:  1.00 | change:   0.17723 | c:    317.12321 | v:   0.49848 | time:      7.13 s
[10:44:25] iter:   14 | beta:  1.00 | change:   0.16311 | c:    310.92448 | v:   0.49855 | time:      7.65 s
[10:44:26] iter:   15 | beta:  1.00 | change:   0.17436 | c:    304.90491 | v:   0.49856 | time:      8.18 s
[10:44:26] iter:   16 | beta:  1.00 | change:   0.18633 | c:    298.78817 | v:   0.49856 | time:      8.75 s
[10:44:27] iter:   17 | beta:  1.00 | change:   0.19083 | c:    292.40327 | v:   0.49845 | time:      9.30 s
[10:44:27] iter:   18 | beta:  1.00 | change:   0.19351 | c:    285.43825 | v:   0.49802 | time:      9.84 s
[10:44:28] iter:   19 | beta:  1.00 | change:   0.19667 | c:    278.79982 | v:   0.49719 | time:     10.39 s
[10:44:28] iter:   20 | beta:  1.00 | change:   0.19791 | c:    272.27348 | v:   0.49594 | time:     10.94 s
[10:44:29] iter:   21 | beta:  1.00 | change:   0.19862 | c:    264.33129 | v:   0.49549 | time:     11.48 s
[10:44:29] iter:   22 | beta:  1.00 | change:   0.19778 | c:    256.09385 | v:   0.49702 | time:     12.01 s
[10:44:30] iter:   23 | beta:  1.00 | change:   0.19731 | c:    250.97633 | v:   0.49858 | time:     12.57 s
[10:44:31] iter:   24 | beta:  1.00 | change:   0.19631 | c:    248.05579 | v:   0.49899 | time:     13.18 s
[10:44:31] iter:   25 | beta:  1.00 | change:   0.19542 | c:    245.90912 | v:   0.49926 | time:     13.75 s
[10:44:32] iter:   26 | beta:  1.00 | change:   0.19417 | c:    244.15781 | v:   0.49934 | time:     14.35 s
[10:44:32] iter:   27 | beta:  1.00 | change:   0.19237 | c:    242.61393 | v:   0.49939 | time:     14.97 s
[10:44:33] iter:   28 | beta:  1.00 | change:   0.19072 | c:    241.21588 | v:   0.49939 | time:     15.55 s
[10:44:34] iter:   29 | beta:  1.00 | change:   0.18463 | c:    239.86284 | v:   0.49937 | time:     16.14 s
[10:44:34] iter:   30 | beta:  1.00 | change:   0.18507 | c:    238.71938 | v:   0.49959 | time:     16.82 s
[10:44:35] iter:   31 | beta:  1.00 | change:   0.18433 | c:    237.94511 | v:   0.49969 | time:     17.39 s
[10:44:35] iter:   32 | beta:  1.00 | change:   0.18118 | c:    237.30643 | v:   0.49973 | time:     18.01 s
[10:44:36] iter:   33 | beta:  1.00 | change:   0.17934 | c:    236.75282 | v:   0.49978 | time:     18.66 s
[10:44:37] iter:   34 | beta:  1.00 | change:   0.18195 | c:    236.31373 | v:   0.49983 | time:     19.26 s
[10:44:37] iter:   35 | beta:  1.00 | change:   0.17674 | c:    235.96316 | v:   0.49986 | time:     19.88 s
[10:44:38] iter:   36 | beta:  1.00 | change:   0.17444 | c:    235.67332 | v:   0.49989 | time:     20.47 s
[10:44:38] iter:   37 | beta:  1.00 | change:   0.17301 | c:    235.42987 | v:   0.49991 | time:     21.04 s
[10:44:39] iter:   38 | beta:  1.00 | change:   0.16902 | c:    235.22211 | v:   0.49992 | time:     21.63 s
[10:44:40] iter:   39 | beta:  1.00 | change:   0.16795 | c:    235.04707 | v:   0.49993 | time:     22.20 s
[10:44:40] iter:   40 | beta:  1.00 | change:   0.16479 | c:    234.90152 | v:   0.49995 | time:     22.76 s
[10:44:41] iter:   41 | beta:  1.00 | change:   0.17243 | c:    234.78242 | v:   0.49996 | time:     23.32 s
[10:44:41] iter:   42 | beta:  1.00 | change:   0.15894 | c:    234.68442 | v:   0.49996 | time:     23.87 s
[10:44:42] iter:   43 | beta:  1.00 | change:   0.16502 | c:    234.60230 | v:   0.49997 | time:     24.44 s
[10:44:42] iter:   44 | beta:  1.00 | change:   0.15543 | c:    234.53191 | v:   0.49997 | time:     25.01 s
[10:44:43] iter:   45 | beta:  1.00 | change:   0.17069 | c:    234.46855 | v:   0.49998 | time:     25.59 s
[10:44:44] iter:   46 | beta:  1.00 | change:   0.16515 | c:    234.41008 | v:   0.49998 | time:     26.17 s
[10:44:44] iter:   47 | beta:  1.00 | change:   0.16166 | c:    234.35857 | v:   0.49998 | time:     26.75 s
[10:44:45] iter:   48 | beta:  1.00 | change:   0.15378 | c:    234.31441 | v:   0.49998 | time:     27.31 s
[10:44:45] iter:   49 | beta:  1.00 | change:   0.14805 | c:    234.27443 | v:   0.49998 | time:     27.90 s
[10:44:46] iter:   50 | beta:  1.00 | change:   0.14763 | c:    234.23617 | v:   0.49998 | time:     28.48 s
[10:44:46] iter:   51 | beta:  1.00 | change:   0.14587 | c:    234.20024 | v:   0.49999 | time:     29.07 s
  Heaviside beta increased to 2.00
[10:44:47] iter:   52 | beta:  2.00 | change:   0.14792 | c:    226.62466 | v:   0.50243 | time:     29.66 s
[10:44:48] iter:   53 | beta:  2.00 | change:   0.17457 | c:    228.19429 | v:   0.49995 | time:     30.24 s
[10:44:48] iter:   54 | beta:  2.00 | change:   0.16347 | c:    228.11643 | v:   0.49997 | time:     30.82 s
[10:44:49] iter:   55 | beta:  2.00 | change:   0.15273 | c:    228.07297 | v:   0.49998 | time:     31.42 s
[10:44:49] iter:   56 | beta:  2.00 | change:   0.14180 | c:    228.03677 | v:   0.49998 | time:     32.03 s
[10:44:50] iter:   57 | beta:  2.00 | change:   0.14210 | c:    228.00573 | v:   0.49999 | time:     32.64 s
[10:44:51] iter:   58 | beta:  2.00 | change:   0.13926 | c:    227.97662 | v:   0.49999 | time:     33.23 s
[10:44:51] iter:   59 | beta:  2.00 | change:   0.14057 | c:    227.94812 | v:   0.49999 | time:     33.81 s
[10:44:52] iter:   60 | beta:  2.00 | change:   0.14310 | c:    227.92063 | v:   0.49999 | time:     34.44 s
[10:44:52] iter:   61 | beta:  2.00 | change:   0.13578 | c:    227.89420 | v:   0.49999 | time:     35.06 s
[10:44:53] iter:   62 | beta:  2.00 | change:   0.13357 | c:    227.86877 | v:   0.49999 | time:     35.72 s
[10:44:54] iter:   63 | beta:  2.00 | change:   0.13687 | c:    227.84412 | v:   0.49999 | time:     36.41 s
[10:44:54] iter:   64 | beta:  2.00 | change:   0.13216 | c:    227.82082 | v:   0.49999 | time:     37.05 s
[10:44:55] iter:   65 | beta:  2.00 | change:   0.12573 | c:    227.79936 | v:   0.49999 | time:     37.66 s
[10:44:56] iter:   66 | beta:  2.00 | change:   0.12869 | c:    227.77909 | v:   0.49999 | time:     38.27 s
[10:44:56] iter:   67 | beta:  2.00 | change:   0.12800 | c:    227.75917 | v:   0.49999 | time:     38.85 s
[10:44:57] iter:   68 | beta:  2.00 | change:   0.12157 | c:    227.73984 | v:   0.49999 | time:     39.43 s
[10:44:57] iter:   69 | beta:  2.00 | change:   0.12310 | c:    227.72140 | v:   0.49999 | time:     40.02 s
[10:44:58] iter:   70 | beta:  2.00 | change:   0.12102 | c:    227.70358 | v:   0.49999 | time:     40.59 s
[10:44:59] iter:   71 | beta:  2.00 | change:   0.12236 | c:    227.68591 | v:   0.49999 | time:     41.18 s
[10:44:59] iter:   72 | beta:  2.00 | change:   0.11910 | c:    227.66845 | v:   0.49999 | time:     41.78 s
[10:45:00] iter:   73 | beta:  2.00 | change:   0.11500 | c:    227.65163 | v:   0.49999 | time:     42.40 s
[10:45:00] iter:   74 | beta:  2.00 | change:   0.11670 | c:    227.63526 | v:   0.49999 | time:     42.98 s
[10:45:01] iter:   75 | beta:  2.00 | change:   0.11708 | c:    227.61907 | v:   0.49999 | time:     43.56 s
[10:45:02] iter:   76 | beta:  2.00 | change:   0.11964 | c:    227.60315 | v:   0.49999 | time:     44.16 s
[10:45:02] iter:   77 | beta:  2.00 | change:   0.11392 | c:    227.58770 | v:   0.49999 | time:     44.77 s
[10:45:03] iter:   78 | beta:  2.00 | change:   0.11193 | c:    227.57306 | v:   0.49999 | time:     45.39 s
[10:45:03] iter:   79 | beta:  2.00 | change:   0.11159 | c:    227.55883 | v:   0.49999 | time:     45.98 s
[10:45:04] iter:   80 | beta:  2.00 | change:   0.11277 | c:    227.54466 | v:   0.49999 | time:     46.54 s
[10:45:04] iter:   81 | beta:  2.00 | change:   0.11468 | c:    227.53060 | v:   0.49999 | time:     47.12 s
[10:45:05] iter:   82 | beta:  2.00 | change:   0.11191 | c:    227.51689 | v:   0.49999 | time:     47.70 s
[10:45:06] iter:   83 | beta:  2.00 | change:   0.10769 | c:    227.50377 | v:   0.49999 | time:     48.29 s
[10:45:06] iter:   84 | beta:  2.00 | change:   0.10545 | c:    227.49101 | v:   0.49999 | time:     48.86 s
[10:45:07] iter:   85 | beta:  2.00 | change:   0.10709 | c:    227.47826 | v:   0.49999 | time:     49.42 s
[10:45:07] iter:   86 | beta:  2.00 | change:   0.10832 | c:    227.46543 | v:   0.49999 | time:     49.94 s
[10:45:08] iter:   87 | beta:  2.00 | change:   0.10910 | c:    227.45273 | v:   0.49999 | time:     50.51 s
[10:45:08] iter:   88 | beta:  2.00 | change:   0.10314 | c:    227.44046 | v:   0.49999 | time:     51.09 s
[10:45:09] iter:   89 | beta:  2.00 | change:   0.10346 | c:    227.42879 | v:   0.49999 | time:     51.68 s
[10:45:10] iter:   90 | beta:  2.00 | change:   0.10232 | c:    227.41744 | v:   0.49999 | time:     52.25 s
[10:45:10] iter:   91 | beta:  2.00 | change:   0.10205 | c:    227.40620 | v:   0.49999 | time:     52.79 s
[10:45:11] iter:   92 | beta:  2.00 | change:   0.10495 | c:    227.39492 | v:   0.49999 | time:     53.33 s
[10:45:11] iter:   93 | beta:  2.00 | change:   0.10340 | c:    227.38369 | v:   0.49999 | time:     53.87 s
[10:45:12] iter:   94 | beta:  2.00 | change:   0.10170 | c:    227.37291 | v:   0.50000 | time:     54.41 s
[10:45:12] iter:   95 | beta:  2.00 | change:   0.10039 | c:    227.36264 | v:   0.50000 | time:     54.92 s
[10:45:13] iter:   96 | beta:  2.00 | change:   0.09685 | c:    227.35262 | v:   0.50000 | time:     55.46 s
[10:45:13] iter:   97 | beta:  2.00 | change:   0.09572 | c:    227.34269 | v:   0.50000 | time:     55.99 s
[10:45:14] iter:   98 | beta:  2.00 | change:   0.09818 | c:    227.33272 | v:   0.50000 | time:     56.50 s
[10:45:14] iter:   99 | beta:  2.00 | change:   0.10075 | c:    227.32263 | v:   0.50000 | time:     57.01 s
[10:45:15] iter:  100 | beta:  2.00 | change:   0.09952 | c:    227.31264 | v:   0.50000 | time:     57.53 s
[10:45:15] iter:  101 | beta:  2.00 | change:   0.09489 | c:    227.30312 | v:   0.50000 | time:     58.04 s
  Heaviside beta increased to 4.00
[10:45:16] iter:  102 | beta:  4.00 | change:   0.09558 | c:    212.11935 | v:   0.50473 | time:     58.60 s
[10:45:17] iter:  103 | beta:  4.00 | change:   0.18627 | c:    214.78197 | v:   0.49974 | time:     59.19 s
[10:45:17] iter:  104 | beta:  4.00 | change:   0.17873 | c:    214.59824 | v:   0.49988 | time:     59.75 s
[10:45:18] iter:  105 | beta:  4.00 | change:   0.17113 | c:    214.52314 | v:   0.49995 | time:     60.31 s
[10:45:18] iter:  106 | beta:  4.00 | change:   0.16886 | c:    214.47491 | v:   0.49997 | time:     60.91 s
[10:45:19] iter:  107 | beta:  4.00 | change:   0.16469 | c:    214.44126 | v:   0.49998 | time:     61.54 s
[10:45:20] iter:  108 | beta:  4.00 | change:   0.14099 | c:    214.41525 | v:   0.49999 | time:     62.15 s
[10:45:20] iter:  109 | beta:  4.00 | change:   0.11276 | c:    214.39286 | v:   0.49999 | time:     62.76 s
[10:45:21] iter:  110 | beta:  4.00 | change:   0.10360 | c:    214.37398 | v:   0.49999 | time:     63.38 s
[10:45:21] iter:  111 | beta:  4.00 | change:   0.09061 | c:    214.35828 | v:   0.49999 | time:     64.01 s
[10:45:22] iter:  112 | beta:  4.00 | change:   0.08921 | c:    214.34533 | v:   0.49999 | time:     64.62 s
[10:45:23] iter:  113 | beta:  4.00 | change:   0.08900 | c:    214.33415 | v:   0.49999 | time:     65.20 s
[10:45:23] iter:  114 | beta:  4.00 | change:   0.09184 | c:    214.32410 | v:   0.49999 | time:     65.77 s
[10:45:24] iter:  115 | beta:  4.00 | change:   0.09318 | c:    214.31484 | v:   0.50000 | time:     66.30 s
[10:45:24] iter:  116 | beta:  4.00 | change:   0.08802 | c:    214.30625 | v:   0.50000 | time:     66.84 s
[10:45:25] iter:  117 | beta:  4.00 | change:   0.08687 | c:    214.29827 | v:   0.50000 | time:     67.38 s
[10:45:25] iter:  118 | beta:  4.00 | change:   0.08224 | c:    214.29083 | v:   0.50000 | time:     67.90 s
[10:45:26] iter:  119 | beta:  4.00 | change:   0.07946 | c:    214.28381 | v:   0.50000 | time:     68.49 s
[10:45:26] iter:  120 | beta:  4.00 | change:   0.07783 | c:    214.27707 | v:   0.50000 | time:     69.07 s
[10:45:27] iter:  121 | beta:  4.00 | change:   0.07781 | c:    214.27055 | v:   0.50000 | time:     69.65 s
[10:45:28] iter:  122 | beta:  4.00 | change:   0.07514 | c:    214.26431 | v:   0.50000 | time:     70.27 s
[10:45:28] iter:  123 | beta:  4.00 | change:   0.07530 | c:    214.25836 | v:   0.50000 | time:     70.80 s
[10:45:29] iter:  124 | beta:  4.00 | change:   0.07316 | c:    214.25264 | v:   0.50000 | time:     71.34 s
[10:45:29] iter:  125 | beta:  4.00 | change:   0.07270 | c:    214.24712 | v:   0.50000 | time:     71.87 s
[10:45:30] iter:  126 | beta:  4.00 | change:   0.07316 | c:    214.24183 | v:   0.50000 | time:     72.40 s
[10:45:30] iter:  127 | beta:  4.00 | change:   0.07326 | c:    214.23673 | v:   0.50000 | time:     72.93 s
[10:45:31] iter:  128 | beta:  4.00 | change:   0.07342 | c:    214.23178 | v:   0.50000 | time:     73.45 s
[10:45:31] iter:  129 | beta:  4.00 | change:   0.07272 | c:    214.22695 | v:   0.50000 | time:     73.98 s
[10:45:32] iter:  130 | beta:  4.00 | change:   0.06979 | c:    214.22230 | v:   0.50000 | time:     74.52 s
[10:45:32] iter:  131 | beta:  4.00 | change:   0.07005 | c:    214.21780 | v:   0.50000 | time:     75.06 s
[10:45:33] iter:  132 | beta:  4.00 | change:   0.06983 | c:    214.21339 | v:   0.50000 | time:     75.61 s
[10:45:34] iter:  133 | beta:  4.00 | change:   0.06678 | c:    214.20903 | v:   0.50000 | time:     76.16 s
[10:45:34] iter:  134 | beta:  4.00 | change:   0.06592 | c:    214.20477 | v:   0.50000 | time:     76.69 s
[10:45:35] iter:  135 | beta:  4.00 | change:   0.06501 | c:    214.20062 | v:   0.50000 | time:     77.22 s
[10:45:35] iter:  136 | beta:  4.00 | change:   0.06500 | c:    214.19657 | v:   0.50000 | time:     77.76 s
[10:45:36] iter:  137 | beta:  4.00 | change:   0.06528 | c:    214.19260 | v:   0.50000 | time:     78.29 s
[10:45:36] iter:  138 | beta:  4.00 | change:   0.06763 | c:    214.18868 | v:   0.50000 | time:     78.83 s
[10:45:37] iter:  139 | beta:  4.00 | change:   0.06743 | c:    214.18484 | v:   0.50000 | time:     79.37 s
[10:45:37] iter:  140 | beta:  4.00 | change:   0.06644 | c:    214.18109 | v:   0.50000 | time:     79.92 s
[10:45:38] iter:  141 | beta:  4.00 | change:   0.06428 | c:    214.17740 | v:   0.50000 | time:     80.46 s
[10:45:38] iter:  142 | beta:  4.00 | change:   0.06384 | c:    214.17380 | v:   0.50000 | time:     81.02 s
[10:45:39] iter:  143 | beta:  4.00 | change:   0.06275 | c:    214.17028 | v:   0.50000 | time:     81.56 s
[10:45:39] iter:  144 | beta:  4.00 | change:   0.06228 | c:    214.16684 | v:   0.50000 | time:     82.08 s
[10:45:40] iter:  145 | beta:  4.00 | change:   0.06100 | c:    214.16346 | v:   0.50000 | time:     82.62 s
[10:45:41] iter:  146 | beta:  4.00 | change:   0.06075 | c:    214.16011 | v:   0.50000 | time:     83.15 s
[10:45:41] iter:  147 | beta:  4.00 | change:   0.06059 | c:    214.15680 | v:   0.50000 | time:     83.67 s
[10:45:42] iter:  148 | beta:  4.00 | change:   0.06189 | c:    214.15354 | v:   0.50000 | time:     84.19 s
[10:45:42] iter:  149 | beta:  4.00 | change:   0.06359 | c:    214.15033 | v:   0.50000 | time:     84.72 s
[10:45:43] iter:  150 | beta:  4.00 | change:   0.06222 | c:    214.14717 | v:   0.50000 | time:     85.26 s
[10:45:43] iter:  151 | beta:  4.00 | change:   0.06176 | c:    214.14407 | v:   0.50000 | time:     85.81 s
  Heaviside beta increased to 8.00
[10:45:44] iter:  152 | beta:  8.00 | change:   0.06126 | c:    199.91714 | v:   0.50379 | time:     86.39 s
[10:45:44] iter:  153 | beta:  8.00 | change:   0.18166 | c:    201.83729 | v:   0.49934 | time:     87.02 s
[10:45:45] iter:  154 | beta:  8.00 | change:   0.14978 | c:    201.65017 | v:   0.49979 | time:     87.61 s
[10:45:46] iter:  155 | beta:  8.00 | change:   0.15226 | c:    201.66679 | v:   0.49977 | time:     88.21 s
[10:45:46] iter:  156 | beta:  8.00 | change:   0.15553 | c:    201.66171 | v:   0.49976 | time:     88.81 s
[10:45:47] iter:  157 | beta:  8.00 | change:   0.15119 | c:    201.58564 | v:   0.49981 | time:     89.43 s
[10:45:47] iter:  158 | beta:  8.00 | change:   0.15054 | c:    201.50911 | v:   0.49992 | time:     90.11 s
[10:45:48] iter:  159 | beta:  8.00 | change:   0.11799 | c:    201.46499 | v:   0.49997 | time:     90.77 s
[10:45:49] iter:  160 | beta:  8.00 | change:   0.08759 | c:    201.44873 | v:   0.49999 | time:     91.45 s
[10:45:50] iter:  161 | beta:  8.00 | change:   0.08087 | c:    201.44026 | v:   0.49999 | time:     92.16 s
[10:45:50] iter:  162 | beta:  8.00 | change:   0.08044 | c:    201.43327 | v:   0.50000 | time:     92.86 s
[10:45:51] iter:  163 | beta:  8.00 | change:   0.07645 | c:    201.42703 | v:   0.50000 | time:     93.53 s
[10:45:52] iter:  164 | beta:  8.00 | change:   0.07063 | c:    201.42127 | v:   0.50000 | time:     94.18 s
[10:45:52] iter:  165 | beta:  8.00 | change:   0.07147 | c:    201.41587 | v:   0.50000 | time:     94.81 s
[10:45:53] iter:  166 | beta:  8.00 | change:   0.07429 | c:    201.41086 | v:   0.50000 | time:     95.46 s
[10:45:53] iter:  167 | beta:  8.00 | change:   0.06946 | c:    201.40615 | v:   0.50000 | time:     96.09 s
[10:45:54] iter:  168 | beta:  8.00 | change:   0.06771 | c:    201.40166 | v:   0.50000 | time:     96.70 s
[10:45:55] iter:  169 | beta:  8.00 | change:   0.06361 | c:    201.39740 | v:   0.50000 | time:     97.36 s
[10:45:55] iter:  170 | beta:  8.00 | change:   0.05611 | c:    201.39336 | v:   0.50000 | time:     97.99 s
[10:45:56] iter:  171 | beta:  8.00 | change:   0.05810 | c:    201.38951 | v:   0.50000 | time:     98.58 s
[10:45:57] iter:  172 | beta:  8.00 | change:   0.06548 | c:    201.38581 | v:   0.50000 | time:     99.14 s
[10:45:57] iter:  173 | beta:  8.00 | change:   0.06595 | c:    201.38230 | v:   0.50000 | time:     99.70 s
[10:45:58] iter:  174 | beta:  8.00 | change:   0.06152 | c:    201.37904 | v:   0.50000 | time:    100.28 s
[10:45:58] iter:  175 | beta:  8.00 | change:   0.06004 | c:    201.37599 | v:   0.50000 | time:    100.85 s
[10:45:59] iter:  176 | beta:  8.00 | change:   0.05558 | c:    201.37315 | v:   0.50000 | time:    101.42 s
[10:45:59] iter:  177 | beta:  8.00 | change:   0.05206 | c:    201.37046 | v:   0.50000 | time:    101.99 s
[10:46:00] iter:  178 | beta:  8.00 | change:   0.05037 | c:    201.36794 | v:   0.50000 | time:    102.56 s
[10:46:00] iter:  179 | beta:  8.00 | change:   0.04798 | c:    201.36554 | v:   0.50000 | time:    103.13 s
[10:46:01] iter:  180 | beta:  8.00 | change:   0.04884 | c:    201.36333 | v:   0.50000 | time:    103.69 s
[10:46:02] iter:  181 | beta:  8.00 | change:   0.04273 | c:    201.36118 | v:   0.50000 | time:    104.29 s
[10:46:02] iter:  182 | beta:  8.00 | change:   0.04346 | c:    201.35924 | v:   0.50000 | time:    104.87 s
[10:46:03] iter:  183 | beta:  8.00 | change:   0.04266 | c:    201.35725 | v:   0.50000 | time:    105.49 s
[10:46:03] iter:  184 | beta:  8.00 | change:   0.04207 | c:    201.35552 | v:   0.50000 | time:    106.09 s
[10:46:04] iter:  185 | beta:  8.00 | change:   0.04251 | c:    201.35369 | v:   0.50000 | time:    106.71 s
[10:46:05] iter:  186 | beta:  8.00 | change:   0.04274 | c:    201.35204 | v:   0.50000 | time:    107.33 s
[10:46:05] iter:  187 | beta:  8.00 | change:   0.04259 | c:    201.35026 | v:   0.50000 | time:    107.96 s
[10:46:06] iter:  188 | beta:  8.00 | change:   0.04452 | c:    201.34856 | v:   0.50000 | time:    108.57 s
[10:46:07] iter:  189 | beta:  8.00 | change:   0.04130 | c:    201.34679 | v:   0.50000 | time:    109.20 s
[10:46:07] iter:  190 | beta:  8.00 | change:   0.04241 | c:    201.34515 | v:   0.50000 | time:    109.82 s
[10:46:08] iter:  191 | beta:  8.00 | change:   0.04001 | c:    201.34353 | v:   0.50000 | time:    110.41 s
[10:46:08] iter:  192 | beta:  8.00 | change:   0.03830 | c:    201.34179 | v:   0.50000 | time:    111.02 s
[10:46:09] iter:  193 | beta:  8.00 | change:   0.03911 | c:    201.34002 | v:   0.50000 | time:    111.59 s
[10:46:10] iter:  194 | beta:  8.00 | change:   0.03893 | c:    201.33843 | v:   0.50000 | time:    112.18 s
[10:46:10] iter:  195 | beta:  8.00 | change:   0.03840 | c:    201.33693 | v:   0.50000 | time:    112.76 s
[10:46:11] iter:  196 | beta:  8.00 | change:   0.03794 | c:    201.33538 | v:   0.50000 | time:    113.37 s
[10:46:11] iter:  197 | beta:  8.00 | change:   0.03822 | c:    201.33373 | v:   0.50000 | time:    113.99 s
[10:46:12] iter:  198 | beta:  8.00 | change:   0.03555 | c:    201.33211 | v:   0.50000 | time:    114.61 s
[10:46:13] iter:  199 | beta:  8.00 | change:   0.03652 | c:    201.33060 | v:   0.50000 | time:    115.24 s
[10:46:13] iter:  200 | beta:  8.00 | change:   0.03682 | c:    201.32910 | v:   0.50000 | time:    115.85 s
[10:46:14] iter:  201 | beta:  8.00 | change:   0.03692 | c:    201.32756 | v:   0.50000 | time:    116.45 s
  Heaviside beta increased to 16.00
[10:46:14] iter:  202 | beta: 16.00 | change:   0.03729 | c:    194.67966 | v:   0.50136 | time:    117.02 s
[10:46:15] iter:  203 | beta: 16.00 | change:   0.16772 | c:    195.33672 | v:   0.49955 | time:    117.63 s
[10:46:16] iter:  204 | beta: 16.00 | change:   0.15341 | c:    195.31384 | v:   0.49987 | time:    118.24 s
[10:46:16] iter:  205 | beta: 16.00 | change:   0.17393 | c:    195.55094 | v:   0.49952 | time:    118.85 s
[10:46:17] iter:  206 | beta: 16.00 | change:   0.18716 | c:    195.79797 | v:   0.49910 | time:    119.43 s
[10:46:17] iter:  207 | beta: 16.00 | change:   0.19008 | c:    195.73379 | v:   0.49904 | time:    120.03 s
[10:46:18] iter:  208 | beta: 16.00 | change:   0.18803 | c:    195.43967 | v:   0.49952 | time:    120.65 s
[10:46:19] iter:  209 | beta: 16.00 | change:   0.15613 | c:    195.30565 | v:   0.49980 | time:    121.24 s
[10:46:19] iter:  210 | beta: 16.00 | change:   0.09328 | c:    195.23392 | v:   0.49997 | time:    121.85 s
[10:46:20] iter:  211 | beta: 16.00 | change:   0.04620 | c:    195.22488 | v:   0.49999 | time:    122.46 s
[10:46:20] iter:  212 | beta: 16.00 | change:   0.04596 | c:    195.22493 | v:   0.50000 | time:    123.06 s
[10:46:21] iter:  213 | beta: 16.00 | change:   0.03447 | c:    195.22514 | v:   0.50000 | time:    123.63 s
[10:46:22] iter:  214 | beta: 16.00 | change:   0.03225 | c:    195.22518 | v:   0.50000 | time:    124.23 s
[10:46:22] iter:  215 | beta: 16.00 | change:   0.03502 | c:    195.22507 | v:   0.50000 | time:    124.82 s
[10:46:23] iter:  216 | beta: 16.00 | change:   0.03184 | c:    195.22482 | v:   0.50000 | time:    125.43 s
[10:46:24] iter:  217 | beta: 16.00 | change:   0.03267 | c:    195.22439 | v:   0.50000 | time:    126.18 s
[10:46:24] iter:  218 | beta: 16.00 | change:   0.03328 | c:    195.22376 | v:   0.50000 | time:    126.81 s
[10:46:25] iter:  219 | beta: 16.00 | change:   0.03050 | c:    195.22302 | v:   0.50000 | time:    127.40 s
[10:46:25] iter:  220 | beta: 16.00 | change:   0.03295 | c:    195.22225 | v:   0.50000 | time:    128.00 s
[10:46:26] iter:  221 | beta: 16.00 | change:   0.03429 | c:    195.22145 | v:   0.50000 | time:    128.56 s
[10:46:26] iter:  222 | beta: 16.00 | change:   0.03363 | c:    195.22064 | v:   0.50000 | time:    129.10 s
[10:46:27] iter:  223 | beta: 16.00 | change:   0.03365 | c:    195.21975 | v:   0.50000 | time:    129.65 s
[10:46:28] iter:  224 | beta: 16.00 | change:   0.03289 | c:    195.21884 | v:   0.50000 | time:    130.22 s
[10:46:28] iter:  225 | beta: 16.00 | change:   0.03212 | c:    195.21784 | v:   0.50000 | time:    130.77 s
[10:46:29] iter:  226 | beta: 16.00 | change:   0.02944 | c:    195.21707 | v:   0.50000 | time:    131.33 s
[10:46:29] iter:  227 | beta: 16.00 | change:   0.03158 | c:    195.21623 | v:   0.50000 | time:    131.91 s
[10:46:30] iter:  228 | beta: 16.00 | change:   0.04373 | c:    195.21618 | v:   0.50000 | time:    132.47 s
[10:46:30] iter:  229 | beta: 16.00 | change:   0.03743 | c:    195.21575 | v:   0.50000 | time:    133.08 s
[10:46:31] iter:  230 | beta: 16.00 | change:   0.05057 | c:    195.21524 | v:   0.50000 | time:    133.67 s
[10:46:32] iter:  231 | beta: 16.00 | change:   0.03786 | c:    195.21371 | v:   0.50000 | time:    134.29 s
[10:46:32] iter:  232 | beta: 16.00 | change:   0.03597 | c:    195.21257 | v:   0.50000 | time:    134.87 s
[10:46:33] iter:  233 | beta: 16.00 | change:   0.03024 | c:    195.21159 | v:   0.50000 | time:    135.48 s
[10:46:33] iter:  234 | beta: 16.00 | change:   0.03265 | c:    195.21056 | v:   0.50000 | time:    136.10 s
[10:46:34] iter:  235 | beta: 16.00 | change:   0.02972 | c:    195.20969 | v:   0.50000 | time:    136.72 s
[10:46:35] iter:  236 | beta: 16.00 | change:   0.02653 | c:    195.20877 | v:   0.50000 | time:    137.34 s
[10:46:35] iter:  237 | beta: 16.00 | change:   0.02635 | c:    195.20788 | v:   0.50000 | time:    137.96 s
[10:46:36] iter:  238 | beta: 16.00 | change:   0.02639 | c:    195.20707 | v:   0.50000 | time:    138.51 s
[10:46:36] iter:  239 | beta: 16.00 | change:   0.02572 | c:    195.20626 | v:   0.50000 | time:    139.11 s
[10:46:37] iter:  240 | beta: 16.00 | change:   0.02525 | c:    195.20541 | v:   0.50000 | time:    139.66 s
[10:46:38] iter:  241 | beta: 16.00 | change:   0.02457 | c:    195.20449 | v:   0.50000 | time:    140.22 s
[10:46:38] iter:  242 | beta: 16.00 | change:   0.02470 | c:    195.20361 | v:   0.50000 | time:    140.80 s
[10:46:39] iter:  243 | beta: 16.00 | change:   0.02353 | c:    195.20280 | v:   0.50000 | time:    141.39 s
[10:46:39] iter:  244 | beta: 16.00 | change:   0.02351 | c:    195.20206 | v:   0.50000 | time:    142.00 s
[10:46:40] iter:  245 | beta: 16.00 | change:   0.02388 | c:    195.20131 | v:   0.50000 | time:    142.63 s
[10:46:41] iter:  246 | beta: 16.00 | change:   0.02376 | c:    195.20048 | v:   0.50000 | time:    143.23 s
[10:46:41] iter:  247 | beta: 16.00 | change:   0.02471 | c:    195.19967 | v:   0.50000 | time:    143.84 s
[10:46:42] iter:  248 | beta: 16.00 | change:   0.02358 | c:    195.19889 | v:   0.50000 | time:    144.45 s
[10:46:42] iter:  249 | beta: 16.00 | change:   0.02399 | c:    195.19823 | v:   0.50000 | time:    145.05 s
[10:46:43] iter:  250 | beta: 16.00 | change:   0.02152 | c:    195.19752 | v:   0.50000 | time:    145.65 s
[10:46:44] iter:  251 | beta: 16.00 | change:   0.02383 | c:    195.19683 | v:   0.50000 | time:    146.26 s
[10:46:44] iter:  252 | beta: 16.00 | change:   0.02101 | c:    195.19601 | v:   0.50000 | time:    146.84 s
[10:46:45] iter:  253 | beta: 16.00 | change:   0.02457 | c:    195.19519 | v:   0.50000 | time:    147.40 s
[10:46:45] iter:  254 | beta: 16.00 | change:   0.02127 | c:    195.19444 | v:   0.50000 | time:    148.01 s
[10:46:46] iter:  255 | beta: 16.00 | change:   0.02293 | c:    195.19364 | v:   0.50000 | time:    148.58 s
[10:46:47] iter:  256 | beta: 16.00 | change:   0.02283 | c:    195.19282 | v:   0.50000 | time:    149.15 s
[10:46:47] iter:  257 | beta: 16.00 | change:   0.02347 | c:    195.19192 | v:   0.50000 | time:    149.71 s
[10:46:48] iter:  258 | beta: 16.00 | change:   0.02184 | c:    195.19100 | v:   0.50000 | time:    150.26 s
[10:46:48] iter:  259 | beta: 16.00 | change:   0.02249 | c:    195.19005 | v:   0.50000 | time:    150.83 s
[10:46:49] iter:  260 | beta: 16.00 | change:   0.02368 | c:    195.18909 | v:   0.50000 | time:    151.44 s
[10:46:49] iter:  261 | beta: 16.00 | change:   0.02486 | c:    195.18812 | v:   0.50000 | time:    152.02 s
[10:46:50] iter:  262 | beta: 16.00 | change:   0.02546 | c:    195.18712 | v:   0.50000 | time:    152.56 s
[10:46:51] iter:  263 | beta: 16.00 | change:   0.02702 | c:    195.18607 | v:   0.50000 | time:    153.14 s
[10:46:51] iter:  264 | beta: 16.00 | change:   0.02895 | c:    195.18501 | v:   0.50000 | time:    153.73 s
[10:46:52] iter:  265 | beta: 16.00 | change:   0.03092 | c:    195.18393 | v:   0.50000 | time:    154.32 s
[10:46:52] iter:  266 | beta: 16.00 | change:   0.03315 | c:    195.18286 | v:   0.50000 | time:    154.90 s
[10:46:53] iter:  267 | beta: 16.00 | change:   0.03543 | c:    195.18173 | v:   0.50000 | time:    155.49 s
[10:46:53] iter:  268 | beta: 16.00 | change:   0.03794 | c:    195.18055 | v:   0.50000 | time:    156.08 s
[10:46:54] iter:  269 | beta: 16.00 | change:   0.03996 | c:    195.17930 | v:   0.50000 | time:    156.67 s
[10:46:55] iter:  270 | beta: 16.00 | change:   0.04244 | c:    195.17803 | v:   0.50000 | time:    157.26 s
[10:46:55] iter:  271 | beta: 16.00 | change:   0.04365 | c:    195.17672 | v:   0.50000 | time:    157.86 s
[10:46:56] iter:  272 | beta: 16.00 | change:   0.04405 | c:    195.17542 | v:   0.50000 | time:    158.46 s
[10:46:56] iter:  273 | beta: 16.00 | change:   0.04426 | c:    195.17406 | v:   0.50000 | time:    159.08 s
[10:46:57] iter:  274 | beta: 16.00 | change:   0.04260 | c:    195.17271 | v:   0.50000 | time:    159.70 s
[10:46:58] iter:  275 | beta: 16.00 | change:   0.04182 | c:    195.17147 | v:   0.50000 | time:    160.33 s
[10:46:58] iter:  276 | beta: 16.00 | change:   0.04591 | c:    195.17009 | v:   0.50000 | time:    160.91 s
[10:46:59] iter:  277 | beta: 16.00 | change:   0.04289 | c:    195.16879 | v:   0.50000 | time:    161.46 s
[10:46:59] iter:  278 | beta: 16.00 | change:   0.04447 | c:    195.16711 | v:   0.50000 | time:    162.07 s
[10:47:00] iter:  279 | beta: 16.00 | change:   0.03777 | c:    195.16552 | v:   0.50000 | time:    162.65 s
[10:47:01] iter:  280 | beta: 16.00 | change:   0.03827 | c:    195.16410 | v:   0.50000 | time:    163.31 s
[10:47:01] iter:  281 | beta: 16.00 | change:   0.03567 | c:    195.16271 | v:   0.50000 | time:    163.87 s
[10:47:02] iter:  282 | beta: 16.00 | change:   0.03469 | c:    195.16131 | v:   0.50000 | time:    164.51 s
[10:47:03] iter:  283 | beta: 16.00 | change:   0.03472 | c:    195.15992 | v:   0.50000 | time:    165.16 s
[10:47:03] iter:  284 | beta: 16.00 | change:   0.03393 | c:    195.15851 | v:   0.50000 | time:    165.75 s
[10:47:04] iter:  285 | beta: 16.00 | change:   0.03387 | c:    195.15712 | v:   0.50000 | time:    166.32 s
[10:47:04] iter:  286 | beta: 16.00 | change:   0.03035 | c:    195.15576 | v:   0.50000 | time:    166.90 s
[10:47:05] iter:  287 | beta: 16.00 | change:   0.03041 | c:    195.15441 | v:   0.50000 | time:    167.47 s
[10:47:05] iter:  288 | beta: 16.00 | change:   0.02990 | c:    195.15309 | v:   0.50000 | time:    168.06 s
[10:47:06] iter:  289 | beta: 16.00 | change:   0.03090 | c:    195.15176 | v:   0.50000 | time:    168.65 s
[10:47:07] iter:  290 | beta: 16.00 | change:   0.03108 | c:    195.15046 | v:   0.50000 | time:    169.25 s
[10:47:07] iter:  291 | beta: 16.00 | change:   0.02824 | c:    195.14920 | v:   0.50000 | time:    169.87 s
[10:47:08] iter:  292 | beta: 16.00 | change:   0.02767 | c:    195.14797 | v:   0.50000 | time:    170.49 s
[10:47:08] iter:  293 | beta: 16.00 | change:   0.02954 | c:    195.14674 | v:   0.50000 | time:    171.08 s
[10:47:09] iter:  294 | beta: 16.00 | change:   0.02876 | c:    195.14551 | v:   0.50000 | time:    171.74 s
[10:47:10] iter:  295 | beta: 16.00 | change:   0.03006 | c:    195.14427 | v:   0.50000 | time:    172.35 s
[10:47:10] iter:  296 | beta: 16.00 | change:   0.03017 | c:    195.14309 | v:   0.50000 | time:    172.95 s
[10:47:11] iter:  297 | beta: 16.00 | change:   0.03062 | c:    195.14190 | v:   0.50000 | time:    173.54 s
[10:47:11] iter:  298 | beta: 16.00 | change:   0.02679 | c:    195.14076 | v:   0.50000 | time:    174.12 s
[10:47:12] iter:  299 | beta: 16.00 | change:   0.02925 | c:    195.13958 | v:   0.50000 | time:    174.69 s
[10:47:13] iter:  300 | beta: 16.00 | change:   0.02754 | c:    195.13840 | v:   0.50000 | time:    175.25 s
[10:47:13] iter:  301 | beta: 16.00 | change:   0.02875 | c:    195.13723 | v:   0.50000 | time:    175.84 s
[10:47:14] iter:  302 | beta: 16.00 | change:   0.02810 | c:    195.13608 | v:   0.50000 | time:    176.42 s
[10:47:14] iter:  303 | beta: 16.00 | change:   0.02814 | c:    195.13495 | v:   0.50000 | time:    176.99 s
[10:47:15] iter:  304 | beta: 16.00 | change:   0.02804 | c:    195.13379 | v:   0.50000 | time:    177.56 s
[10:47:16] iter:  305 | beta: 16.00 | change:   0.02724 | c:    195.13265 | v:   0.50000 | time:    178.14 s
[10:47:16] iter:  306 | beta: 16.00 | change:   0.02682 | c:    195.13150 | v:   0.50000 | time:    178.78 s
[10:47:17] iter:  307 | beta: 16.00 | change:   0.02351 | c:    195.13037 | v:   0.50000 | time:    179.40 s
[10:47:17] iter:  308 | beta: 16.00 | change:   0.02382 | c:    195.12927 | v:   0.50000 | time:    180.00 s
[10:47:18] iter:  309 | beta: 16.00 | change:   0.02408 | c:    195.12815 | v:   0.50000 | time:    180.60 s
[10:47:19] iter:  310 | beta: 16.00 | change:   0.02441 | c:    195.12703 | v:   0.50000 | time:    181.18 s
[10:47:19] iter:  311 | beta: 16.00 | change:   0.02461 | c:    195.12592 | v:   0.50000 | time:    181.75 s
[10:47:20] iter:  312 | beta: 16.00 | change:   0.02314 | c:    195.12482 | v:   0.50000 | time:    182.30 s
[10:47:20] iter:  313 | beta: 16.00 | change:   0.02318 | c:    195.12377 | v:   0.50000 | time:    182.86 s
[10:47:21] iter:  314 | beta: 16.00 | change:   0.02332 | c:    195.12270 | v:   0.50000 | time:    183.44 s
[10:47:21] iter:  315 | beta: 16.00 | change:   0.02328 | c:    195.12162 | v:   0.50000 | time:    183.99 s
[10:47:22] iter:  316 | beta: 16.00 | change:   0.02340 | c:    195.12054 | v:   0.50000 | time:    184.55 s
[10:47:22] iter:  317 | beta: 16.00 | change:   0.02271 | c:    195.11951 | v:   0.50000 | time:    185.11 s
[10:47:23] iter:  318 | beta: 16.00 | change:   0.02105 | c:    195.11845 | v:   0.50000 | time:    185.67 s
[10:47:24] iter:  319 | beta: 16.00 | change:   0.01997 | c:    195.11743 | v:   0.50000 | time:    186.23 s
[10:47:24] iter:  320 | beta: 16.00 | change:   0.02037 | c:    195.11638 | v:   0.50000 | time:    186.79 s
[10:47:25] iter:  321 | beta: 16.00 | change:   0.01995 | c:    195.11534 | v:   0.50000 | time:    187.36 s
[10:47:25] iter:  322 | beta: 16.00 | change:   0.01970 | c:    195.11429 | v:   0.50000 | time:    187.93 s
[10:47:26] iter:  323 | beta: 16.00 | change:   0.01995 | c:    195.11327 | v:   0.50000 | time:    188.49 s
[10:47:26] iter:  324 | beta: 16.00 | change:   0.01897 | c:    195.11225 | v:   0.50000 | time:    189.05 s
[10:47:27] iter:  325 | beta: 16.00 | change:   0.01916 | c:    195.11124 | v:   0.50000 | time:    189.60 s
[10:47:28] iter:  326 | beta: 16.00 | change:   0.01673 | c:    195.11020 | v:   0.50000 | time:    190.15 s
[10:47:28] iter:  327 | beta: 16.00 | change:   0.01679 | c:    195.10915 | v:   0.50000 | time:    190.71 s
[10:47:29] iter:  328 | beta: 16.00 | change:   0.01737 | c:    195.10811 | v:   0.50000 | time:    191.26 s
[10:47:29] iter:  329 | beta: 16.00 | change:   0.01961 | c:    195.10708 | v:   0.50000 | time:    191.82 s
[10:47:30] iter:  330 | beta: 16.00 | change:   0.02212 | c:    195.10606 | v:   0.50000 | time:    192.39 s
[10:47:30] iter:  331 | beta: 16.00 | change:   0.02549 | c:    195.10503 | v:   0.50000 | time:    192.96 s
[10:47:31] iter:  332 | beta: 16.00 | change:   0.02972 | c:    195.10400 | v:   0.50000 | time:    193.52 s
[10:47:31] iter:  333 | beta: 16.00 | change:   0.03431 | c:    195.10301 | v:   0.50000 | time:    194.05 s
[10:47:32] iter:  334 | beta: 16.00 | change:   0.03735 | c:    195.10189 | v:   0.49999 | time:    194.60 s
[10:47:33] iter:  335 | beta: 16.00 | change:   0.03660 | c:    195.10015 | v:   0.50000 | time:    195.14 s
[10:47:33] iter:  336 | beta: 16.00 | change:   0.03203 | c:    195.09820 | v:   0.50000 | time:    195.68 s
[10:47:34] iter:  337 | beta: 16.00 | change:   0.02923 | c:    195.09679 | v:   0.50000 | time:    196.22 s
[10:47:34] iter:  338 | beta: 16.00 | change:   0.02674 | c:    195.09549 | v:   0.50000 | time:    196.78 s
[10:47:35] iter:  339 | beta: 16.00 | change:   0.02591 | c:    195.09434 | v:   0.50000 | time:    197.31 s
[10:47:35] iter:  340 | beta: 16.00 | change:   0.02346 | c:    195.09317 | v:   0.50000 | time:    197.87 s
[10:47:36] iter:  341 | beta: 16.00 | change:   0.02372 | c:    195.09216 | v:   0.50000 | time:    198.43 s
[10:47:36] iter:  342 | beta: 16.00 | change:   0.01965 | c:    195.09103 | v:   0.50000 | time:    198.95 s
[10:47:37] iter:  343 | beta: 16.00 | change:   0.02358 | c:    195.09015 | v:   0.50000 | time:    199.52 s
[10:47:37] iter:  344 | beta: 16.00 | change:   0.01652 | c:    195.08906 | v:   0.50000 | time:    200.08 s
[10:47:38] iter:  345 | beta: 16.00 | change:   0.02388 | c:    195.08823 | v:   0.50000 | time:    200.63 s
[10:47:39] iter:  346 | beta: 16.00 | change:   0.01526 | c:    195.08698 | v:   0.50000 | time:    201.22 s
[10:47:39] iter:  347 | beta: 16.00 | change:   0.02051 | c:    195.08592 | v:   0.50000 | time:    201.78 s
[10:47:40] iter:  348 | beta: 16.00 | change:   0.01457 | c:    195.08474 | v:   0.50000 | time:    202.33 s
[10:47:40] iter:  349 | beta: 16.00 | change:   0.01493 | c:    195.08365 | v:   0.50000 | time:    202.88 s
[10:47:41] iter:  350 | beta: 16.00 | change:   0.01418 | c:    195.08254 | v:   0.50000 | time:    203.48 s
[10:47:41] iter:  351 | beta: 16.00 | change:   0.01425 | c:    195.08146 | v:   0.50000 | time:    204.10 s
[10:47:42] iter:  352 | beta: 16.00 | change:   0.01429 | c:    195.08041 | v:   0.50000 | time:    204.68 s
[10:47:43] iter:  353 | beta: 16.00 | change:   0.01435 | c:    195.07936 | v:   0.50000 | time:    205.24 s
[10:47:43] iter:  354 | beta: 16.00 | change:   0.01405 | c:    195.07828 | v:   0.50000 | time:    205.77 s
[10:47:44] iter:  355 | beta: 16.00 | change:   0.01407 | c:    195.07720 | v:   0.50000 | time:    206.33 s
[10:47:44] iter:  356 | beta: 16.00 | change:   0.01414 | c:    195.07615 | v:   0.50000 | time:    206.88 s
[10:47:45] iter:  357 | beta: 16.00 | change:   0.01422 | c:    195.07513 | v:   0.50000 | time:    207.44 s
[10:47:45] iter:  358 | beta: 16.00 | change:   0.01428 | c:    195.07412 | v:   0.50000 | time:    208.00 s
[10:47:46] iter:  359 | beta: 16.00 | change:   0.01425 | c:    195.07310 | v:   0.50000 | time:    208.55 s
[10:47:46] iter:  360 | beta: 16.00 | change:   0.01423 | c:    195.07207 | v:   0.50000 | time:    209.11 s
[10:47:47] iter:  361 | beta: 16.00 | change:   0.01425 | c:    195.07103 | v:   0.50000 | time:    209.67 s
[10:47:48] iter:  362 | beta: 16.00 | change:   0.01434 | c:    195.07002 | v:   0.50000 | time:    210.22 s
[10:47:48] iter:  363 | beta: 16.00 | change:   0.01431 | c:    195.06902 | v:   0.50000 | time:    210.76 s
[10:47:49] iter:  364 | beta: 16.00 | change:   0.01446 | c:    195.06803 | v:   0.50000 | time:    211.31 s
[10:47:49] iter:  365 | beta: 16.00 | change:   0.01422 | c:    195.06703 | v:   0.50000 | time:    211.85 s
[10:47:50] iter:  366 | beta: 16.00 | change:   0.01464 | c:    195.06605 | v:   0.50000 | time:    212.41 s
[10:47:50] iter:  367 | beta: 16.00 | change:   0.01396 | c:    195.06506 | v:   0.50000 | time:    212.97 s
[10:47:51] iter:  368 | beta: 16.00 | change:   0.01505 | c:    195.06411 | v:   0.50000 | time:    213.52 s
[10:47:51] iter:  369 | beta: 16.00 | change:   0.01401 | c:    195.06304 | v:   0.50000 | time:    214.07 s
[10:47:52] iter:  370 | beta: 16.00 | change:   0.01402 | c:    195.06201 | v:   0.50000 | time:    214.65 s
[10:47:53] iter:  371 | beta: 16.00 | change:   0.01328 | c:    195.06097 | v:   0.50000 | time:    215.26 s
[10:47:53] iter:  372 | beta: 16.00 | change:   0.01334 | c:    195.05993 | v:   0.50000 | time:    215.82 s
[10:47:54] iter:  373 | beta: 16.00 | change:   0.01336 | c:    195.05892 | v:   0.50000 | time:    216.37 s
[10:47:54] iter:  374 | beta: 16.00 | change:   0.01344 | c:    195.05794 | v:   0.50000 | time:    216.92 s
[10:47:55] iter:  375 | beta: 16.00 | change:   0.01301 | c:    195.05696 | v:   0.50000 | time:    217.48 s
[10:47:55] iter:  376 | beta: 16.00 | change:   0.01267 | c:    195.05597 | v:   0.50000 | time:    218.04 s
[10:47:56] iter:  377 | beta: 16.00 | change:   0.01263 | c:    195.05496 | v:   0.50000 | time:    218.60 s
[10:47:57] iter:  378 | beta: 16.00 | change:   0.01262 | c:    195.05396 | v:   0.50000 | time:    219.15 s
[10:47:57] iter:  379 | beta: 16.00 | change:   0.01269 | c:    195.05299 | v:   0.50000 | time:    219.69 s
[10:47:58] iter:  380 | beta: 16.00 | change:   0.01233 | c:    195.05203 | v:   0.50000 | time:    220.26 s
[10:47:58] iter:  381 | beta: 16.00 | change:   0.01187 | c:    195.05107 | v:   0.50000 | time:    220.81 s
[10:47:59] iter:  382 | beta: 16.00 | change:   0.01132 | c:    195.05010 | v:   0.50000 | time:    221.36 s
[10:47:59] iter:  383 | beta: 16.00 | change:   0.01126 | c:    195.04913 | v:   0.50000 | time:    221.90 s
[10:48:00] iter:  384 | beta: 16.00 | change:   0.01134 | c:    195.04817 | v:   0.50000 | time:    222.45 s
[10:48:00] iter:  385 | beta: 16.00 | change:   0.01142 | c:    195.04723 | v:   0.50000 | time:    222.99 s
[10:48:01] iter:  386 | beta: 16.00 | change:   0.01149 | c:    195.04630 | v:   0.50000 | time:    223.53 s
[10:48:01] iter:  387 | beta: 16.00 | change:   0.01159 | c:    195.04535 | v:   0.50000 | time:    224.08 s
[10:48:02] iter:  388 | beta: 16.00 | change:   0.01163 | c:    195.04439 | v:   0.50000 | time:    224.63 s
[10:48:03] iter:  389 | beta: 16.00 | change:   0.01170 | c:    195.04344 | v:   0.50000 | time:    225.18 s
[10:48:03] iter:  390 | beta: 16.00 | change:   0.01178 | c:    195.04250 | v:   0.50000 | time:    225.76 s
[10:48:04] iter:  391 | beta: 16.00 | change:   0.01182 | c:    195.04157 | v:   0.50000 | time:    226.33 s
[10:48:04] iter:  392 | beta: 16.00 | change:   0.01193 | c:    195.04064 | v:   0.50000 | time:    226.91 s
[10:48:05] iter:  393 | beta: 16.00 | change:   0.01200 | c:    195.03970 | v:   0.50000 | time:    227.50 s
[10:48:05] iter:  394 | beta: 16.00 | change:   0.01128 | c:    195.03875 | v:   0.50000 | time:    228.06 s
[10:48:06] iter:  395 | beta: 16.00 | change:   0.01121 | c:    195.03783 | v:   0.50000 | time:    228.63 s
[10:48:07] iter:  396 | beta: 16.00 | change:   0.01125 | c:    195.03693 | v:   0.50000 | time:    229.19 s
[10:48:07] iter:  397 | beta: 16.00 | change:   0.01130 | c:    195.03603 | v:   0.50000 | time:    229.73 s
[10:48:08] iter:  398 | beta: 16.00 | change:   0.01139 | c:    195.03511 | v:   0.50000 | time:    230.27 s
[10:48:08] iter:  399 | beta: 16.00 | change:   0.01143 | c:    195.03419 | v:   0.50000 | time:    230.87 s
[10:48:09] iter:  400 | beta: 16.00 | change:   0.01096 | c:    195.03328 | v:   0.50000 | time:    231.43 s
[10:48:09] iter:  401 | beta: 16.00 | change:   0.01102 | c:    195.03238 | v:   0.50000 | time:    232.00 s
[10:48:10] iter:  402 | beta: 16.00 | change:   0.01110 | c:    195.03149 | v:   0.50000 | time:    232.55 s
[10:48:10] iter:  403 | beta: 16.00 | change:   0.01116 | c:    195.03061 | v:   0.50000 | time:    233.08 s
[10:48:11] iter:  404 | beta: 16.00 | change:   0.01125 | c:    195.02972 | v:   0.50000 | time:    233.66 s
[10:48:12] iter:  405 | beta: 16.00 | change:   0.01104 | c:    195.02882 | v:   0.50000 | time:    234.19 s
[10:48:12] iter:  406 | beta: 16.00 | change:   0.00988 | c:    195.02794 | v:   0.50000 | time:    234.77 s

Saved step 4 (MTOP MMA Heaviside, eta = 0.50) result data:
  C:\Users\campa\Desktop\Structural-Optimization-LUKASTIEBERT\matlab\results\mtop_mma_heaviside_eta_050.mat
  C:\Users\campa\Desktop\Structural-Optimization-LUKASTIEBERT\matlab\results\mtop_mma_heaviside_eta_050_history.csv
  C:\Users\campa\Desktop\Structural-Optimization-LUKASTIEBERT\matlab\results\mtop_mma_heaviside_eta_050_summary.txt
Saved step 4 (MTOP MMA Heaviside, eta = 0.50) figures in:
  C:\Users\campa\Desktop\Structural-Optimization-LUKASTIEBERT\matlab\figures

Step 4 (MTOP MMA Heaviside, eta = 0.50) completed.
  Iterations:           406
  Elapsed time [s]:     234.77
  Final beta:           16.0000
  MTOP compliance:      195.027940
  Fine-mesh compliance: 199.472187
  Volume fraction:      0.499999

Running assignment step 4: MTOP MMA Heaviside (eta = 0.70)
  FE mesh:       120 x 40 elements
  Density mesh:  600 x 200 cells
  Cells per FE:  5 x 5
  Volume target: 0.5000
  Penalization:  3.0000
  Filter radius: 24.0000 density cells
  Heaviside eta: 0.70
  Beta range:    1.00 -> 16.00 (doubled every 50 iters)

[10:48:21] iter:    1 | beta:  1.00 | change:   1.00000 | c:   1368.87363 | v:   0.45439 | time:      0.56 s
[10:48:21] iter:    2 | beta:  1.00 | change:   0.19998 | c:    753.31710 | v:   0.46004 | time:      1.04 s
[10:48:22] iter:    3 | beta:  1.00 | change:   0.17990 | c:    546.68425 | v:   0.48028 | time:      1.55 s
[10:48:22] iter:    4 | beta:  1.00 | change:   0.14727 | c:    452.53052 | v:   0.48883 | time:      2.08 s
[10:48:23] iter:    5 | beta:  1.00 | change:   0.12627 | c:    402.46271 | v:   0.49329 | time:      2.61 s
[10:48:23] iter:    6 | beta:  1.00 | change:   0.11767 | c:    375.23229 | v:   0.49607 | time:      3.14 s
[10:48:24] iter:    7 | beta:  1.00 | change:   0.12907 | c:    359.50379 | v:   0.49745 | time:      3.68 s
[10:48:24] iter:    8 | beta:  1.00 | change:   0.14692 | c:    349.18209 | v:   0.49814 | time:      4.20 s
[10:48:25] iter:    9 | beta:  1.00 | change:   0.16572 | c:    341.80751 | v:   0.49861 | time:      4.70 s
[10:48:25] iter:   10 | beta:  1.00 | change:   0.17873 | c:    336.19986 | v:   0.49888 | time:      5.24 s
[10:48:26] iter:   11 | beta:  1.00 | change:   0.15211 | c:    330.96169 | v:   0.49884 | time:      5.75 s
[10:48:26] iter:   12 | beta:  1.00 | change:   0.15080 | c:    324.94013 | v:   0.49859 | time:      6.27 s
[10:48:27] iter:   13 | beta:  1.00 | change:   0.16987 | c:    318.18190 | v:   0.49843 | time:      6.80 s
[10:48:27] iter:   14 | beta:  1.00 | change:   0.18838 | c:    311.40838 | v:   0.49849 | time:      7.33 s
[10:48:28] iter:   15 | beta:  1.00 | change:   0.17868 | c:    305.26447 | v:   0.49862 | time:      7.89 s
[10:48:29] iter:   16 | beta:  1.00 | change:   0.18737 | c:    299.19636 | v:   0.49861 | time:      8.44 s
[10:48:29] iter:   17 | beta:  1.00 | change:   0.19017 | c:    292.33650 | v:   0.49845 | time:      8.96 s
[10:48:30] iter:   18 | beta:  1.00 | change:   0.19408 | c:    284.18538 | v:   0.49807 | time:      9.48 s
[10:48:30] iter:   19 | beta:  1.00 | change:   0.19542 | c:    274.42506 | v:   0.49763 | time:     10.02 s
[10:48:31] iter:   20 | beta:  1.00 | change:   0.19604 | c:    265.05047 | v:   0.49745 | time:     10.63 s
[10:48:31] iter:   21 | beta:  1.00 | change:   0.19662 | c:    257.10089 | v:   0.49783 | time:     11.20 s
[10:48:32] iter:   22 | beta:  1.00 | change:   0.19742 | c:    251.53743 | v:   0.49802 | time:     11.71 s
[10:48:32] iter:   23 | beta:  1.00 | change:   0.19692 | c:    246.63823 | v:   0.49846 | time:     12.27 s
[10:48:33] iter:   24 | beta:  1.00 | change:   0.19673 | c:    242.74061 | v:   0.49887 | time:     12.78 s
[10:48:33] iter:   25 | beta:  1.00 | change:   0.19593 | c:    240.07292 | v:   0.49917 | time:     13.30 s
[10:48:34] iter:   26 | beta:  1.00 | change:   0.19368 | c:    238.59228 | v:   0.49953 | time:     13.85 s
[10:48:34] iter:   27 | beta:  1.00 | change:   0.19045 | c:    237.68404 | v:   0.49967 | time:     14.38 s
[10:48:35] iter:   28 | beta:  1.00 | change:   0.18626 | c:    236.99871 | v:   0.49974 | time:     14.90 s
[10:48:35] iter:   29 | beta:  1.00 | change:   0.18073 | c:    236.47853 | v:   0.49982 | time:     15.40 s
[10:48:36] iter:   30 | beta:  1.00 | change:   0.17549 | c:    236.11164 | v:   0.49986 | time:     15.95 s
[10:48:37] iter:   31 | beta:  1.00 | change:   0.16799 | c:    235.81437 | v:   0.49988 | time:     16.50 s
[10:48:37] iter:   32 | beta:  1.00 | change:   0.16874 | c:    235.55027 | v:   0.49990 | time:     17.06 s
[10:48:38] iter:   33 | beta:  1.00 | change:   0.16174 | c:    235.32251 | v:   0.49991 | time:     17.57 s
[10:48:38] iter:   34 | beta:  1.00 | change:   0.17127 | c:    235.13200 | v:   0.49993 | time:     18.13 s
[10:48:39] iter:   35 | beta:  1.00 | change:   0.17091 | c:    234.97384 | v:   0.49994 | time:     18.78 s
[10:48:39] iter:   36 | beta:  1.00 | change:   0.16500 | c:    234.84253 | v:   0.49995 | time:     19.34 s
[10:48:40] iter:   37 | beta:  1.00 | change:   0.16176 | c:    234.73128 | v:   0.49996 | time:     19.82 s
[10:48:40] iter:   38 | beta:  1.00 | change:   0.15854 | c:    234.63710 | v:   0.49997 | time:     20.30 s
[10:48:41] iter:   39 | beta:  1.00 | change:   0.15674 | c:    234.55637 | v:   0.49997 | time:     20.79 s
[10:48:41] iter:   40 | beta:  1.00 | change:   0.14991 | c:    234.48457 | v:   0.49997 | time:     21.28 s
[10:48:42] iter:   41 | beta:  1.00 | change:   0.15914 | c:    234.42079 | v:   0.49998 | time:     21.78 s
[10:48:42] iter:   42 | beta:  1.00 | change:   0.15175 | c:    234.36477 | v:   0.49998 | time:     22.31 s
[10:48:43] iter:   43 | beta:  1.00 | change:   0.14685 | c:    234.31422 | v:   0.49998 | time:     22.80 s
[10:48:43] iter:   44 | beta:  1.00 | change:   0.14896 | c:    234.26854 | v:   0.49998 | time:     23.28 s
[10:48:44] iter:   45 | beta:  1.00 | change:   0.14991 | c:    234.22662 | v:   0.49998 | time:     23.77 s
[10:48:44] iter:   46 | beta:  1.00 | change:   0.14821 | c:    234.18647 | v:   0.49998 | time:     24.25 s
[10:48:45] iter:   47 | beta:  1.00 | change:   0.14526 | c:    234.14858 | v:   0.49999 | time:     24.75 s
[10:48:45] iter:   48 | beta:  1.00 | change:   0.14874 | c:    234.11293 | v:   0.49999 | time:     25.26 s
[10:48:46] iter:   49 | beta:  1.00 | change:   0.14752 | c:    234.08009 | v:   0.49999 | time:     25.75 s
[10:48:46] iter:   50 | beta:  1.00 | change:   0.14107 | c:    234.04824 | v:   0.49999 | time:     26.24 s
[10:48:47] iter:   51 | beta:  1.00 | change:   0.14229 | c:    234.01608 | v:   0.49999 | time:     26.72 s
  Heaviside beta increased to 2.00
[10:48:47] iter:   52 | beta:  2.00 | change:   0.14541 | c:    242.24428 | v:   0.47374 | time:     27.26 s
[10:48:48] iter:   53 | beta:  2.00 | change:   0.19709 | c:    229.59354 | v:   0.49974 | time:     27.84 s
[10:48:48] iter:   54 | beta:  2.00 | change:   0.19088 | c:    228.55319 | v:   0.49966 | time:     28.37 s
[10:48:49] iter:   55 | beta:  2.00 | change:   0.18691 | c:    228.00415 | v:   0.49983 | time:     28.89 s
[10:48:50] iter:   56 | beta:  2.00 | change:   0.18252 | c:    227.70019 | v:   0.49990 | time:     29.45 s
[10:48:50] iter:   57 | beta:  2.00 | change:   0.15960 | c:    227.51265 | v:   0.49994 | time:     29.99 s
[10:48:51] iter:   58 | beta:  2.00 | change:   0.14732 | c:    227.39534 | v:   0.49996 | time:     30.51 s
[10:48:51] iter:   59 | beta:  2.00 | change:   0.15069 | c:    227.32109 | v:   0.49998 | time:     31.02 s
[10:48:52] iter:   60 | beta:  2.00 | change:   0.15219 | c:    227.27194 | v:   0.49998 | time:     31.55 s
[10:48:52] iter:   61 | beta:  2.00 | change:   0.15290 | c:    227.23496 | v:   0.49999 | time:     32.09 s
[10:48:53] iter:   62 | beta:  2.00 | change:   0.14937 | c:    227.20405 | v:   0.49999 | time:     32.60 s
[10:48:53] iter:   63 | beta:  2.00 | change:   0.14547 | c:    227.17644 | v:   0.49999 | time:     33.16 s
[10:48:54] iter:   64 | beta:  2.00 | change:   0.13697 | c:    227.15118 | v:   0.49999 | time:     33.70 s
[10:48:54] iter:   65 | beta:  2.00 | change:   0.12785 | c:    227.12861 | v:   0.49999 | time:     34.22 s
[10:48:55] iter:   66 | beta:  2.00 | change:   0.12410 | c:    227.10808 | v:   0.49999 | time:     34.74 s
[10:48:55] iter:   67 | beta:  2.00 | change:   0.13778 | c:    227.08845 | v:   0.49999 | time:     35.25 s
[10:48:56] iter:   68 | beta:  2.00 | change:   0.14003 | c:    227.06944 | v:   0.49999 | time:     35.75 s
[10:48:56] iter:   69 | beta:  2.00 | change:   0.12519 | c:    227.05123 | v:   0.49999 | time:     36.27 s
[10:48:57] iter:   70 | beta:  2.00 | change:   0.12229 | c:    227.03424 | v:   0.49999 | time:     36.78 s
[10:48:57] iter:   71 | beta:  2.00 | change:   0.12170 | c:    227.01814 | v:   0.49999 | time:     37.30 s
[10:48:58] iter:   72 | beta:  2.00 | change:   0.11750 | c:    227.00253 | v:   0.49999 | time:     37.81 s
[10:48:58] iter:   73 | beta:  2.00 | change:   0.11621 | c:    226.98736 | v:   0.49999 | time:     38.35 s
[10:48:59] iter:   74 | beta:  2.00 | change:   0.11815 | c:    226.97266 | v:   0.49999 | time:     38.90 s
[10:49:00] iter:   75 | beta:  2.00 | change:   0.11817 | c:    226.95854 | v:   0.49999 | time:     39.43 s
[10:49:00] iter:   76 | beta:  2.00 | change:   0.11436 | c:    226.94489 | v:   0.49999 | time:     39.93 s
[10:49:01] iter:   77 | beta:  2.00 | change:   0.11239 | c:    226.93151 | v:   0.49999 | time:     40.43 s
[10:49:01] iter:   78 | beta:  2.00 | change:   0.10843 | c:    226.91842 | v:   0.49999 | time:     40.94 s
[10:49:02] iter:   79 | beta:  2.00 | change:   0.11380 | c:    226.90545 | v:   0.49999 | time:     41.44 s
[10:49:02] iter:   80 | beta:  2.00 | change:   0.11168 | c:    226.89256 | v:   0.49999 | time:     41.94 s
[10:49:03] iter:   81 | beta:  2.00 | change:   0.11107 | c:    226.88003 | v:   0.49999 | time:     42.44 s
[10:49:03] iter:   82 | beta:  2.00 | change:   0.10958 | c:    226.86774 | v:   0.49999 | time:     42.94 s
[10:49:04] iter:   83 | beta:  2.00 | change:   0.10587 | c:    226.85582 | v:   0.50000 | time:     43.44 s
[10:49:04] iter:   84 | beta:  2.00 | change:   0.10458 | c:    226.84415 | v:   0.50000 | time:     43.97 s
[10:49:05] iter:   85 | beta:  2.00 | change:   0.11066 | c:    226.83249 | v:   0.50000 | time:     44.50 s
[10:49:05] iter:   86 | beta:  2.00 | change:   0.10945 | c:    226.82078 | v:   0.50000 | time:     45.01 s
[10:49:06] iter:   87 | beta:  2.00 | change:   0.10614 | c:    226.80937 | v:   0.50000 | time:     45.53 s
[10:49:06] iter:   88 | beta:  2.00 | change:   0.10385 | c:    226.79835 | v:   0.50000 | time:     46.05 s
[10:49:07] iter:   89 | beta:  2.00 | change:   0.10103 | c:    226.78781 | v:   0.50000 | time:     46.57 s
[10:49:07] iter:   90 | beta:  2.00 | change:   0.10173 | c:    226.77755 | v:   0.50000 | time:     47.09 s
[10:49:08] iter:   91 | beta:  2.00 | change:   0.10488 | c:    226.76739 | v:   0.50000 | time:     47.61 s
[10:49:08] iter:   92 | beta:  2.00 | change:   0.10430 | c:    226.75712 | v:   0.50000 | time:     48.14 s
[10:49:09] iter:   93 | beta:  2.00 | change:   0.10254 | c:    226.74692 | v:   0.50000 | time:     48.68 s
[10:49:09] iter:   94 | beta:  2.00 | change:   0.09873 | c:    226.73691 | v:   0.50000 | time:     49.19 s
[10:49:10] iter:   95 | beta:  2.00 | change:   0.09944 | c:    226.72731 | v:   0.50000 | time:     49.71 s
[10:49:10] iter:   96 | beta:  2.00 | change:   0.09534 | c:    226.71795 | v:   0.50000 | time:     50.26 s
[10:49:11] iter:   97 | beta:  2.00 | change:   0.09510 | c:    226.70872 | v:   0.50000 | time:     50.77 s
[10:49:11] iter:   98 | beta:  2.00 | change:   0.10088 | c:    226.69950 | v:   0.50000 | time:     51.27 s
[10:49:12] iter:   99 | beta:  2.00 | change:   0.10089 | c:    226.69028 | v:   0.50000 | time:     51.77 s
[10:49:12] iter:  100 | beta:  2.00 | change:   0.09695 | c:    226.68104 | v:   0.50000 | time:     52.29 s
[10:49:13] iter:  101 | beta:  2.00 | change:   0.09634 | c:    226.67204 | v:   0.50000 | time:     52.82 s
  Heaviside beta increased to 4.00
[10:49:13] iter:  102 | beta:  4.00 | change:   0.09459 | c:    229.44128 | v:   0.46955 | time:     53.34 s
[10:49:14] iter:  103 | beta:  4.00 | change:   0.19775 | c:    217.01811 | v:   0.50121 | time:     53.87 s
[10:49:14] iter:  104 | beta:  4.00 | change:   0.19041 | c:    216.38519 | v:   0.49965 | time:     54.40 s
[10:49:15] iter:  105 | beta:  4.00 | change:   0.18642 | c:    215.88986 | v:   0.49982 | time:     54.93 s
[10:49:16] iter:  106 | beta:  4.00 | change:   0.18206 | c:    215.61617 | v:   0.49989 | time:     55.46 s
[10:49:16] iter:  107 | beta:  4.00 | change:   0.16534 | c:    215.43944 | v:   0.49993 | time:     56.03 s
[10:49:17] iter:  108 | beta:  4.00 | change:   0.14107 | c:    215.33310 | v:   0.49996 | time:     56.60 s
[10:49:17] iter:  109 | beta:  4.00 | change:   0.13814 | c:    215.26732 | v:   0.49997 | time:     57.18 s
[10:49:18] iter:  110 | beta:  4.00 | change:   0.13761 | c:    215.22662 | v:   0.49998 | time:     57.75 s
[10:49:18] iter:  111 | beta:  4.00 | change:   0.13784 | c:    215.19874 | v:   0.49999 | time:     58.30 s
[10:49:19] iter:  112 | beta:  4.00 | change:   0.12343 | c:    215.17863 | v:   0.49999 | time:     58.85 s
[10:49:19] iter:  113 | beta:  4.00 | change:   0.11711 | c:    215.16324 | v:   0.49999 | time:     59.39 s
[10:49:20] iter:  114 | beta:  4.00 | change:   0.09592 | c:    215.15075 | v:   0.49999 | time:     59.96 s
[10:49:21] iter:  115 | beta:  4.00 | change:   0.09872 | c:    215.14013 | v:   0.50000 | time:     60.57 s
[10:49:21] iter:  116 | beta:  4.00 | change:   0.09944 | c:    215.13076 | v:   0.50000 | time:     61.20 s
[10:49:22] iter:  117 | beta:  4.00 | change:   0.10099 | c:    215.12235 | v:   0.50000 | time:     61.88 s
[10:49:23] iter:  118 | beta:  4.00 | change:   0.08726 | c:    215.11468 | v:   0.50000 | time:     62.46 s
[10:49:23] iter:  119 | beta:  4.00 | change:   0.08947 | c:    215.10755 | v:   0.50000 | time:     63.07 s
[10:49:24] iter:  120 | beta:  4.00 | change:   0.08869 | c:    215.10083 | v:   0.50000 | time:     63.70 s
[10:49:24] iter:  121 | beta:  4.00 | change:   0.08654 | c:    215.09445 | v:   0.50000 | time:     64.31 s
[10:49:25] iter:  122 | beta:  4.00 | change:   0.08358 | c:    215.08832 | v:   0.50000 | time:     64.84 s
[10:49:25] iter:  123 | beta:  4.00 | change:   0.08045 | c:    215.08244 | v:   0.50000 | time:     65.37 s
[10:49:26] iter:  124 | beta:  4.00 | change:   0.07738 | c:    215.07677 | v:   0.50000 | time:     65.89 s
[10:49:27] iter:  125 | beta:  4.00 | change:   0.08072 | c:    215.07131 | v:   0.50000 | time:     66.42 s
[10:49:27] iter:  126 | beta:  4.00 | change:   0.08387 | c:    215.06598 | v:   0.50000 | time:     66.98 s
[10:49:28] iter:  127 | beta:  4.00 | change:   0.08035 | c:    215.06078 | v:   0.50000 | time:     67.50 s
[10:49:28] iter:  128 | beta:  4.00 | change:   0.07509 | c:    215.05574 | v:   0.50000 | time:     68.01 s
[10:49:29] iter:  129 | beta:  4.00 | change:   0.07331 | c:    215.05088 | v:   0.50000 | time:     68.54 s
[10:49:29] iter:  130 | beta:  4.00 | change:   0.07111 | c:    215.04615 | v:   0.50000 | time:     69.08 s
[10:49:30] iter:  131 | beta:  4.00 | change:   0.07098 | c:    215.04160 | v:   0.50000 | time:     69.59 s
[10:49:30] iter:  132 | beta:  4.00 | change:   0.07235 | c:    215.03712 | v:   0.50000 | time:     70.12 s
[10:49:31] iter:  133 | beta:  4.00 | change:   0.07013 | c:    215.03272 | v:   0.50000 | time:     70.66 s
[10:49:31] iter:  134 | beta:  4.00 | change:   0.06858 | c:    215.02839 | v:   0.50000 | time:     71.20 s
[10:49:32] iter:  135 | beta:  4.00 | change:   0.06961 | c:    215.02414 | v:   0.50000 | time:     71.71 s
[10:49:32] iter:  136 | beta:  4.00 | change:   0.06895 | c:    215.01994 | v:   0.50000 | time:     72.24 s
[10:49:33] iter:  137 | beta:  4.00 | change:   0.06777 | c:    215.01585 | v:   0.50000 | time:     72.80 s
[10:49:33] iter:  138 | beta:  4.00 | change:   0.07142 | c:    215.01179 | v:   0.50000 | time:     73.39 s
[10:49:34] iter:  139 | beta:  4.00 | change:   0.06972 | c:    215.00784 | v:   0.50000 | time:     73.93 s
[10:49:35] iter:  140 | beta:  4.00 | change:   0.06777 | c:    215.00391 | v:   0.50000 | time:     74.47 s
[10:49:35] iter:  141 | beta:  4.00 | change:   0.07047 | c:    215.00001 | v:   0.50000 | time:     75.02 s
[10:49:36] iter:  142 | beta:  4.00 | change:   0.06754 | c:    214.99612 | v:   0.50000 | time:     75.58 s
[10:49:36] iter:  143 | beta:  4.00 | change:   0.06813 | c:    214.99228 | v:   0.50000 | time:     76.11 s
[10:49:37] iter:  144 | beta:  4.00 | change:   0.06817 | c:    214.98846 | v:   0.50000 | time:     76.63 s
[10:49:37] iter:  145 | beta:  4.00 | change:   0.06550 | c:    214.98470 | v:   0.50000 | time:     77.18 s
[10:49:38] iter:  146 | beta:  4.00 | change:   0.06564 | c:    214.98096 | v:   0.50000 | time:     77.72 s
[10:49:38] iter:  147 | beta:  4.00 | change:   0.06484 | c:    214.97733 | v:   0.50000 | time:     78.26 s
[10:49:39] iter:  148 | beta:  4.00 | change:   0.06598 | c:    214.97379 | v:   0.50000 | time:     78.79 s
[10:49:39] iter:  149 | beta:  4.00 | change:   0.06684 | c:    214.97031 | v:   0.50000 | time:     79.34 s
[10:49:40] iter:  150 | beta:  4.00 | change:   0.06453 | c:    214.96683 | v:   0.50000 | time:     79.86 s
[10:49:40] iter:  151 | beta:  4.00 | change:   0.06791 | c:    214.96341 | v:   0.50000 | time:     80.38 s
  Heaviside beta increased to 8.00
[10:49:41] iter:  152 | beta:  8.00 | change:   0.06487 | c:    205.68403 | v:   0.49399 | time:     80.88 s
[10:49:41] iter:  153 | beta:  8.00 | change:   0.17523 | c:    203.90693 | v:   0.49999 | time:     81.39 s
[10:49:42] iter:  154 | beta:  8.00 | change:   0.16144 | c:    203.90134 | v:   0.49995 | time:     81.92 s
[10:49:43] iter:  155 | beta:  8.00 | change:   0.14788 | c:    203.87414 | v:   0.49995 | time:     82.42 s
[10:49:43] iter:  156 | beta:  8.00 | change:   0.14651 | c:    203.85274 | v:   0.49997 | time:     82.94 s
[10:49:44] iter:  157 | beta:  8.00 | change:   0.12955 | c:    203.83038 | v:   0.49998 | time:     83.48 s
[10:49:44] iter:  158 | beta:  8.00 | change:   0.12975 | c:    203.81644 | v:   0.49999 | time:     84.02 s
[10:49:45] iter:  159 | beta:  8.00 | change:   0.10079 | c:    203.80241 | v:   0.49999 | time:     84.55 s
[10:49:45] iter:  160 | beta:  8.00 | change:   0.09340 | c:    203.79390 | v:   0.49999 | time:     85.10 s
[10:49:46] iter:  161 | beta:  8.00 | change:   0.07937 | c:    203.78598 | v:   0.49999 | time:     85.67 s
[10:49:46] iter:  162 | beta:  8.00 | change:   0.07731 | c:    203.77949 | v:   0.50000 | time:     86.24 s
[10:49:47] iter:  163 | beta:  8.00 | change:   0.07509 | c:    203.77376 | v:   0.50000 | time:     86.79 s
[10:49:47] iter:  164 | beta:  8.00 | change:   0.06931 | c:    203.76871 | v:   0.50000 | time:     87.37 s
[10:49:48] iter:  165 | beta:  8.00 | change:   0.07095 | c:    203.76420 | v:   0.50000 | time:     87.95 s
[10:49:49] iter:  166 | beta:  8.00 | change:   0.06804 | c:    203.76017 | v:   0.50000 | time:     88.51 s
[10:49:49] iter:  167 | beta:  8.00 | change:   0.06879 | c:    203.75649 | v:   0.50000 | time:     89.10 s
[10:49:50] iter:  168 | beta:  8.00 | change:   0.06957 | c:    203.75306 | v:   0.50000 | time:     89.67 s
[10:49:50] iter:  169 | beta:  8.00 | change:   0.06576 | c:    203.74985 | v:   0.50000 | time:     90.22 s
[10:49:51] iter:  170 | beta:  8.00 | change:   0.06664 | c:    203.74680 | v:   0.50000 | time:     90.75 s
[10:49:51] iter:  171 | beta:  8.00 | change:   0.06651 | c:    203.74386 | v:   0.50000 | time:     91.29 s
[10:49:52] iter:  172 | beta:  8.00 | change:   0.06243 | c:    203.74104 | v:   0.50000 | time:     91.81 s
[10:49:52] iter:  173 | beta:  8.00 | change:   0.05919 | c:    203.73834 | v:   0.50000 | time:     92.37 s
[10:49:53] iter:  174 | beta:  8.00 | change:   0.05829 | c:    203.73571 | v:   0.50000 | time:     92.90 s
[10:49:54] iter:  175 | beta:  8.00 | change:   0.05928 | c:    203.73317 | v:   0.50000 | time:     93.42 s
[10:49:54] iter:  176 | beta:  8.00 | change:   0.06074 | c:    203.73068 | v:   0.50000 | time:     93.97 s
[10:49:55] iter:  177 | beta:  8.00 | change:   0.06170 | c:    203.72828 | v:   0.50000 | time:     94.51 s
[10:49:55] iter:  178 | beta:  8.00 | change:   0.06221 | c:    203.72588 | v:   0.50000 | time:     95.04 s
[10:49:56] iter:  179 | beta:  8.00 | change:   0.06353 | c:    203.72355 | v:   0.50000 | time:     95.56 s
[10:49:56] iter:  180 | beta:  8.00 | change:   0.06288 | c:    203.72121 | v:   0.50000 | time:     96.08 s
[10:49:57] iter:  181 | beta:  8.00 | change:   0.06315 | c:    203.71896 | v:   0.50000 | time:     96.60 s
[10:49:57] iter:  182 | beta:  8.00 | change:   0.06214 | c:    203.71666 | v:   0.50000 | time:     97.15 s
[10:49:58] iter:  183 | beta:  8.00 | change:   0.06303 | c:    203.71446 | v:   0.50000 | time:     97.72 s
[10:49:58] iter:  184 | beta:  8.00 | change:   0.06124 | c:    203.71221 | v:   0.50000 | time:     98.31 s
[10:49:59] iter:  185 | beta:  8.00 | change:   0.05360 | c:    203.71008 | v:   0.50000 | time:     98.90 s
[10:50:00] iter:  186 | beta:  8.00 | change:   0.04660 | c:    203.70779 | v:   0.50000 | time:     99.50 s
[10:50:00] iter:  187 | beta:  8.00 | change:   0.04705 | c:    203.70559 | v:   0.50000 | time:    100.10 s
[10:50:01] iter:  188 | beta:  8.00 | change:   0.04862 | c:    203.70324 | v:   0.50000 | time:    100.72 s
[10:50:01] iter:  189 | beta:  8.00 | change:   0.04525 | c:    203.70099 | v:   0.50000 | time:    101.28 s
[10:50:02] iter:  190 | beta:  8.00 | change:   0.04692 | c:    203.69878 | v:   0.50000 | time:    101.87 s
[10:50:03] iter:  191 | beta:  8.00 | change:   0.04613 | c:    203.69645 | v:   0.50000 | time:    102.43 s
[10:50:03] iter:  192 | beta:  8.00 | change:   0.04640 | c:    203.69403 | v:   0.50000 | time:    102.98 s
[10:50:04] iter:  193 | beta:  8.00 | change:   0.04618 | c:    203.69171 | v:   0.50000 | time:    103.53 s
[10:50:04] iter:  194 | beta:  8.00 | change:   0.04574 | c:    203.68933 | v:   0.50000 | time:    104.09 s
[10:50:05] iter:  195 | beta:  8.00 | change:   0.04432 | c:    203.68696 | v:   0.50000 | time:    104.66 s
[10:50:05] iter:  196 | beta:  8.00 | change:   0.04589 | c:    203.68458 | v:   0.50000 | time:    105.23 s
[10:50:06] iter:  197 | beta:  8.00 | change:   0.04377 | c:    203.68221 | v:   0.50000 | time:    105.81 s
[10:50:07] iter:  198 | beta:  8.00 | change:   0.04180 | c:    203.67980 | v:   0.50000 | time:    106.42 s
[10:50:07] iter:  199 | beta:  8.00 | change:   0.04307 | c:    203.67738 | v:   0.50000 | time:    106.97 s
[10:50:08] iter:  200 | beta:  8.00 | change:   0.04422 | c:    203.67500 | v:   0.50000 | time:    107.53 s
[10:50:08] iter:  201 | beta:  8.00 | change:   0.04521 | c:    203.67269 | v:   0.50000 | time:    108.08 s
  Heaviside beta increased to 16.00
[10:50:09] iter:  202 | beta: 16.00 | change:   0.04284 | c:    194.96780 | v:   0.50426 | time:    108.61 s
[10:50:09] iter:  203 | beta: 16.00 | change:   0.18309 | c:    196.94916 | v:   0.49878 | time:    109.10 s
[10:50:10] iter:  204 | beta: 16.00 | change:   0.18617 | c:    197.02559 | v:   0.49924 | time:    109.63 s
[10:50:10] iter:  205 | beta: 16.00 | change:   0.19221 | c:    197.68669 | v:   0.49836 | time:    110.16 s
[10:50:11] iter:  206 | beta: 16.00 | change:   0.19630 | c:    198.67160 | v:   0.49733 | time:    110.69 s
[10:50:11] iter:  207 | beta: 16.00 | change:   0.19494 | c:    198.46254 | v:   0.49719 | time:    111.24 s
[10:50:12] iter:  208 | beta: 16.00 | change:   0.19489 | c:    198.06375 | v:   0.49764 | time:    111.80 s
[10:50:12] iter:  209 | beta: 16.00 | change:   0.18204 | c:    197.40084 | v:   0.49810 | time:    112.36 s
[10:50:13] iter:  210 | beta: 16.00 | change:   0.15598 | c:    196.70883 | v:   0.49942 | time:    112.95 s
[10:50:14] iter:  211 | beta: 16.00 | change:   0.05934 | c:    196.50756 | v:   0.49994 | time:    113.48 s
[10:50:14] iter:  212 | beta: 16.00 | change:   0.05613 | c:    196.48651 | v:   0.49999 | time:    114.03 s
[10:50:15] iter:  213 | beta: 16.00 | change:   0.05151 | c:    196.48246 | v:   0.49999 | time:    114.62 s
[10:50:15] iter:  214 | beta: 16.00 | change:   0.05558 | c:    196.47823 | v:   0.50000 | time:    115.24 s
[10:50:16] iter:  215 | beta: 16.00 | change:   0.05454 | c:    196.47397 | v:   0.50000 | time:    115.85 s
[10:50:17] iter:  216 | beta: 16.00 | change:   0.05376 | c:    196.46982 | v:   0.50000 | time:    116.51 s
[10:50:17] iter:  217 | beta: 16.00 | change:   0.05278 | c:    196.46580 | v:   0.50000 | time:    117.11 s
[10:50:18] iter:  218 | beta: 16.00 | change:   0.05144 | c:    196.46194 | v:   0.50000 | time:    117.69 s
[10:50:18] iter:  219 | beta: 16.00 | change:   0.05052 | c:    196.45823 | v:   0.50000 | time:    118.24 s
[10:50:19] iter:  220 | beta: 16.00 | change:   0.04641 | c:    196.45471 | v:   0.50000 | time:    118.78 s
[10:50:19] iter:  221 | beta: 16.00 | change:   0.04460 | c:    196.45140 | v:   0.50000 | time:    119.31 s
[10:50:20] iter:  222 | beta: 16.00 | change:   0.04880 | c:    196.44827 | v:   0.50000 | time:    119.84 s
[10:50:20] iter:  223 | beta: 16.00 | change:   0.04373 | c:    196.44527 | v:   0.50000 | time:    120.37 s
[10:50:21] iter:  224 | beta: 16.00 | change:   0.04566 | c:    196.44234 | v:   0.50000 | time:    120.91 s
[10:50:22] iter:  225 | beta: 16.00 | change:   0.04045 | c:    196.43950 | v:   0.50000 | time:    121.46 s
[10:50:22] iter:  226 | beta: 16.00 | change:   0.04304 | c:    196.43675 | v:   0.50000 | time:    122.01 s
[10:50:23] iter:  227 | beta: 16.00 | change:   0.04751 | c:    196.43414 | v:   0.50000 | time:    122.63 s
[10:50:23] iter:  228 | beta: 16.00 | change:   0.04829 | c:    196.43171 | v:   0.50000 | time:    123.17 s
[10:50:24] iter:  229 | beta: 16.00 | change:   0.04853 | c:    196.43032 | v:   0.50000 | time:    123.72 s
[10:50:24] iter:  230 | beta: 16.00 | change:   0.06807 | c:    196.43223 | v:   0.49999 | time:    124.25 s
[10:50:25] iter:  231 | beta: 16.00 | change:   0.07681 | c:    196.44393 | v:   0.49997 | time:    124.83 s
[10:50:25] iter:  232 | beta: 16.00 | change:   0.11219 | c:    196.46962 | v:   0.49991 | time:    125.38 s
[10:50:26] iter:  233 | beta: 16.00 | change:   0.16694 | c:    196.50611 | v:   0.49985 | time:    125.91 s
[10:50:27] iter:  234 | beta: 16.00 | change:   0.17676 | c:    196.51673 | v:   0.49979 | time:    126.52 s
[10:50:27] iter:  235 | beta: 16.00 | change:   0.13363 | c:    196.46614 | v:   0.49988 | time:    127.17 s
[10:50:28] iter:  236 | beta: 16.00 | change:   0.05378 | c:    196.42644 | v:   0.49998 | time:    127.80 s
[10:50:29] iter:  237 | beta: 16.00 | change:   0.03020 | c:    196.41889 | v:   0.50000 | time:    128.60 s
[10:50:29] iter:  238 | beta: 16.00 | change:   0.02950 | c:    196.41707 | v:   0.50000 | time:    129.23 s
[10:50:30] iter:  239 | beta: 16.00 | change:   0.03234 | c:    196.41585 | v:   0.50000 | time:    129.83 s
[10:50:30] iter:  240 | beta: 16.00 | change:   0.03231 | c:    196.41452 | v:   0.50000 | time:    130.39 s
[10:50:31] iter:  241 | beta: 16.00 | change:   0.03242 | c:    196.41314 | v:   0.50000 | time:    130.99 s
[10:50:32] iter:  242 | beta: 16.00 | change:   0.03262 | c:    196.41166 | v:   0.50000 | time:    131.55 s
[10:50:32] iter:  243 | beta: 16.00 | change:   0.03515 | c:    196.41012 | v:   0.50000 | time:    132.12 s
[10:50:33] iter:  244 | beta: 16.00 | change:   0.03486 | c:    196.40856 | v:   0.50000 | time:    132.72 s
[10:50:33] iter:  245 | beta: 16.00 | change:   0.03765 | c:    196.40703 | v:   0.50000 | time:    133.27 s
[10:50:34] iter:  246 | beta: 16.00 | change:   0.04106 | c:    196.40548 | v:   0.50000 | time:    133.86 s
[10:50:35] iter:  247 | beta: 16.00 | change:   0.03721 | c:    196.40389 | v:   0.50000 | time:    134.46 s
[10:50:35] iter:  248 | beta: 16.00 | change:   0.03752 | c:    196.40232 | v:   0.50000 | time:    134.99 s
[10:50:36] iter:  249 | beta: 16.00 | change:   0.03779 | c:    196.40074 | v:   0.50000 | time:    135.52 s
[10:50:36] iter:  250 | beta: 16.00 | change:   0.03487 | c:    196.39919 | v:   0.50000 | time:    136.04 s
[10:50:37] iter:  251 | beta: 16.00 | change:   0.03447 | c:    196.39773 | v:   0.50000 | time:    136.57 s
[10:50:37] iter:  252 | beta: 16.00 | change:   0.03443 | c:    196.39633 | v:   0.50000 | time:    137.09 s
[10:50:38] iter:  253 | beta: 16.00 | change:   0.03299 | c:    196.39486 | v:   0.50000 | time:    137.62 s
[10:50:38] iter:  254 | beta: 16.00 | change:   0.03438 | c:    196.39358 | v:   0.50000 | time:    138.16 s
[10:50:39] iter:  255 | beta: 16.00 | change:   0.03008 | c:    196.39252 | v:   0.50000 | time:    138.68 s
[10:50:39] iter:  256 | beta: 16.00 | change:   0.03581 | c:    196.39240 | v:   0.49999 | time:    139.22 s
[10:50:40] iter:  257 | beta: 16.00 | change:   0.04821 | c:    196.39188 | v:   0.49999 | time:    139.77 s
[10:50:40] iter:  258 | beta: 16.00 | change:   0.05077 | c:    196.39068 | v:   0.49999 | time:    140.30 s
[10:50:41] iter:  259 | beta: 16.00 | change:   0.05006 | c:    196.38768 | v:   0.50000 | time:    140.87 s
[10:50:42] iter:  260 | beta: 16.00 | change:   0.04801 | c:    196.38542 | v:   0.50000 | time:    141.47 s
[10:50:42] iter:  261 | beta: 16.00 | change:   0.02867 | c:    196.38355 | v:   0.50000 | time:    142.09 s
[10:50:43] iter:  262 | beta: 16.00 | change:   0.03030 | c:    196.38191 | v:   0.50000 | time:    142.71 s
[10:50:43] iter:  263 | beta: 16.00 | change:   0.02944 | c:    196.38040 | v:   0.50000 | time:    143.32 s
[10:50:44] iter:  264 | beta: 16.00 | change:   0.02948 | c:    196.37882 | v:   0.50000 | time:    143.91 s
[10:50:45] iter:  265 | beta: 16.00 | change:   0.02806 | c:    196.37715 | v:   0.50000 | time:    144.52 s
[10:50:45] iter:  266 | beta: 16.00 | change:   0.02527 | c:    196.37549 | v:   0.50000 | time:    145.11 s
[10:50:46] iter:  267 | beta: 16.00 | change:   0.02460 | c:    196.37390 | v:   0.50000 | time:    145.62 s
[10:50:46] iter:  268 | beta: 16.00 | change:   0.02479 | c:    196.37235 | v:   0.50000 | time:    146.13 s
[10:50:47] iter:  269 | beta: 16.00 | change:   0.02510 | c:    196.37081 | v:   0.50000 | time:    146.63 s
[10:50:47] iter:  270 | beta: 16.00 | change:   0.02468 | c:    196.36920 | v:   0.50000 | time:    147.14 s
[10:50:48] iter:  271 | beta: 16.00 | change:   0.02532 | c:    196.36753 | v:   0.50000 | time:    147.65 s
[10:50:48] iter:  272 | beta: 16.00 | change:   0.02414 | c:    196.36598 | v:   0.50000 | time:    148.16 s
[10:50:49] iter:  273 | beta: 16.00 | change:   0.02394 | c:    196.36448 | v:   0.50000 | time:    148.69 s
[10:50:49] iter:  274 | beta: 16.00 | change:   0.02514 | c:    196.36295 | v:   0.50000 | time:    149.22 s
[10:50:50] iter:  275 | beta: 16.00 | change:   0.02409 | c:    196.36138 | v:   0.50000 | time:    149.75 s
[10:50:50] iter:  276 | beta: 16.00 | change:   0.02475 | c:    196.35980 | v:   0.50000 | time:    150.27 s
[10:50:51] iter:  277 | beta: 16.00 | change:   0.02425 | c:    196.35822 | v:   0.50000 | time:    150.82 s
[10:50:51] iter:  278 | beta: 16.00 | change:   0.02574 | c:    196.35686 | v:   0.50000 | time:    151.34 s
[10:50:52] iter:  279 | beta: 16.00 | change:   0.02426 | c:    196.35540 | v:   0.50000 | time:    151.85 s
[10:50:52] iter:  280 | beta: 16.00 | change:   0.02902 | c:    196.35389 | v:   0.50000 | time:    152.38 s
[10:50:53] iter:  281 | beta: 16.00 | change:   0.02693 | c:    196.35222 | v:   0.50000 | time:    152.90 s
[10:50:54] iter:  282 | beta: 16.00 | change:   0.03133 | c:    196.35054 | v:   0.50000 | time:    153.44 s
[10:50:54] iter:  283 | beta: 16.00 | change:   0.02632 | c:    196.34891 | v:   0.50000 | time:    153.97 s
[10:50:55] iter:  284 | beta: 16.00 | change:   0.02607 | c:    196.34732 | v:   0.50000 | time:    154.56 s
[10:50:55] iter:  285 | beta: 16.00 | change:   0.02318 | c:    196.34569 | v:   0.50000 | time:    155.15 s
[10:50:56] iter:  286 | beta: 16.00 | change:   0.02387 | c:    196.34401 | v:   0.50000 | time:    155.70 s
[10:50:56] iter:  287 | beta: 16.00 | change:   0.02438 | c:    196.34240 | v:   0.50000 | time:    156.28 s
[10:50:57] iter:  288 | beta: 16.00 | change:   0.02512 | c:    196.34081 | v:   0.50000 | time:    156.82 s
[10:50:57] iter:  289 | beta: 16.00 | change:   0.02571 | c:    196.33921 | v:   0.50000 | time:    157.33 s
[10:50:58] iter:  290 | beta: 16.00 | change:   0.02648 | c:    196.33761 | v:   0.50000 | time:    157.87 s
[10:50:58] iter:  291 | beta: 16.00 | change:   0.02539 | c:    196.33595 | v:   0.50000 | time:    158.37 s
[10:50:59] iter:  292 | beta: 16.00 | change:   0.02605 | c:    196.33429 | v:   0.50000 | time:    158.89 s
[10:50:59] iter:  293 | beta: 16.00 | change:   0.02643 | c:    196.33268 | v:   0.50000 | time:    159.41 s
[10:51:00] iter:  294 | beta: 16.00 | change:   0.02554 | c:    196.33107 | v:   0.50000 | time:    159.92 s
[10:51:01] iter:  295 | beta: 16.00 | change:   0.02639 | c:    196.32940 | v:   0.50000 | time:    160.47 s
[10:51:01] iter:  296 | beta: 16.00 | change:   0.02733 | c:    196.32775 | v:   0.50000 | time:    161.01 s
[10:51:02] iter:  297 | beta: 16.00 | change:   0.02793 | c:    196.32609 | v:   0.50000 | time:    161.62 s
[10:51:02] iter:  298 | beta: 16.00 | change:   0.02898 | c:    196.32444 | v:   0.50000 | time:    162.18 s
[10:51:03] iter:  299 | beta: 16.00 | change:   0.02929 | c:    196.32282 | v:   0.50000 | time:    162.71 s
[10:51:03] iter:  300 | beta: 16.00 | change:   0.02933 | c:    196.32118 | v:   0.50000 | time:    163.21 s
[10:51:04] iter:  301 | beta: 16.00 | change:   0.02711 | c:    196.31951 | v:   0.50000 | time:    163.72 s
[10:51:04] iter:  302 | beta: 16.00 | change:   0.02652 | c:    196.31786 | v:   0.50000 | time:    164.28 s
[10:51:05] iter:  303 | beta: 16.00 | change:   0.02733 | c:    196.31620 | v:   0.50000 | time:    164.78 s
[10:51:05] iter:  304 | beta: 16.00 | change:   0.02737 | c:    196.31453 | v:   0.50000 | time:    165.30 s
[10:51:06] iter:  305 | beta: 16.00 | change:   0.02857 | c:    196.31287 | v:   0.50000 | time:    165.79 s
[10:51:06] iter:  306 | beta: 16.00 | change:   0.02947 | c:    196.31122 | v:   0.50000 | time:    166.36 s
[10:51:07] iter:  307 | beta: 16.00 | change:   0.02899 | c:    196.30957 | v:   0.50000 | time:    166.88 s
[10:51:08] iter:  308 | beta: 16.00 | change:   0.02731 | c:    196.30790 | v:   0.50000 | time:    167.43 s
[10:51:08] iter:  309 | beta: 16.00 | change:   0.02590 | c:    196.30626 | v:   0.50000 | time:    167.93 s
[10:51:09] iter:  310 | beta: 16.00 | change:   0.02651 | c:    196.30460 | v:   0.50000 | time:    168.46 s
[10:51:09] iter:  311 | beta: 16.00 | change:   0.02667 | c:    196.30300 | v:   0.50000 | time:    169.03 s
[10:51:10] iter:  312 | beta: 16.00 | change:   0.02565 | c:    196.30141 | v:   0.50000 | time:    169.59 s
[10:51:10] iter:  313 | beta: 16.00 | change:   0.02594 | c:    196.29978 | v:   0.50000 | time:    170.16 s
[10:51:11] iter:  314 | beta: 16.00 | change:   0.02608 | c:    196.29813 | v:   0.50000 | time:    170.69 s
[10:51:11] iter:  315 | beta: 16.00 | change:   0.02546 | c:    196.29654 | v:   0.50000 | time:    171.22 s
[10:51:12] iter:  316 | beta: 16.00 | change:   0.02456 | c:    196.29493 | v:   0.50000 | time:    171.76 s
[10:51:12] iter:  317 | beta: 16.00 | change:   0.02458 | c:    196.29339 | v:   0.50000 | time:    172.27 s
[10:51:13] iter:  318 | beta: 16.00 | change:   0.02415 | c:    196.29182 | v:   0.50000 | time:    172.82 s
[10:51:13] iter:  319 | beta: 16.00 | change:   0.02325 | c:    196.29024 | v:   0.50000 | time:    173.40 s
[10:51:14] iter:  320 | beta: 16.00 | change:   0.02394 | c:    196.28868 | v:   0.50000 | time:    173.88 s
[10:51:14] iter:  321 | beta: 16.00 | change:   0.02342 | c:    196.28719 | v:   0.50000 | time:    174.39 s
[10:51:15] iter:  322 | beta: 16.00 | change:   0.02241 | c:    196.28566 | v:   0.50000 | time:    174.87 s
[10:51:15] iter:  323 | beta: 16.00 | change:   0.02285 | c:    196.28422 | v:   0.50000 | time:    175.37 s
[10:51:16] iter:  324 | beta: 16.00 | change:   0.02342 | c:    196.28274 | v:   0.50000 | time:    175.85 s
[10:51:16] iter:  325 | beta: 16.00 | change:   0.02113 | c:    196.28125 | v:   0.50000 | time:    176.35 s
[10:51:17] iter:  326 | beta: 16.00 | change:   0.02370 | c:    196.27976 | v:   0.50000 | time:    176.85 s
[10:51:17] iter:  327 | beta: 16.00 | change:   0.02242 | c:    196.27833 | v:   0.50000 | time:    177.34 s
[10:51:18] iter:  328 | beta: 16.00 | change:   0.02331 | c:    196.27689 | v:   0.50000 | time:    177.85 s
[10:51:18] iter:  329 | beta: 16.00 | change:   0.02316 | c:    196.27549 | v:   0.50000 | time:    178.35 s
[10:51:19] iter:  330 | beta: 16.00 | change:   0.02339 | c:    196.27410 | v:   0.50000 | time:    178.88 s
[10:51:19] iter:  331 | beta: 16.00 | change:   0.02351 | c:    196.27269 | v:   0.50000 | time:    179.40 s
[10:51:20] iter:  332 | beta: 16.00 | change:   0.02366 | c:    196.27128 | v:   0.50000 | time:    179.93 s
[10:51:21] iter:  333 | beta: 16.00 | change:   0.02376 | c:    196.26995 | v:   0.50000 | time:    180.47 s
[10:51:21] iter:  334 | beta: 16.00 | change:   0.02369 | c:    196.26861 | v:   0.50000 | time:    181.01 s
[10:51:22] iter:  335 | beta: 16.00 | change:   0.02391 | c:    196.26728 | v:   0.50000 | time:    181.54 s
[10:51:22] iter:  336 | beta: 16.00 | change:   0.02389 | c:    196.26597 | v:   0.50000 | time:    182.05 s
[10:51:23] iter:  337 | beta: 16.00 | change:   0.02415 | c:    196.26464 | v:   0.50000 | time:    182.55 s
[10:51:23] iter:  338 | beta: 16.00 | change:   0.02413 | c:    196.26334 | v:   0.50000 | time:    183.05 s
[10:51:24] iter:  339 | beta: 16.00 | change:   0.02429 | c:    196.26207 | v:   0.50000 | time:    183.57 s
[10:51:24] iter:  340 | beta: 16.00 | change:   0.02429 | c:    196.26078 | v:   0.50000 | time:    184.10 s
[10:51:25] iter:  341 | beta: 16.00 | change:   0.02456 | c:    196.25956 | v:   0.50000 | time:    184.61 s
[10:51:25] iter:  342 | beta: 16.00 | change:   0.02187 | c:    196.25833 | v:   0.50000 | time:    185.12 s
[10:51:26] iter:  343 | beta: 16.00 | change:   0.02117 | c:    196.25709 | v:   0.50000 | time:    185.63 s
[10:51:26] iter:  344 | beta: 16.00 | change:   0.02116 | c:    196.25583 | v:   0.50000 | time:    186.14 s
[10:51:27] iter:  345 | beta: 16.00 | change:   0.02080 | c:    196.25464 | v:   0.50000 | time:    186.66 s
[10:51:27] iter:  346 | beta: 16.00 | change:   0.01925 | c:    196.25344 | v:   0.50000 | time:    187.17 s
[10:51:28] iter:  347 | beta: 16.00 | change:   0.01910 | c:    196.25228 | v:   0.50000 | time:    187.68 s
[10:51:28] iter:  348 | beta: 16.00 | change:   0.01902 | c:    196.25112 | v:   0.50000 | time:    188.21 s
[10:51:29] iter:  349 | beta: 16.00 | change:   0.01875 | c:    196.24991 | v:   0.50000 | time:    188.71 s
[10:51:29] iter:  350 | beta: 16.00 | change:   0.01949 | c:    196.24875 | v:   0.50000 | time:    189.22 s
[10:51:30] iter:  351 | beta: 16.00 | change:   0.01878 | c:    196.24763 | v:   0.50000 | time:    189.76 s
[10:51:30] iter:  352 | beta: 16.00 | change:   0.01981 | c:    196.24652 | v:   0.50000 | time:    190.28 s
[10:51:31] iter:  353 | beta: 16.00 | change:   0.01906 | c:    196.24541 | v:   0.50000 | time:    190.80 s
[10:51:31] iter:  354 | beta: 16.00 | change:   0.01984 | c:    196.24431 | v:   0.50000 | time:    191.31 s
[10:51:32] iter:  355 | beta: 16.00 | change:   0.01948 | c:    196.24316 | v:   0.50000 | time:    191.83 s
[10:51:32] iter:  356 | beta: 16.00 | change:   0.01984 | c:    196.24208 | v:   0.50000 | time:    192.34 s
[10:51:33] iter:  357 | beta: 16.00 | change:   0.01967 | c:    196.24102 | v:   0.50000 | time:    192.86 s
[10:51:33] iter:  358 | beta: 16.00 | change:   0.01935 | c:    196.23997 | v:   0.50000 | time:    193.38 s
[10:51:34] iter:  359 | beta: 16.00 | change:   0.01704 | c:    196.23888 | v:   0.50000 | time:    193.88 s
[10:51:34] iter:  360 | beta: 16.00 | change:   0.01576 | c:    196.23784 | v:   0.50000 | time:    194.40 s
[10:51:35] iter:  361 | beta: 16.00 | change:   0.01589 | c:    196.23679 | v:   0.50000 | time:    194.92 s
[10:51:36] iter:  362 | beta: 16.00 | change:   0.01653 | c:    196.23577 | v:   0.50000 | time:    195.43 s
[10:51:36] iter:  363 | beta: 16.00 | change:   0.01653 | c:    196.23478 | v:   0.50000 | time:    195.93 s
[10:51:37] iter:  364 | beta: 16.00 | change:   0.01723 | c:    196.23377 | v:   0.50000 | time:    196.45 s
[10:51:37] iter:  365 | beta: 16.00 | change:   0.01740 | c:    196.23274 | v:   0.50000 | time:    196.96 s
[10:51:38] iter:  366 | beta: 16.00 | change:   0.01795 | c:    196.23176 | v:   0.50000 | time:    197.48 s
[10:51:38] iter:  367 | beta: 16.00 | change:   0.01828 | c:    196.23080 | v:   0.50000 | time:    197.98 s
[10:51:39] iter:  368 | beta: 16.00 | change:   0.01874 | c:    196.22981 | v:   0.50000 | time:    198.50 s
[10:51:39] iter:  369 | beta: 16.00 | change:   0.01833 | c:    196.22886 | v:   0.50000 | time:    199.01 s
[10:51:40] iter:  370 | beta: 16.00 | change:   0.01682 | c:    196.22787 | v:   0.50000 | time:    199.53 s
[10:51:40] iter:  371 | beta: 16.00 | change:   0.01732 | c:    196.22690 | v:   0.50000 | time:    200.03 s
[10:51:41] iter:  372 | beta: 16.00 | change:   0.01763 | c:    196.22599 | v:   0.50000 | time:    200.57 s
[10:51:41] iter:  373 | beta: 16.00 | change:   0.01824 | c:    196.22504 | v:   0.50000 | time:    201.21 s
[10:51:42] iter:  374 | beta: 16.00 | change:   0.01851 | c:    196.22409 | v:   0.50000 | time:    201.74 s
[10:51:42] iter:  375 | beta: 16.00 | change:   0.01917 | c:    196.22318 | v:   0.50000 | time:    202.24 s
[10:51:43] iter:  376 | beta: 16.00 | change:   0.01951 | c:    196.22226 | v:   0.50000 | time:    202.74 s
[10:51:43] iter:  377 | beta: 16.00 | change:   0.02032 | c:    196.22133 | v:   0.50000 | time:    203.25 s
[10:51:44] iter:  378 | beta: 16.00 | change:   0.02027 | c:    196.22045 | v:   0.50000 | time:    203.75 s
[10:51:44] iter:  379 | beta: 16.00 | change:   0.02173 | c:    196.21952 | v:   0.50000 | time:    204.27 s
[10:51:45] iter:  380 | beta: 16.00 | change:   0.02149 | c:    196.21862 | v:   0.50000 | time:    204.77 s
[10:51:45] iter:  381 | beta: 16.00 | change:   0.02268 | c:    196.21773 | v:   0.50000 | time:    205.30 s
[10:51:46] iter:  382 | beta: 16.00 | change:   0.02138 | c:    196.21684 | v:   0.50000 | time:    205.79 s
[10:51:46] iter:  383 | beta: 16.00 | change:   0.01983 | c:    196.21595 | v:   0.50000 | time:    206.38 s
[10:51:47] iter:  384 | beta: 16.00 | change:   0.02046 | c:    196.21509 | v:   0.50000 | time:    206.90 s
[10:51:48] iter:  385 | beta: 16.00 | change:   0.02096 | c:    196.21419 | v:   0.50000 | time:    207.43 s
[10:51:48] iter:  386 | beta: 16.00 | change:   0.02164 | c:    196.21331 | v:   0.50000 | time:    207.94 s
[10:51:49] iter:  387 | beta: 16.00 | change:   0.02220 | c:    196.21246 | v:   0.50000 | time:    208.47 s
[10:51:49] iter:  388 | beta: 16.00 | change:   0.02212 | c:    196.21157 | v:   0.50000 | time:    208.99 s
[10:51:50] iter:  389 | beta: 16.00 | change:   0.02221 | c:    196.21070 | v:   0.50000 | time:    209.51 s
[10:51:50] iter:  390 | beta: 16.00 | change:   0.02288 | c:    196.20985 | v:   0.50000 | time:    210.01 s
[10:51:51] iter:  391 | beta: 16.00 | change:   0.02348 | c:    196.20899 | v:   0.50000 | time:    210.51 s
[10:51:51] iter:  392 | beta: 16.00 | change:   0.02415 | c:    196.20812 | v:   0.50000 | time:    211.03 s
[10:51:52] iter:  393 | beta: 16.00 | change:   0.02473 | c:    196.20727 | v:   0.50000 | time:    211.55 s
[10:51:52] iter:  394 | beta: 16.00 | change:   0.02518 | c:    196.20640 | v:   0.50000 | time:    212.08 s
[10:51:53] iter:  395 | beta: 16.00 | change:   0.02428 | c:    196.20555 | v:   0.50000 | time:    212.61 s
[10:51:53] iter:  396 | beta: 16.00 | change:   0.02488 | c:    196.20472 | v:   0.50000 | time:    213.14 s
[10:51:54] iter:  397 | beta: 16.00 | change:   0.02543 | c:    196.20384 | v:   0.50000 | time:    213.64 s
[10:51:54] iter:  398 | beta: 16.00 | change:   0.02605 | c:    196.20299 | v:   0.50000 | time:    214.16 s
[10:51:55] iter:  399 | beta: 16.00 | change:   0.02602 | c:    196.20215 | v:   0.50000 | time:    214.67 s
[10:51:55] iter:  400 | beta: 16.00 | change:   0.02463 | c:    196.20134 | v:   0.50000 | time:    215.19 s
[10:51:56] iter:  401 | beta: 16.00 | change:   0.02754 | c:    196.20047 | v:   0.50000 | time:    215.76 s
[10:51:56] iter:  402 | beta: 16.00 | change:   0.02551 | c:    196.19967 | v:   0.50000 | time:    216.26 s
[10:51:57] iter:  403 | beta: 16.00 | change:   0.02559 | c:    196.19883 | v:   0.50000 | time:    216.78 s
[10:51:57] iter:  404 | beta: 16.00 | change:   0.02539 | c:    196.19799 | v:   0.50000 | time:    217.31 s
[10:51:58] iter:  405 | beta: 16.00 | change:   0.02401 | c:    196.19717 | v:   0.50000 | time:    217.85 s
[10:51:58] iter:  406 | beta: 16.00 | change:   0.02442 | c:    196.19634 | v:   0.50000 | time:    218.37 s
[10:51:59] iter:  407 | beta: 16.00 | change:   0.02345 | c:    196.19551 | v:   0.50000 | time:    218.87 s
[10:51:59] iter:  408 | beta: 16.00 | change:   0.02377 | c:    196.19471 | v:   0.50000 | time:    219.38 s
[10:52:00] iter:  409 | beta: 16.00 | change:   0.02421 | c:    196.19388 | v:   0.50000 | time:    219.90 s
[10:52:01] iter:  410 | beta: 16.00 | change:   0.02449 | c:    196.19304 | v:   0.50000 | time:    220.42 s
[10:52:01] iter:  411 | beta: 16.00 | change:   0.02426 | c:    196.19225 | v:   0.50000 | time:    220.93 s
[10:52:02] iter:  412 | beta: 16.00 | change:   0.02457 | c:    196.19147 | v:   0.50000 | time:    221.44 s
[10:52:02] iter:  413 | beta: 16.00 | change:   0.02456 | c:    196.19066 | v:   0.50000 | time:    221.95 s
[10:52:03] iter:  414 | beta: 16.00 | change:   0.02152 | c:    196.18990 | v:   0.50000 | time:    222.48 s
[10:52:03] iter:  415 | beta: 16.00 | change:   0.02173 | c:    196.18911 | v:   0.50000 | time:    223.05 s
[10:52:04] iter:  416 | beta: 16.00 | change:   0.02139 | c:    196.18831 | v:   0.50000 | time:    223.57 s
[10:52:04] iter:  417 | beta: 16.00 | change:   0.02176 | c:    196.18758 | v:   0.50000 | time:    224.07 s
[10:52:05] iter:  418 | beta: 16.00 | change:   0.02184 | c:    196.18682 | v:   0.50000 | time:    224.58 s
[10:52:05] iter:  419 | beta: 16.00 | change:   0.02236 | c:    196.18605 | v:   0.50000 | time:    225.09 s
[10:52:06] iter:  420 | beta: 16.00 | change:   0.02207 | c:    196.18534 | v:   0.50000 | time:    225.61 s
[10:52:06] iter:  421 | beta: 16.00 | change:   0.02299 | c:    196.18457 | v:   0.50000 | time:    226.12 s
[10:52:07] iter:  422 | beta: 16.00 | change:   0.02209 | c:    196.18384 | v:   0.50000 | time:    226.65 s
[10:52:07] iter:  423 | beta: 16.00 | change:   0.02366 | c:    196.18315 | v:   0.50000 | time:    227.18 s
[10:52:08] iter:  424 | beta: 16.00 | change:   0.02221 | c:    196.18244 | v:   0.50000 | time:    227.71 s
[10:52:08] iter:  425 | beta: 16.00 | change:   0.02382 | c:    196.18170 | v:   0.50000 | time:    228.26 s
[10:52:09] iter:  426 | beta: 16.00 | change:   0.02280 | c:    196.18102 | v:   0.50000 | time:    228.86 s
[10:52:09] iter:  427 | beta: 16.00 | change:   0.02360 | c:    196.18031 | v:   0.50000 | time:    229.40 s
[10:52:10] iter:  428 | beta: 16.00 | change:   0.02336 | c:    196.17961 | v:   0.50000 | time:    229.96 s
[10:52:11] iter:  429 | beta: 16.00 | change:   0.02315 | c:    196.17894 | v:   0.50000 | time:    230.49 s
[10:52:11] iter:  430 | beta: 16.00 | change:   0.02022 | c:    196.17824 | v:   0.50000 | time:    231.04 s
[10:52:12] iter:  431 | beta: 16.00 | change:   0.01894 | c:    196.17753 | v:   0.50000 | time:    231.73 s
[10:52:12] iter:  432 | beta: 16.00 | change:   0.01897 | c:    196.17688 | v:   0.50000 | time:    232.27 s
[10:52:13] iter:  433 | beta: 16.00 | change:   0.01903 | c:    196.17621 | v:   0.50000 | time:    232.79 s
[10:52:13] iter:  434 | beta: 16.00 | change:   0.01831 | c:    196.17552 | v:   0.50000 | time:    233.30 s
[10:52:14] iter:  435 | beta: 16.00 | change:   0.01718 | c:    196.17489 | v:   0.50000 | time:    233.82 s
[10:52:14] iter:  436 | beta: 16.00 | change:   0.01730 | c:    196.17422 | v:   0.50000 | time:    234.35 s
[10:52:15] iter:  437 | beta: 16.00 | change:   0.01741 | c:    196.17354 | v:   0.50000 | time:    234.88 s
[10:52:15] iter:  438 | beta: 16.00 | change:   0.01752 | c:    196.17294 | v:   0.50000 | time:    235.41 s
[10:52:16] iter:  439 | beta: 16.00 | change:   0.01765 | c:    196.17230 | v:   0.50000 | time:    235.91 s
[10:52:17] iter:  440 | beta: 16.00 | change:   0.01772 | c:    196.17165 | v:   0.50000 | time:    236.42 s
[10:52:17] iter:  441 | beta: 16.00 | change:   0.01788 | c:    196.17103 | v:   0.50000 | time:    236.93 s
[10:52:18] iter:  442 | beta: 16.00 | change:   0.01791 | c:    196.17041 | v:   0.50000 | time:    237.46 s
[10:52:18] iter:  443 | beta: 16.00 | change:   0.01779 | c:    196.16979 | v:   0.50000 | time:    237.96 s
[10:52:19] iter:  444 | beta: 16.00 | change:   0.01776 | c:    196.16921 | v:   0.50000 | time:    238.48 s
[10:52:19] iter:  445 | beta: 16.00 | change:   0.01800 | c:    196.16861 | v:   0.50000 | time:    239.03 s
[10:52:20] iter:  446 | beta: 16.00 | change:   0.01785 | c:    196.16798 | v:   0.50000 | time:    239.55 s
[10:52:20] iter:  447 | beta: 16.00 | change:   0.01831 | c:    196.16742 | v:   0.50000 | time:    240.08 s
[10:52:21] iter:  448 | beta: 16.00 | change:   0.01789 | c:    196.16683 | v:   0.50000 | time:    240.62 s
[10:52:21] iter:  449 | beta: 16.00 | change:   0.01861 | c:    196.16623 | v:   0.50000 | time:    241.19 s
[10:52:22] iter:  450 | beta: 16.00 | change:   0.01798 | c:    196.16569 | v:   0.50000 | time:    241.74 s
[10:52:22] iter:  451 | beta: 16.00 | change:   0.01871 | c:    196.16511 | v:   0.50000 | time:    242.26 s
[10:52:23] iter:  452 | beta: 16.00 | change:   0.01831 | c:    196.16452 | v:   0.50000 | time:    242.79 s
[10:52:23] iter:  453 | beta: 16.00 | change:   0.01866 | c:    196.16398 | v:   0.50000 | time:    243.34 s
[10:52:24] iter:  454 | beta: 16.00 | change:   0.01738 | c:    196.16342 | v:   0.50000 | time:    243.88 s
[10:52:25] iter:  455 | beta: 16.00 | change:   0.01623 | c:    196.16285 | v:   0.50000 | time:    244.43 s
[10:52:25] iter:  456 | beta: 16.00 | change:   0.01629 | c:    196.16234 | v:   0.50000 | time:    244.94 s
[10:52:26] iter:  457 | beta: 16.00 | change:   0.01630 | c:    196.16179 | v:   0.50000 | time:    245.50 s
[10:52:26] iter:  458 | beta: 16.00 | change:   0.01592 | c:    196.16122 | v:   0.50000 | time:    246.03 s
[10:52:27] iter:  459 | beta: 16.00 | change:   0.01517 | c:    196.16071 | v:   0.50000 | time:    246.56 s
[10:52:27] iter:  460 | beta: 16.00 | change:   0.01516 | c:    196.16018 | v:   0.50000 | time:    247.08 s
[10:52:28] iter:  461 | beta: 16.00 | change:   0.01535 | c:    196.15964 | v:   0.50000 | time:    247.60 s
[10:52:28] iter:  462 | beta: 16.00 | change:   0.01538 | c:    196.15916 | v:   0.50000 | time:    248.13 s
[10:52:29] iter:  463 | beta: 16.00 | change:   0.01559 | c:    196.15864 | v:   0.50000 | time:    248.65 s
[10:52:29] iter:  464 | beta: 16.00 | change:   0.01551 | c:    196.15810 | v:   0.50000 | time:    249.17 s
[10:52:30] iter:  465 | beta: 16.00 | change:   0.01585 | c:    196.15762 | v:   0.50000 | time:    249.69 s
[10:52:30] iter:  466 | beta: 16.00 | change:   0.01549 | c:    196.15713 | v:   0.50000 | time:    250.21 s
[10:52:31] iter:  467 | beta: 16.00 | change:   0.01441 | c:    196.15662 | v:   0.50000 | time:    250.73 s
[10:52:31] iter:  468 | beta: 16.00 | change:   0.01410 | c:    196.15616 | v:   0.50000 | time:    251.27 s
[10:52:32] iter:  469 | beta: 16.00 | change:   0.01418 | c:    196.15566 | v:   0.50000 | time:    251.79 s
[10:52:32] iter:  470 | beta: 16.00 | change:   0.01386 | c:    196.15515 | v:   0.50000 | time:    252.32 s
[10:52:33] iter:  471 | beta: 16.00 | change:   0.01403 | c:    196.15470 | v:   0.50000 | time:    252.84 s
[10:52:33] iter:  472 | beta: 16.00 | change:   0.01364 | c:    196.15423 | v:   0.50000 | time:    253.37 s
[10:52:34] iter:  473 | beta: 16.00 | change:   0.01354 | c:    196.15375 | v:   0.50000 | time:    253.95 s
[10:52:35] iter:  474 | beta: 16.00 | change:   0.01361 | c:    196.15331 | v:   0.50000 | time:    254.50 s
[10:52:35] iter:  475 | beta: 16.00 | change:   0.01265 | c:    196.15283 | v:   0.50000 | time:    255.03 s
[10:52:36] iter:  476 | beta: 16.00 | change:   0.01263 | c:    196.15235 | v:   0.50000 | time:    255.54 s
[10:52:36] iter:  477 | beta: 16.00 | change:   0.01271 | c:    196.15192 | v:   0.50000 | time:    256.07 s
[10:52:37] iter:  478 | beta: 16.00 | change:   0.01266 | c:    196.15147 | v:   0.50000 | time:    256.61 s
[10:52:37] iter:  479 | beta: 16.00 | change:   0.01270 | c:    196.15101 | v:   0.50000 | time:    257.14 s
[10:52:38] iter:  480 | beta: 16.00 | change:   0.01271 | c:    196.15060 | v:   0.50000 | time:    257.66 s
[10:52:38] iter:  481 | beta: 16.00 | change:   0.01277 | c:    196.15014 | v:   0.50000 | time:    258.17 s
[10:52:39] iter:  482 | beta: 16.00 | change:   0.01278 | c:    196.14968 | v:   0.50000 | time:    258.69 s
[10:52:39] iter:  483 | beta: 16.00 | change:   0.01285 | c:    196.14927 | v:   0.50000 | time:    259.21 s
[10:52:40] iter:  484 | beta: 16.00 | change:   0.01280 | c:    196.14886 | v:   0.50000 | time:    259.72 s
[10:52:40] iter:  485 | beta: 16.00 | change:   0.01290 | c:    196.14840 | v:   0.50000 | time:    260.23 s
[10:52:41] iter:  486 | beta: 16.00 | change:   0.01287 | c:    196.14801 | v:   0.50000 | time:    260.75 s
[10:52:41] iter:  487 | beta: 16.00 | change:   0.01215 | c:    196.14757 | v:   0.50000 | time:    261.27 s
[10:52:42] iter:  488 | beta: 16.00 | change:   0.01126 | c:    196.14713 | v:   0.50000 | time:    261.79 s
[10:52:42] iter:  489 | beta: 16.00 | change:   0.01113 | c:    196.14675 | v:   0.50000 | time:    262.33 s
[10:52:43] iter:  490 | beta: 16.00 | change:   0.01131 | c:    196.14635 | v:   0.50000 | time:    262.85 s
[10:52:43] iter:  491 | beta: 16.00 | change:   0.01117 | c:    196.14592 | v:   0.50000 | time:    263.36 s
[10:52:44] iter:  492 | beta: 16.00 | change:   0.01130 | c:    196.14554 | v:   0.50000 | time:    263.90 s
[10:52:45] iter:  493 | beta: 16.00 | change:   0.01123 | c:    196.14512 | v:   0.50000 | time:    264.42 s
[10:52:45] iter:  494 | beta: 16.00 | change:   0.01029 | c:    196.14471 | v:   0.50000 | time:    264.94 s
[10:52:46] iter:  495 | beta: 16.00 | change:   0.01019 | c:    196.14435 | v:   0.50000 | time:    265.46 s
[10:52:46] iter:  496 | beta: 16.00 | change:   0.01027 | c:    196.14396 | v:   0.50000 | time:    265.98 s
[10:52:47] iter:  497 | beta: 16.00 | change:   0.01029 | c:    196.14354 | v:   0.50000 | time:    266.50 s
[10:52:47] iter:  498 | beta: 16.00 | change:   0.01036 | c:    196.14319 | v:   0.50000 | time:    267.01 s
[10:52:48] iter:  499 | beta: 16.00 | change:   0.01044 | c:    196.14280 | v:   0.50000 | time:    267.54 s
[10:52:48] iter:  500 | beta: 16.00 | change:   0.01018 | c:    196.14240 | v:   0.50000 | time:    268.08 s
[Warning: Maximum iteration count reached before the change tolerance was met at beta = betaMax.] 
[> In run_mtop_mma_heaviside>solve_mtop_mma_heaviside (line 217)
In run_mtop_mma_heaviside (line 55)
In run_assignment (line 110)] 

Saved step 4 (MTOP MMA Heaviside, eta = 0.70) result data:
  C:\Users\campa\Desktop\Structural-Optimization-LUKASTIEBERT\matlab\results\mtop_mma_heaviside_eta_070.mat
  C:\Users\campa\Desktop\Structural-Optimization-LUKASTIEBERT\matlab\results\mtop_mma_heaviside_eta_070_history.csv
  C:\Users\campa\Desktop\Structural-Optimization-LUKASTIEBERT\matlab\results\mtop_mma_heaviside_eta_070_summary.txt
Saved step 4 (MTOP MMA Heaviside, eta = 0.70) figures in:
  C:\Users\campa\Desktop\Structural-Optimization-LUKASTIEBERT\matlab\figures

Step 4 (MTOP MMA Heaviside, eta = 0.70) completed.
  Iterations:           500
  Elapsed time [s]:     268.08
  Final beta:           16.0000
  MTOP compliance:      196.142402
  Fine-mesh compliance: 200.699079
  Volume fraction:      0.500000
Sensitivity verification:
  Classical (dC/drho)        max rel FD error: 5.656e-07
  MTOP      (dC/drho)        max rel FD error: 1.520e-05
  Heaviside (dC/dx full chain) max rel FD error: 2.825e-06
